author,region1,region2
MOLNÁR Ferenc: A Pál utcai fiúk,Albania,Austria
MOLNÁR Ferenc: A Pál utcai fiúk,Albania,Brasil
MESTERHÁZI Lajos: Pár lépés a határ,Albania,Bulgaria
MOLNÁR Ferenc: A Pál utcai fiúk,Albania,Bulgaria
MOLNÁR Ferenc: A Pál utcai fiúk,Albania,Colombia
NÉMETH László: Iszony,Albania,Cuba
NÉMETH László: Iszony,Albania,Czechoslovakia-cseh
MURÁNYI KOVÁCS Endre: A firenzei varázsló,Albania,Czechoslovakia-cseh
MOLNÁR Ferenc: A Pál utcai fiúk,Albania,Czechoslovakia-cseh
MESTERHÁZI Lajos: Pár lépés a határ,Albania,Czechoslovakia-szlovák
NÉMETH László: Iszony,Albania,Czechoslovakia-szlovák
MURÁNYI KOVÁCS Endre: A firenzei varázsló,Albania,Czechoslovakia-szlovák
MOLNÁR Ferenc: A Pál utcai fiúk,Albania,Czechoslovakia-szlovák
NÉMETH László: Iszony,Albania,Federal Republic of Germany
MURÁNYI KOVÁCS Endre: A firenzei varázsló,Albania,Federal Republic of Germany
MOLNÁR Ferenc: A Pál utcai fiúk,Albania,Federal Republic of Germany
NÉMETH László: Iszony,Albania,Finland
MOLNÁR Ferenc: A Pál utcai fiúk,Albania,Finland
NÉMETH László: Iszony,Albania,France
MOLNÁR Ferenc: A Pál utcai fiúk,Albania,France
MESTERHÁZI Lajos: Pár lépés a határ,Albania,GDR
NÉMETH László: Iszony,Albania,GDR
MURÁNYI KOVÁCS Endre: A firenzei varázsló,Albania,GDR
MESTERHÁZI Lajos: Pár lépés a határ,Albania,Hungary
MURÁNYI KOVÁCS Endre: A firenzei varázsló,Albania,Hungary
MOLNÁR Ferenc: A Pál utcai fiúk,Albania,Hungary
MOLNÁR Ferenc: A Pál utcai fiúk,Albania,Israel
NÉMETH László: Iszony,Albania,Italy
MOLNÁR Ferenc: A Pál utcai fiúk,Albania,Italy
MESTERHÁZI Lajos: Pár lépés a határ,Albania,Japan
NÉMETH László: Iszony,Albania,Netherlands
NÉMETH László: Iszony,Albania,Norway
NÉMETH László: Iszony,Albania,Poland
MOLNÁR Ferenc: A Pál utcai fiúk,Albania,Poland
NÉMETH László: Iszony,Albania,Romania
MOLNÁR Ferenc: A Pál utcai fiúk,Albania,Romania
NÉMETH László: Iszony,Albania,Spain
MOLNÁR Ferenc: A Pál utcai fiúk,Albania,Spain
NÉMETH László: Iszony,Albania,Sweden
MOLNÁR Ferenc: A Pál utcai fiúk,Albania,Sweden
MOLNÁR Ferenc: A Pál utcai fiúk,Albania,Turkey
NÉMETH László: Iszony,Albania,UK
NÉMETH László: Iszony,Albania,USA
MOLNÁR Ferenc: A Pál utcai fiúk,Albania,USSR-grúz
MOLNÁR Ferenc: A Pál utcai fiúk,Albania,USSR-litván
MOLNÁR Ferenc: A Pál utcai fiúk,Albania,USSR-moldva
MESTERHÁZI Lajos: Pár lépés a határ,Albania,USSR-orosz
MURÁNYI KOVÁCS Endre: A firenzei varázsló,Albania,USSR-orosz
MOLNÁR Ferenc: A Pál utcai fiúk,Albania,USSR-orosz
MOLNÁR Ferenc: A Pál utcai fiúk,Albania,USSR-ukrán
MESTERHÁZI Lajos: Pár lépés a határ,Albania,USSR-észt
NÉMETH László: Iszony,Albania,USSR-észt
MOLNÁR Ferenc: A Pál utcai fiúk,Albania,USSR-észt
MOLNÁR Ferenc: A Pál utcai fiúk,Albania,USSR-örmény
NÉMETH László: Iszony,Albania,Yugoslavia
MOLNÁR Ferenc: A Pál utcai fiúk,Albania,Yugoslavia
DÉRY Tibor: Niki,Argentina,Belgium
JÓKAI Mór: Sárga rózsa,Argentina,Bulgaria
JÓKAI Mór: Sárga rózsa,Argentina,China
JÓKAI Mór: Sárga rózsa,Argentina,Czechoslovakia-cseh
DÉRY Tibor: Niki,Argentina,Czechoslovakia-cseh
DÉRY Tibor: Niki,Argentina,Denmark
DÉRY Tibor: Niki,Argentina,Federal Republic of Germany
DÉRY Tibor: Niki,Argentina,Finland
DÉRY Tibor: Niki,Argentina,France
JÓKAI Mór: Sárga rózsa,Argentina,GDR
"KACZÉR Illés: Ne félj szolgám, Jákob",Argentina,Israel
JÓKAI Mór: Sárga rózsa,Argentina,Italy
KÖRMENDI Ferenc: Bűnösök,Argentina,Italy
DÉRY Tibor: Niki,Argentina,Italy
JÓKAI Mór: Sárga rózsa,Argentina,Mexico
KÖRMENDI Ferenc: Bűnösök,Argentina,Netherlands
DÉRY Tibor: Niki,Argentina,Norway
DÉRY Tibor: Niki,Argentina,Poland
DÉRY Tibor: Niki,Argentina,Sweden
DÉRY Tibor: Niki,Argentina,Turkey
KÖRMENDI Ferenc: Bűnösök,Argentina,UK
"KACZÉR Illés: Ne félj szolgám, Jákob",Argentina,UK
DÉRY Tibor: Niki,Argentina,UK
DÉRY Tibor: Niki,Argentina,USA
JÓKAI Mór: Sárga rózsa,Argentina,USSR-azerbajdzsán
JÓKAI Mór: Sárga rózsa,Argentina,USSR-litván
JÓKAI Mór: Sárga rózsa,Argentina,USSR-orosz
JÓKAI Mór: Sárga rózsa,Argentina,USSR-tadzsik
JÓKAI Mór: Sárga rózsa,Argentina,USSR-türkmén
JÓKAI Mór: Sárga rózsa,Argentina,USSR-ukrán
DÉRY Tibor: Niki,Argentina,Yugoslavia
HARSÁNYI Zsolt: Magyar rapszódia: Liszt életének regénye,Australia,Austria
HARSÁNYI Zsolt: Magyar rapszódia: Liszt életének regénye,Australia,Belgium
HARSÁNYI Zsolt: Magyar rapszódia: Liszt életének regénye,Australia,Brasil
MADÁCH Imre: Az ember tragédiája,Australia,Czechoslovakia-cseh
MADÁCH Imre: Az ember tragédiája,Australia,Czechoslovakia-szlovák
HARSÁNYI Zsolt: Magyar rapszódia: Liszt életének regénye,Australia,Federal Republic of Germany
HARSÁNYI Zsolt: Magyar rapszódia: Liszt életének regénye,Australia,Finland
HARSÁNYI Zsolt: Magyar rapszódia: Liszt életének regénye,Australia,France
MADÁCH Imre: Az ember tragédiája,Australia,Hungary
HARSÁNYI Zsolt: Magyar rapszódia: Liszt életének regénye,Australia,Israel
MADÁCH Imre: Az ember tragédiája,Australia,Italy
MADÁCH Imre: Az ember tragédiája,Australia,Japan
HARSÁNYI Zsolt: Magyar rapszódia: Liszt életének regénye,Australia,Netherlands
MADÁCH Imre: Az ember tragédiája,Australia,Norway
HARSÁNYI Zsolt: Magyar rapszódia: Liszt életének regénye,Australia,Norway
MADÁCH Imre: Az ember tragédiája,Australia,Poland
MADÁCH Imre: Az ember tragédiája,Australia,Romania
HARSÁNYI Zsolt: Magyar rapszódia: Liszt életének regénye,Australia,Sweden
MADÁCH Imre: Az ember tragédiája,Australia,Turkey
HARSÁNYI Zsolt: Magyar rapszódia: Liszt életének regénye,Australia,Turkey
MADÁCH Imre: Az ember tragédiája,Australia,USA
MADÁCH Imre: Az ember tragédiája,Australia,USSR-grúz
MADÁCH Imre: Az ember tragédiája,Australia,USSR-orosz
MADÁCH Imre: Az ember tragédiája,Australia,USSR-ukrán
HARSÁNYI Zsolt: Magyar rapszódia: Liszt életének regénye,Australia,Yugoslavia
HARSÁNYI Zsolt: És mégis mozog a föld,Austria,Belgium
HARSÁNYI Zsolt: Magdolna,Austria,Belgium
MIKSZÁTH Kálmán: Szent Péter esernyője,Austria,Belgium
PASSUTH László: Esőisten siratja Mexikót,Austria,Belgium
HARSÁNYI Zsolt: Magyar rapszódia: Liszt életének regénye,Austria,Belgium
GÁRDONYI Géza: Egri csillagok,Austria,Belgium
HARSÁNYI Zsolt: Élni jó. Rubens életének regénye,Austria,Belgium
HARSÁNYI Zsolt: Galgó három felesége,Austria,Belgium
PASSUTH László: Esőisten siratja Mexikót,Austria,Brasil
HARSÁNYI Zsolt: Magyar rapszódia: Liszt életének regénye,Austria,Brasil
MOLNÁR Ferenc: A Pál utcai fiúk,Austria,Brasil
ILLÉS Béla: Kárpáti rapszódia,Austria,Bulgaria
ILLÉS Béla: Szkipetárok,Austria,Bulgaria
MIKSZÁTH Kálmán: Szent Péter esernyője,Austria,Bulgaria
ÖRKÉNY István: Házastársak,Austria,Bulgaria
ZILAHY Lajos: A fegyverek visszanéznek,Austria,Bulgaria
GÁRDONYI Géza: Egri csillagok,Austria,Bulgaria
KRÚDY Gyula: A vörös postakocsi,Austria,Bulgaria
MOLNÁR Ferenc: A Pál utcai fiúk,Austria,Bulgaria
ZILAHY Lajos: A lélek kialszik,Austria,Chile
ILLÉS Béla: Kárpáti rapszódia,Austria,China
MIKSZÁTH Kálmán: Szent Péter esernyője,Austria,China
MOLNÁR Ferenc: A Pál utcai fiúk,Austria,Colombia
DÉRY Tibor: A befejezetlen mondat,Austria,Czechoslovakia-cseh
ILLÉS Béla: Kárpáti rapszódia,Austria,Czechoslovakia-cseh
ILLÉS Béla: Szkipetárok,Austria,Czechoslovakia-cseh
MIKSZÁTH Kálmán: Szent Péter esernyője,Austria,Czechoslovakia-cseh
PASSUTH László: Esőisten siratja Mexikót,Austria,Czechoslovakia-cseh
GÁRDONYI Géza: Egri csillagok,Austria,Czechoslovakia-cseh
"FEJES Endre: Jó estét nyár, jó estét szerelem",Austria,Czechoslovakia-cseh
SZÁNTÓ György: Stradivari,Austria,Czechoslovakia-cseh
ILLYÉS Gyula: Kháron ladikján,Austria,Czechoslovakia-cseh
MOLNÁR Ferenc: A Pál utcai fiúk,Austria,Czechoslovakia-cseh
BALÁZS Béla: Álmodó ifjúság,Austria,Czechoslovakia-szlovák
ILLÉS Béla: Kárpáti rapszódia,Austria,Czechoslovakia-szlovák
ILLÉS Béla: Szkipetárok,Austria,Czechoslovakia-szlovák
MIKSZÁTH Kálmán: Szent Péter esernyője,Austria,Czechoslovakia-szlovák
PASSUTH László: Esőisten siratja Mexikót,Austria,Czechoslovakia-szlovák
GÁRDONYI Géza: Egri csillagok,Austria,Czechoslovakia-szlovák
ILLYÉS Gyula: Kháron ladikján,Austria,Czechoslovakia-szlovák
MOLNÁR Ferenc: A Pál utcai fiúk,Austria,Czechoslovakia-szlovák
MÁRAI Sándor: Az igazi,Austria,Denmark
ESTERHÁZY Péter: A szív segédigéi,Austria,Denmark
BALÁZS Béla: Álmodó ifjúság,Austria,Federal Republic of Germany
DÉRY Tibor: A befejezetlen mondat,Austria,Federal Republic of Germany
HARSÁNYI Zsolt: Ecce homo,Austria,Federal Republic of Germany
HARSÁNYI Zsolt: És mégis mozog a föld,Austria,Federal Republic of Germany
HARSÁNYI Zsolt: Magdolna,Austria,Federal Republic of Germany
HARSÁNYI Zsolt: Mathias rex,Austria,Federal Republic of Germany
KOMÁROMI János: Zúg a fenyves,Austria,Federal Republic of Germany
MÁRAI Sándor: Az igazi,Austria,Federal Republic of Germany
MÁRAI Sándor: Válás Budán,Austria,Federal Republic of Germany
MÁRAI Sándor: Vendégjáték Bolzanóban,Austria,Federal Republic of Germany
VASZARY Gábor: Hárman egymás ellen,Austria,Federal Republic of Germany
HARSÁNYI Zsolt: Magyar rapszódia: Liszt életének regénye,Austria,Federal Republic of Germany
GÁRDONYI Géza: Egri csillagok,Austria,Federal Republic of Germany
KÖRMENDI Ferenc: A budapesti kaland,Austria,Federal Republic of Germany
PASSUTH László: A mantuai herceg muzsikusa,Austria,Federal Republic of Germany
SZÁSZ Imre: Felhőfejes,Austria,Federal Republic of Germany
MOLNÁR Ferenc: A Pál utcai fiúk,Austria,Federal Republic of Germany
ESTERHÁZY Péter: A szív segédigéi,Austria,Federal Republic of Germany
ESTERHÁZY Péter: Ki szavatol a lady biztonságáért?,Austria,Federal Republic of Germany
HARSÁNYI Zsolt: Élni jó. Rubens életének regénye,Austria,Federal Republic of Germany
HARSÁNYI Zsolt: Whisky szódával,Austria,Federal Republic of Germany
MÁRAI Sándor: Az igazi,Austria,Finland
ZILAHY Lajos: A fegyverek visszanéznek,Austria,Finland
ZILAHY Lajos: Valamit visz a víz,Austria,Finland
HARSÁNYI Zsolt: Magyar rapszódia: Liszt életének regénye,Austria,Finland
GÁRDONYI Géza: Egri csillagok,Austria,Finland
SZÁSZ Imre: Felhőfejes,Austria,Finland
ILLYÉS Gyula: Kháron ladikján,Austria,Finland
MOLNÁR Ferenc: A Pál utcai fiúk,Austria,Finland
HARSÁNYI Zsolt: Élni jó. Rubens életének regénye,Austria,Finland
HARSÁNYI Zsolt: Galgó három felesége,Austria,Finland
DÉRY Tibor: A befejezetlen mondat,Austria,France
HARSÁNYI Zsolt: És mégis mozog a föld,Austria,France
MÁRAI Sándor: A gyertyák csonkig égnek,Austria,France
ZILAHY Lajos: A fegyverek visszanéznek,Austria,France
ZILAHY Lajos: A lélek kialszik,Austria,France
PASSUTH László: Esőisten siratja Mexikót,Austria,France
HARSÁNYI Zsolt: Magyar rapszódia: Liszt életének regénye,Austria,France
KÖRMENDI Ferenc: A budapesti kaland,Austria,France
ZILAHY Lajos: A dühödt angyal,Austria,France
ILLYÉS Gyula: Kháron ladikján,Austria,France
MOLNÁR Ferenc: A Pál utcai fiúk,Austria,France
DÉRY Tibor: A befejezetlen mondat,Austria,GDR
ILLÉS Béla: Kárpáti rapszódia,Austria,GDR
MIKSZÁTH Kálmán: Szent Péter esernyője,Austria,GDR
ÖRKÉNY István: Házastársak,Austria,GDR
GÁRDONYI Géza: Egri csillagok,Austria,GDR
PASSUTH László: A mantuai herceg muzsikusa,Austria,GDR
PASSUTH László: Lagúnák,Austria,GDR
KRÚDY Gyula: A vörös postakocsi,Austria,GDR
ILLYÉS Gyula: Kháron ladikján,Austria,GDR
GÁRDONYI Géza: Egri csillagok,Austria,Greece
ILLÉS Béla: Kárpáti rapszódia,Austria,Hungary
MIKSZÁTH Kálmán: Szent Péter esernyője,Austria,Hungary
GÁRDONYI Géza: Egri csillagok,Austria,Hungary
KRÚDY Gyula: A vörös postakocsi,Austria,Hungary
MOLNÁR Ferenc: A Pál utcai fiúk,Austria,Hungary
FEKETE István: Lutra,Austria,Hungary
ILLÉS Béla: Kárpáti rapszódia,Austria,Israel
HARSÁNYI Zsolt: Magyar rapszódia: Liszt életének regénye,Austria,Israel
MOLNÁR Ferenc: A Pál utcai fiúk,Austria,Israel
HARSÁNYI Zsolt: És mégis mozog a föld,Austria,Italy
MIKSZÁTH Kálmán: Szent Péter esernyője,Austria,Italy
GÁRDONYI Géza: Egri csillagok,Austria,Italy
ZILAHY Lajos: A dühödt angyal,Austria,Italy
MOLNÁR Ferenc: A Pál utcai fiúk,Austria,Italy
ESTERHÁZY Péter: A szív segédigéi,Austria,Italy
HARSÁNYI Zsolt: Élni jó. Rubens életének regénye,Austria,Italy
HARSÁNYI Zsolt: És mégis mozog a föld,Austria,Japan
ZILAHY Lajos: Halálos tavasz,Austria,Japan
PASSUTH László: Esőisten siratja Mexikót,Austria,Mexico
HARSÁNYI Zsolt: És mégis mozog a föld,Austria,Netherlands
HARSÁNYI Zsolt: Magdolna,Austria,Netherlands
ILLÉS Béla: Kárpáti rapszódia,Austria,Netherlands
MIKSZÁTH Kálmán: Szent Péter esernyője,Austria,Netherlands
HARSÁNYI Zsolt: Magyar rapszódia: Liszt életének regénye,Austria,Netherlands
PASSUTH László: Fekete bársonyban,Austria,Netherlands
GÁRDONYI Géza: Egri csillagok,Austria,Netherlands
HARSÁNYI Zsolt: Élni jó. Rubens életének regénye,Austria,Netherlands
HARSÁNYI Zsolt: Életre-halálra,Austria,Netherlands
HARSÁNYI Zsolt: Whisky szódával,Austria,Netherlands
HARSÁNYI Zsolt: Magyar rapszódia: Liszt életének regénye,Austria,Norway
HÁY Gyula: A sevcsenkoi hullámvadász,Austria,Poland
ILLÉS Béla: Kárpáti rapszódia,Austria,Poland
ILLÉS Béla: Szkipetárok,Austria,Poland
MIKSZÁTH Kálmán: Szent Péter esernyője,Austria,Poland
GÁRDONYI Géza: Egri csillagok,Austria,Poland
PASSUTH László: Lagúnák,Austria,Poland
"FEJES Endre: Jó estét nyár, jó estét szerelem",Austria,Poland
SZÁNTÓ György: Stradivari,Austria,Poland
G. SZABÓ Judit: A macskát visszafelé simogatják,Austria,Poland
SZÁSZ Imre: Felhőfejes,Austria,Poland
ILLYÉS Gyula: Kháron ladikján,Austria,Poland
MOLNÁR Ferenc: A Pál utcai fiúk,Austria,Poland
ILLÉS Béla: Kárpáti rapszódia,Austria,Romania
MIKSZÁTH Kálmán: Szent Péter esernyője,Austria,Romania
ÖRKÉNY István: Házastársak,Austria,Romania
GÁRDONYI Géza: Egri csillagok,Austria,Romania
PASSUTH László: A mantuai herceg muzsikusa,Austria,Romania
SZÁNTÓ György: Stradivari,Austria,Romania
MIKES Kelemen: Törökországi levelek,Austria,Romania
MOLNÁR Ferenc: A Pál utcai fiúk,Austria,Romania
HARSÁNYI Zsolt: Magdolna,Austria,Spain
MÁRAI Sándor: A gyertyák csonkig égnek,Austria,Spain
MÁRAI Sándor: Az igazi,Austria,Spain
MÁRAI Sándor: Vendégjáték Bolzanóban,Austria,Spain
MIKSZÁTH Kálmán: Szent Péter esernyője,Austria,Spain
ZILAHY Lajos: A fegyverek visszanéznek,Austria,Spain
ZILAHY Lajos: A lélek kialszik,Austria,Spain
ZILAHY Lajos: Csöndes élet,Austria,Spain
ZILAHY Lajos: Valamit visz a víz,Austria,Spain
PASSUTH László: Esőisten siratja Mexikót,Austria,Spain
MÁRAI Sándor: A nővér,Austria,Spain
PASSUTH László: Fekete bársonyban,Austria,Spain
ZILAHY Lajos: Halálos tavasz,Austria,Spain
ZILAHY Lajos: Két fogoly,Austria,Spain
PASSUTH László: A mantuai herceg muzsikusa,Austria,Spain
ZILAHY Lajos: A dühödt angyal,Austria,Spain
PASSUTH László: A bíborban született,Austria,Spain
PASSUTH László: Lagúnák,Austria,Spain
MOLNÁR Ferenc: A Pál utcai fiúk,Austria,Spain
HARSÁNYI Zsolt: Whisky szódával,Austria,Spain
HARSÁNYI Zsolt: Magyar rapszódia: Liszt életének regénye,Austria,Sweden
ILLYÉS Gyula: Kháron ladikján,Austria,Sweden
MOLNÁR Ferenc: A Pál utcai fiúk,Austria,Sweden
ESTERHÁZY Péter: A szív segédigéi,Austria,Sweden
HARSÁNYI Zsolt: Galgó három felesége,Austria,Sweden
BALÁZS Béla: Álmodó ifjúság,Austria,Switzerland
HARSÁNYI Zsolt: És mégis mozog a föld,Austria,Switzerland
MÁRAI Sándor: Válás Budán,Austria,Switzerland
MIKSZÁTH Kálmán: Szent Péter esernyője,Austria,Switzerland
ZILAHY Lajos: A dühödt angyal,Austria,Switzerland
HARSÁNYI Zsolt: Magyar rapszódia: Liszt életének regénye,Austria,Turkey
ZILAHY Lajos: Két fogoly,Austria,Turkey
MOLNÁR Ferenc: A Pál utcai fiúk,Austria,Turkey
ILLÉS Béla: Szkipetárok,Austria,UK
MIKSZÁTH Kálmán: Szent Péter esernyője,Austria,UK
PASSUTH László: Esőisten siratja Mexikót,Austria,UK
ZILAHY Lajos: A dühödt angyal,Austria,UK
PASSUTH László: Esőisten siratja Mexikót,Austria,USA
ZILAHY Lajos: Két fogoly,Austria,USA
ZILAHY Lajos: A dühödt angyal,Austria,USA
MIKSZÁTH Kálmán: Szent Péter esernyője,Austria,USSR-grúz
MOLNÁR Ferenc: A Pál utcai fiúk,Austria,USSR-grúz
MIKSZÁTH Kálmán: Szent Péter esernyője,Austria,USSR-kazah
ILLÉS Béla: Kárpáti rapszódia,Austria,USSR-lett
MIKSZÁTH Kálmán: Szent Péter esernyője,Austria,USSR-lett
ILLÉS Béla: Kárpáti rapszódia,Austria,USSR-litván
GÁRDONYI Géza: Egri csillagok,Austria,USSR-litván
MOLNÁR Ferenc: A Pál utcai fiúk,Austria,USSR-litván
MOLNÁR Ferenc: A Pál utcai fiúk,Austria,USSR-moldva
ILLÉS Béla: Kárpáti rapszódia,Austria,USSR-orosz
MIKSZÁTH Kálmán: Szent Péter esernyője,Austria,USSR-orosz
GÁRDONYI Géza: Egri csillagok,Austria,USSR-orosz
MOLNÁR Ferenc: A Pál utcai fiúk,Austria,USSR-orosz
ILLÉS Béla: Kárpáti rapszódia,Austria,USSR-ukrán
MIKSZÁTH Kálmán: Szent Péter esernyője,Austria,USSR-ukrán
GÁRDONYI Géza: Egri csillagok,Austria,USSR-ukrán
MOLNÁR Ferenc: A Pál utcai fiúk,Austria,USSR-ukrán
MIKSZÁTH Kálmán: Szent Péter esernyője,Austria,USSR-észt
GÁRDONYI Géza: Egri csillagok,Austria,USSR-észt
MOLNÁR Ferenc: A Pál utcai fiúk,Austria,USSR-észt
MOLNÁR Ferenc: A Pál utcai fiúk,Austria,USSR-örmény
ILLÉS Béla: Kárpáti rapszódia,Austria,USSR-üzbég
GÁRDONYI Géza: Egri csillagok,Austria,Vietnam
DÉRY Tibor: A befejezetlen mondat,Austria,Yugoslavia
HARSÁNYI Zsolt: És mégis mozog a föld,Austria,Yugoslavia
ILLÉS Béla: Kárpáti rapszódia,Austria,Yugoslavia
MIKSZÁTH Kálmán: Szent Péter esernyője,Austria,Yugoslavia
ZILAHY Lajos: A fegyverek visszanéznek,Austria,Yugoslavia
ZILAHY Lajos: A lélek kialszik,Austria,Yugoslavia
ZILAHY Lajos: Valamit visz a víz,Austria,Yugoslavia
PASSUTH László: Esőisten siratja Mexikót,Austria,Yugoslavia
HARSÁNYI Zsolt: Magyar rapszódia: Liszt életének regénye,Austria,Yugoslavia
ZILAHY Lajos: Halálos tavasz,Austria,Yugoslavia
ZILAHY Lajos: Két fogoly,Austria,Yugoslavia
GÁRDONYI Géza: Egri csillagok,Austria,Yugoslavia
ZILAHY Lajos: A dühödt angyal,Austria,Yugoslavia
G. SZABÓ Judit: A macskát visszafelé simogatják,Austria,Yugoslavia
MOLNÁR Ferenc: A Pál utcai fiúk,Austria,Yugoslavia
ESTERHÁZY Péter: A szív segédigéi,Austria,Yugoslavia
PASSUTH László: Esőisten siratja Mexikót,Belgium,Brasil
HARSÁNYI Zsolt: Magyar rapszódia: Liszt életének regénye,Belgium,Brasil
MIKSZÁTH Kálmán: Szent Péter esernyője,Belgium,Bulgaria
SÁNTA Ferenc: Az ötödik pecsét,Belgium,Bulgaria
GÁRDONYI Géza: Egri csillagok,Belgium,Bulgaria
MIKSZÁTH Kálmán: Különös házasság,Belgium,Bulgaria
MIKSZÁTH Kálmán: Szent Péter esernyője,Belgium,China
GÁRDONYI Géza: A láthatatlan ember,Belgium,Cuba
MIKSZÁTH Kálmán: Beszterce ostroma,Belgium,Czechoslovakia-cseh
PASSUTH László: Esőisten siratja Mexikót,Belgium,Czechoslovakia-cseh
MIKSZÁTH Kálmán: Szent Péter esernyője,Belgium,Czechoslovakia-cseh
DÉRY Tibor: Niki,Belgium,Czechoslovakia-cseh
FEJES Endre: Rozsdatemető,Belgium,Czechoslovakia-cseh
GÁRDONYI Géza: A láthatatlan ember,Belgium,Czechoslovakia-cseh
SÁNTA Ferenc: Az ötödik pecsét,Belgium,Czechoslovakia-cseh
GÁRDONYI Géza: Egri csillagok,Belgium,Czechoslovakia-cseh
MIKSZÁTH Kálmán: Különös házasság,Belgium,Czechoslovakia-cseh
MIKSZÁTH Kálmán: Beszterce ostroma,Belgium,Czechoslovakia-szlovák
PASSUTH László: Esőisten siratja Mexikót,Belgium,Czechoslovakia-szlovák
FÖLDES Jolán: A halászó macska uccája,Belgium,Czechoslovakia-szlovák
MIKSZÁTH Kálmán: Szent Péter esernyője,Belgium,Czechoslovakia-szlovák
FEJES Endre: Rozsdatemető,Belgium,Czechoslovakia-szlovák
SÁNTA Ferenc: Az ötödik pecsét,Belgium,Czechoslovakia-szlovák
GÁRDONYI Géza: Egri csillagok,Belgium,Czechoslovakia-szlovák
MIKSZÁTH Kálmán: Különös házasság,Belgium,Czechoslovakia-szlovák
DÉRY Tibor: Niki,Belgium,Denmark
HARSÁNYI Zsolt: És mégis mozog a föld,Belgium,Federal Republic of Germany
HARSÁNYI Zsolt: Magdolna,Belgium,Federal Republic of Germany
JUST Béla: Allegro barbaro,Belgium,Federal Republic of Germany
KÖRMENDI Ferenc: A boldog emberöltő,Belgium,Federal Republic of Germany
MIKSZÁTH Kálmán: A szelistyei asszonyok,Belgium,Federal Republic of Germany
JUST Béla: Az eszelősök,Belgium,Federal Republic of Germany
JUST Béla: Gortstrasse harmadik emelet (?),Belgium,Federal Republic of Germany
DÉRY Tibor: Niki,Belgium,Federal Republic of Germany
FEJES Endre: Rozsdatemető,Belgium,Federal Republic of Germany
GÁRDONYI Géza: A láthatatlan ember,Belgium,Federal Republic of Germany
KARDOS G. György: Avraham Bogatir hét napja,Belgium,Federal Republic of Germany
GÁRDONYI Géza: Egri csillagok,Belgium,Federal Republic of Germany
HARSÁNYI Zsolt: Élni jó. Rubens életének regénye,Belgium,Federal Republic of Germany
HARSÁNYI Zsolt: Magyar rapszódia: Liszt életének regénye,Belgium,Federal Republic of Germany
HARSÁNYI Zsolt: Galgó három felesége,Belgium,Finland
DÉRY Tibor: Niki,Belgium,Finland
FEJES Endre: Rozsdatemető,Belgium,Finland
GÁRDONYI Géza: Egri csillagok,Belgium,Finland
HARSÁNYI Zsolt: Élni jó. Rubens életének regénye,Belgium,Finland
HARSÁNYI Zsolt: Magyar rapszódia: Liszt életének regénye,Belgium,Finland
HARSÁNYI Zsolt: És mégis mozog a föld,Belgium,France
JUST Béla: Allegro barbaro,Belgium,France
JUST Béla: Az eszelősök,Belgium,France
PASSUTH László: Esőisten siratja Mexikót,Belgium,France
FÖLDES Jolán: A halászó macska uccája,Belgium,France
DÉRY Tibor: Niki,Belgium,France
FEJES Endre: Rozsdatemető,Belgium,France
KARDOS G. György: Avraham Bogatir hét napja,Belgium,France
SÁNTA Ferenc: Az ötödik pecsét,Belgium,France
HARSÁNYI Zsolt: Magyar rapszódia: Liszt életének regénye,Belgium,France
MIKSZÁTH Kálmán: Beszterce ostroma,Belgium,GDR
MIKSZÁTH Kálmán: Szent Péter esernyője,Belgium,GDR
FEJES Endre: Rozsdatemető,Belgium,GDR
GÁRDONYI Géza: A láthatatlan ember,Belgium,GDR
KARDOS G. György: Avraham Bogatir hét napja,Belgium,GDR
SÁNTA Ferenc: Az ötödik pecsét,Belgium,GDR
GÁRDONYI Géza: Egri csillagok,Belgium,GDR
MIKSZÁTH Kálmán: Különös házasság,Belgium,GDR
GÁRDONYI Géza: Egri csillagok,Belgium,Greece
MIKSZÁTH Kálmán: Beszterce ostroma,Belgium,Hungary
"MIKSZÁTH Kálmán: Prakovszky, a siket kovács",Belgium,Hungary
MIKSZÁTH Kálmán: Szent Péter esernyője,Belgium,Hungary
GÁRDONYI Géza: A láthatatlan ember,Belgium,Hungary
SÁNTA Ferenc: Az ötödik pecsét,Belgium,Hungary
GÁRDONYI Géza: Egri csillagok,Belgium,Hungary
MIKSZÁTH Kálmán: Különös házasság,Belgium,Hungary
GÁRDONYI Géza: A láthatatlan ember,Belgium,Israel
KARDOS G. György: Avraham Bogatir hét napja,Belgium,Israel
HARSÁNYI Zsolt: Magyar rapszódia: Liszt életének regénye,Belgium,Israel
HARSÁNYI Zsolt: És mégis mozog a föld,Belgium,Italy
"MIKSZÁTH Kálmán: Prakovszky, a siket kovács",Belgium,Italy
JUST Béla: Az eszelősök,Belgium,Italy
MIKSZÁTH Kálmán: Szent Péter esernyője,Belgium,Italy
DÉRY Tibor: Niki,Belgium,Italy
FEJES Endre: Rozsdatemető,Belgium,Italy
KARDOS G. György: Avraham Bogatir hét napja,Belgium,Italy
GÁRDONYI Géza: Egri csillagok,Belgium,Italy
HARSÁNYI Zsolt: Élni jó. Rubens életének regénye,Belgium,Italy
HARSÁNYI Zsolt: És mégis mozog a föld,Belgium,Japan
PASSUTH László: Esőisten siratja Mexikót,Belgium,Mexico
HARSÁNYI Zsolt: És mégis mozog a föld,Belgium,Netherlands
HARSÁNYI Zsolt: Magdolna,Belgium,Netherlands
FÖLDES Jolán: A halászó macska uccája,Belgium,Netherlands
JUST Béla: Gortstrasse harmadik emelet (?),Belgium,Netherlands
MIKSZÁTH Kálmán: Szent Péter esernyője,Belgium,Netherlands
GÁRDONYI Géza: Egri csillagok,Belgium,Netherlands
HARSÁNYI Zsolt: Élni jó. Rubens életének regénye,Belgium,Netherlands
HARSÁNYI Zsolt: Magyar rapszódia: Liszt életének regénye,Belgium,Netherlands
DÉRY Tibor: Niki,Belgium,Norway
KARDOS G. György: Avraham Bogatir hét napja,Belgium,Norway
HARSÁNYI Zsolt: Magyar rapszódia: Liszt életének regénye,Belgium,Norway
MIKSZÁTH Kálmán: Beszterce ostroma,Belgium,Poland
JUST Béla: Az eszelősök,Belgium,Poland
FÖLDES Jolán: A halászó macska uccája,Belgium,Poland
MIKSZÁTH Kálmán: Szent Péter esernyője,Belgium,Poland
DÉRY Tibor: Niki,Belgium,Poland
FEJES Endre: Rozsdatemető,Belgium,Poland
GÁRDONYI Géza: A láthatatlan ember,Belgium,Poland
SÁNTA Ferenc: Az ötödik pecsét,Belgium,Poland
GÁRDONYI Géza: Egri csillagok,Belgium,Poland
MIKSZÁTH Kálmán: Különös házasság,Belgium,Poland
FÖLDES Jolán: A halászó macska uccája,Belgium,Portugal
MIKSZÁTH Kálmán: A szelistyei asszonyok,Belgium,Romania
MIKSZÁTH Kálmán: Szent Péter esernyője,Belgium,Romania
FEJES Endre: Rozsdatemető,Belgium,Romania
SÁNTA Ferenc: Az ötödik pecsét,Belgium,Romania
GÁRDONYI Géza: Egri csillagok,Belgium,Romania
MIKSZÁTH Kálmán: Különös házasság,Belgium,Romania
HARSÁNYI Zsolt: Magdolna,Belgium,Spain
KÖRMENDI Ferenc: A boldog emberöltő,Belgium,Spain
PASSUTH László: Esőisten siratja Mexikót,Belgium,Spain
MIKSZÁTH Kálmán: Szent Péter esernyője,Belgium,Spain
FEJES Endre: Rozsdatemető,Belgium,Spain
HARSÁNYI Zsolt: Galgó három felesége,Belgium,Sweden
DÉRY Tibor: Niki,Belgium,Sweden
KARDOS G. György: Avraham Bogatir hét napja,Belgium,Sweden
HARSÁNYI Zsolt: Magyar rapszódia: Liszt életének regénye,Belgium,Sweden
HARSÁNYI Zsolt: És mégis mozog a föld,Belgium,Switzerland
MIKSZÁTH Kálmán: Szent Péter esernyője,Belgium,Switzerland
DÉRY Tibor: Niki,Belgium,Turkey
GÁRDONYI Géza: A láthatatlan ember,Belgium,Turkey
HARSÁNYI Zsolt: Magyar rapszódia: Liszt életének regénye,Belgium,Turkey
PASSUTH László: Esőisten siratja Mexikót,Belgium,UK
MIKSZÁTH Kálmán: Szent Péter esernyője,Belgium,UK
DÉRY Tibor: Niki,Belgium,UK
GÁRDONYI Géza: A láthatatlan ember,Belgium,UK
PASSUTH László: Esőisten siratja Mexikót,Belgium,USA
DÉRY Tibor: Niki,Belgium,USA
FEJES Endre: Rozsdatemető,Belgium,USA
KARDOS G. György: Avraham Bogatir hét napja,Belgium,USA
MIKSZÁTH Kálmán: Beszterce ostroma,Belgium,USSR-grúz
MIKSZÁTH Kálmán: Szent Péter esernyője,Belgium,USSR-grúz
MIKSZÁTH Kálmán: Szent Péter esernyője,Belgium,USSR-kazah
MIKSZÁTH Kálmán: Különös házasság,Belgium,USSR-kazah
MIKSZÁTH Kálmán: Szent Péter esernyője,Belgium,USSR-lett
FEJES Endre: Rozsdatemető,Belgium,USSR-lett
MIKSZÁTH Kálmán: Különös házasság,Belgium,USSR-lett
FEJES Endre: Rozsdatemető,Belgium,USSR-litván
GÁRDONYI Géza: Egri csillagok,Belgium,USSR-litván
MIKSZÁTH Kálmán: Különös házasság,Belgium,USSR-litván
SÁNTA Ferenc: Az ötödik pecsét,Belgium,USSR-moldva
MIKSZÁTH Kálmán: Beszterce ostroma,Belgium,USSR-orosz
MIKSZÁTH Kálmán: Szent Péter esernyője,Belgium,USSR-orosz
FEJES Endre: Rozsdatemető,Belgium,USSR-orosz
GÁRDONYI Géza: Egri csillagok,Belgium,USSR-orosz
MIKSZÁTH Kálmán: Különös házasság,Belgium,USSR-orosz
SÁNTA Ferenc: Az ötödik pecsét,Belgium,USSR-türkmén
MIKSZÁTH Kálmán: Szent Péter esernyője,Belgium,USSR-ukrán
GÁRDONYI Géza: Egri csillagok,Belgium,USSR-ukrán
MIKSZÁTH Kálmán: Különös házasság,Belgium,USSR-ukrán
MIKSZÁTH Kálmán: Szent Péter esernyője,Belgium,USSR-észt
FEJES Endre: Rozsdatemető,Belgium,USSR-észt
GÁRDONYI Géza: A láthatatlan ember,Belgium,USSR-észt
GÁRDONYI Géza: Egri csillagok,Belgium,USSR-észt
SÁNTA Ferenc: Az ötödik pecsét,Belgium,USSR-örmény
MIKSZÁTH Kálmán: Különös házasság,Belgium,USSR-üzbég
GÁRDONYI Géza: Egri csillagok,Belgium,Vietnam
HARSÁNYI Zsolt: És mégis mozog a föld,Belgium,Yugoslavia
MIKSZÁTH Kálmán: Beszterce ostroma,Belgium,Yugoslavia
PASSUTH László: Esőisten siratja Mexikót,Belgium,Yugoslavia
MIKSZÁTH Kálmán: Szent Péter esernyője,Belgium,Yugoslavia
DÉRY Tibor: Niki,Belgium,Yugoslavia
FEJES Endre: Rozsdatemető,Belgium,Yugoslavia
GÁRDONYI Géza: A láthatatlan ember,Belgium,Yugoslavia
KARDOS G. György: Avraham Bogatir hét napja,Belgium,Yugoslavia
GÁRDONYI Géza: Egri csillagok,Belgium,Yugoslavia
MIKSZÁTH Kálmán: Különös házasság,Belgium,Yugoslavia
HARSÁNYI Zsolt: Magyar rapszódia: Liszt életének regénye,Belgium,Yugoslavia
MOLNÁR Ferenc: A Pál utcai fiúk,Brasil,Bulgaria
MÓRICZ Zsigmond: Árvácska,Brasil,China
MOLNÁR Ferenc: A Pál utcai fiúk,Brasil,Colombia
MOLNÁR Ferenc: A Pál utcai fiúk,Brasil,Czechoslovakia-cseh
MÓRICZ Zsigmond: Árvácska,Brasil,Czechoslovakia-cseh
PASSUTH László: Esőisten siratja Mexikót,Brasil,Czechoslovakia-cseh
MOLNÁR Ferenc: A Pál utcai fiúk,Brasil,Czechoslovakia-szlovák
MÓRICZ Zsigmond: Árvácska,Brasil,Czechoslovakia-szlovák
PASSUTH László: Esőisten siratja Mexikót,Brasil,Czechoslovakia-szlovák
MOLNÁR Ferenc: A Pál utcai fiúk,Brasil,Federal Republic of Germany
HARSÁNYI Zsolt: Magyar rapszódia: Liszt életének regénye,Brasil,Federal Republic of Germany
MOLNÁR Ferenc: A Pál utcai fiúk,Brasil,Finland
HARSÁNYI Zsolt: Magyar rapszódia: Liszt életének regénye,Brasil,Finland
MOLNÁR Ferenc: A Pál utcai fiúk,Brasil,France
PASSUTH László: Esőisten siratja Mexikót,Brasil,France
HARSÁNYI Zsolt: Magyar rapszódia: Liszt életének regénye,Brasil,France
MOLNÁR Ferenc: A Pál utcai fiúk,Brasil,Hungary
MOLNÁR Ferenc: A Pál utcai fiúk,Brasil,Israel
HARSÁNYI Zsolt: Magyar rapszódia: Liszt életének regénye,Brasil,Israel
KÖRMENDI Ferenc: Napfogyatkozás,Brasil,Italy
MOLNÁR Ferenc: A Pál utcai fiúk,Brasil,Italy
PASSUTH László: Esőisten siratja Mexikót,Brasil,Mexico
HARSÁNYI Zsolt: Magyar rapszódia: Liszt életének regénye,Brasil,Netherlands
HARSÁNYI Zsolt: Magyar rapszódia: Liszt életének regénye,Brasil,Norway
MOLNÁR Ferenc: A Pál utcai fiúk,Brasil,Poland
MOLNÁR Ferenc: A Pál utcai fiúk,Brasil,Romania
MOLNÁR Ferenc: A Pál utcai fiúk,Brasil,Spain
PASSUTH László: Esőisten siratja Mexikót,Brasil,Spain
MOLNÁR Ferenc: A Pál utcai fiúk,Brasil,Sweden
HARSÁNYI Zsolt: Magyar rapszódia: Liszt életének regénye,Brasil,Sweden
MÓRICZ Zsigmond: Árvácska,Brasil,Switzerland
MOLNÁR Ferenc: A Pál utcai fiúk,Brasil,Turkey
HARSÁNYI Zsolt: Magyar rapszódia: Liszt életének regénye,Brasil,Turkey
PASSUTH László: Esőisten siratja Mexikót,Brasil,UK
KÖRMENDI Ferenc: Napfogyatkozás,Brasil,USA
PASSUTH László: Esőisten siratja Mexikót,Brasil,USA
MOLNÁR Ferenc: A Pál utcai fiúk,Brasil,USSR-grúz
MOLNÁR Ferenc: A Pál utcai fiúk,Brasil,USSR-litván
MOLNÁR Ferenc: A Pál utcai fiúk,Brasil,USSR-moldva
MOLNÁR Ferenc: A Pál utcai fiúk,Brasil,USSR-orosz
MOLNÁR Ferenc: A Pál utcai fiúk,Brasil,USSR-ukrán
MOLNÁR Ferenc: A Pál utcai fiúk,Brasil,USSR-észt
MOLNÁR Ferenc: A Pál utcai fiúk,Brasil,USSR-örmény
MOLNÁR Ferenc: A Pál utcai fiúk,Brasil,Yugoslavia
PASSUTH László: Esőisten siratja Mexikót,Brasil,Yugoslavia
HARSÁNYI Zsolt: Magyar rapszódia: Liszt életének regénye,Brasil,Yugoslavia
ILLÉS Béla: Fegyvert s vitézt éneklek,Bulgaria,Chile
ACZÉL Tamás: A szabadság árnyékában,Bulgaria,China
ILLÉS Béla: Kárpáti rapszódia,Bulgaria,China
PETŐFI Sándor: János vitéz,Bulgaria,China
SZABÓ Pál: Talpalatnyi föld,Bulgaria,China
VERES Péter: Próbatétel,Bulgaria,China
ILLÉS Béla: Ég a Tisza,Bulgaria,China
MIKSZÁTH Kálmán: Szent Péter esernyője,Bulgaria,China
PETŐFI Sándor: Az apostol,Bulgaria,China
JÓKAI Mór: Sárga rózsa,Bulgaria,China
JÓKAI Mór: Egy magyar nábob,Bulgaria,China
MOLNÁR Ferenc: A Pál utcai fiúk,Bulgaria,Colombia
KARINTHY Ferenc: Epepe,Bulgaria,Cuba
KARINTHY Ferenc: Budapesti tavasz,Bulgaria,Cuba
ACZÉL Tamás: A szabadság árnyékában,Bulgaria,Czechoslovakia-cseh
ACZÉL Tamás: Vihar és napsütés,Bulgaria,Czechoslovakia-cseh
ILLÉS Béla: Kárpáti rapszódia,Bulgaria,Czechoslovakia-cseh
ILLÉS Béla: Szkipetárok,Bulgaria,Czechoslovakia-cseh
ILLYÉS Gyula: Puszták népe,Bulgaria,Czechoslovakia-cseh
MOLNÁR Ferenc: A Pál utcai fiúk,Bulgaria,Czechoslovakia-cseh
MÓRICZ Zsigmond: A boldog ember,Bulgaria,Czechoslovakia-cseh
MÓRICZ Zsigmond: Rokonok,Bulgaria,Czechoslovakia-cseh
PETŐFI Sándor: János vitéz,Bulgaria,Czechoslovakia-cseh
SZABÓ Pál: Talpalatnyi föld,Bulgaria,Czechoslovakia-cseh
VERES Péter: Próbatétel,Bulgaria,Czechoslovakia-cseh
SZABÓ Pál: Isten malmai,Bulgaria,Czechoslovakia-cseh
MÓRICZ Zsigmond: Légy jó mindhalálig,Bulgaria,Czechoslovakia-cseh
BERKESI András: Októberi vihar,Bulgaria,Czechoslovakia-cseh
GÁRDONYI Géza: Egri csillagok,Bulgaria,Czechoslovakia-cseh
ILLÉS Béla: Ég a Tisza,Bulgaria,Czechoslovakia-cseh
ILLYÉS Gyula: Petőfi,Bulgaria,Czechoslovakia-cseh
MIKSZÁTH Kálmán: A Noszty fiú esete Tóth Marival,Bulgaria,Czechoslovakia-cseh
MIKSZÁTH Kálmán: Különös házasság,Bulgaria,Czechoslovakia-cseh
SÓS György: Pettyes kalandjai,Bulgaria,Czechoslovakia-cseh
ILLÉS Béla: Fegyvert s vitézt éneklek,Bulgaria,Czechoslovakia-cseh
SZABÓ Magda: Mondják meg Zsófikának,Bulgaria,Czechoslovakia-cseh
MIKSZÁTH Kálmán: Szent Péter esernyője,Bulgaria,Czechoslovakia-cseh
BERKESI András−KARDOS György: Kopjások,Bulgaria,Czechoslovakia-cseh
FEKETE Gyula: Az orvos halála,Bulgaria,Czechoslovakia-cseh
ZALKA Miklós: Aknamező,Bulgaria,Czechoslovakia-cseh
JÓKAI Mór: A kőszívű ember fiai,Bulgaria,Czechoslovakia-cseh
JÓKAI Mór: Sárga rózsa,Bulgaria,Czechoslovakia-cseh
KOSZTOLÁNYI Dezső: Pacsirta,Bulgaria,Czechoslovakia-cseh
SOMOGYI TÓTH Sándor: Gyerektükör,Bulgaria,Czechoslovakia-cseh
SZABÓ Magda: Freskó,Bulgaria,Czechoslovakia-cseh
SZABÓ Magda: Régimódi történet,Bulgaria,Czechoslovakia-cseh
BERTHA Bulcsu: A kenguru,Bulgaria,Czechoslovakia-cseh
JÓKAI Mór: Fekete gyémántok,Bulgaria,Czechoslovakia-cseh
KARINTHY Ferenc: Epepe,Bulgaria,Czechoslovakia-cseh
SÁNTA Ferenc: Az ötödik pecsét,Bulgaria,Czechoslovakia-cseh
NÉMETH László: Gyász,Bulgaria,Czechoslovakia-cseh
"Bogáti Péter: Az utolsó ember; avagy, C. Robinson különös története",Bulgaria,Czechoslovakia-cseh
SZABÓ Magda: Álarcosbál,Bulgaria,Czechoslovakia-cseh
KERTÉSZ Ákos: Makra,Bulgaria,Czechoslovakia-cseh
CSUKÁS István: Keménykalap és krumpliorr,Bulgaria,Czechoslovakia-cseh
CSERES Tibor: Hideg napok,Bulgaria,Czechoslovakia-cseh
BERKESI András: Sellő a pecsétgyűrűn,Bulgaria,Czechoslovakia-cseh
NAGY Lajos: Pincenapló,Bulgaria,Czechoslovakia-cseh
BETLEN Oszkár: Élet a halál földjén,Bulgaria,Czechoslovakia-cseh
JÓKAI Anna: Tartozik és követel,Bulgaria,Czechoslovakia-cseh
DARVAS József: Város az ingoványon,Bulgaria,Czechoslovakia-cseh
KARINTHY Ferenc: Budapesti tavasz,Bulgaria,Czechoslovakia-cseh
SZAMOS Rudolf: Kántor nyomoz,Bulgaria,Czechoslovakia-cseh
TATAY Sándor: Puskák és galambok,Bulgaria,Czechoslovakia-cseh
ACZÉL Tamás: A szabadság árnyékában,Bulgaria,Czechoslovakia-szlovák
ACZÉL Tamás: Vihar és napsütés,Bulgaria,Czechoslovakia-szlovák
GODA Gábor: Farkasok között,Bulgaria,Czechoslovakia-szlovák
ILLÉS Béla: Kárpáti rapszódia,Bulgaria,Czechoslovakia-szlovák
ILLÉS Béla: Szkipetárok,Bulgaria,Czechoslovakia-szlovák
JÓKAI Mór: Az arany ember,Bulgaria,Czechoslovakia-szlovák
MOLNÁR Ferenc: A Pál utcai fiúk,Bulgaria,Czechoslovakia-szlovák
MÓRICZ Zsigmond: A boldog ember,Bulgaria,Czechoslovakia-szlovák
MÓRICZ Zsigmond: Rokonok,Bulgaria,Czechoslovakia-szlovák
RIDEG Sándor: Tűzpróba,Bulgaria,Czechoslovakia-szlovák
SZABÓ Pál: Talpalatnyi föld,Bulgaria,Czechoslovakia-szlovák
VERES Péter: Próbatétel,Bulgaria,Czechoslovakia-szlovák
SZABÓ Pál: Isten malmai,Bulgaria,Czechoslovakia-szlovák
MÓRICZ Zsigmond: Légy jó mindhalálig,Bulgaria,Czechoslovakia-szlovák
GÁRDONYI Géza: Egri csillagok,Bulgaria,Czechoslovakia-szlovák
MIKSZÁTH Kálmán: A Noszty fiú esete Tóth Marival,Bulgaria,Czechoslovakia-szlovák
MIKSZÁTH Kálmán: Különös házasság,Bulgaria,Czechoslovakia-szlovák
ILLÉS Béla: Fegyvert s vitézt éneklek,Bulgaria,Czechoslovakia-szlovák
MESTERHÁZI Lajos: Pár lépés a határ,Bulgaria,Czechoslovakia-szlovák
SZABÓ Magda: Mondják meg Zsófikának,Bulgaria,Czechoslovakia-szlovák
GERGELY Márta: Szöszi,Bulgaria,Czechoslovakia-szlovák
MIKSZÁTH Kálmán: Szent Péter esernyője,Bulgaria,Czechoslovakia-szlovák
SZÁVA István: A szirakuzai óriás,Bulgaria,Czechoslovakia-szlovák
SÁNTA Ferenc: Húsz óra,Bulgaria,Czechoslovakia-szlovák
FEKETE Gyula: Az orvos halála,Bulgaria,Czechoslovakia-szlovák
PETŐFI Sándor: Az apostol,Bulgaria,Czechoslovakia-szlovák
JÓKAI Mór: A kőszívű ember fiai,Bulgaria,Czechoslovakia-szlovák
KOSZTOLÁNYI Dezső: Édes Anna,Bulgaria,Czechoslovakia-szlovák
BERKESI András: A 13. ügynök,Bulgaria,Czechoslovakia-szlovák
GÁL György Sándor: Liszt Ferenc életének regénye,Bulgaria,Czechoslovakia-szlovák
KOSZTOLÁNYI Dezső: Pacsirta,Bulgaria,Czechoslovakia-szlovák
SOMOGYI TÓTH Sándor: Gyerektükör,Bulgaria,Czechoslovakia-szlovák
SÜTŐ András: Anyám könnyű álmot ígér,Bulgaria,Czechoslovakia-szlovák
BÓKAY János: Bohémek és pillangók: Puccini életregénye,Bulgaria,Czechoslovakia-szlovák
FEKETE István: Tüskevár,Bulgaria,Czechoslovakia-szlovák
BERTHA Bulcsu: A kenguru,Bulgaria,Czechoslovakia-szlovák
JÓKAI Mór: Fekete gyémántok,Bulgaria,Czechoslovakia-szlovák
SÁNTA Ferenc: Az ötödik pecsét,Bulgaria,Czechoslovakia-szlovák
NÉMETH László: Gyász,Bulgaria,Czechoslovakia-szlovák
SZABÓ Magda: Álarcosbál,Bulgaria,Czechoslovakia-szlovák
KERTÉSZ Ákos: Makra,Bulgaria,Czechoslovakia-szlovák
JÓKAI Mór: Egy magyar nábob,Bulgaria,Czechoslovakia-szlovák
BERKESI András: Sellő a pecsétgyűrűn,Bulgaria,Czechoslovakia-szlovák
MÁNDY Iván: Csutak és a szürke ló,Bulgaria,Czechoslovakia-szlovák
NAGY Lajos: Pincenapló,Bulgaria,Czechoslovakia-szlovák
BETLEN Oszkár: Élet a halál földjén,Bulgaria,Czechoslovakia-szlovák
DARVAS József: Város az ingoványon,Bulgaria,Czechoslovakia-szlovák
KARINTHY Ferenc: Budapesti tavasz,Bulgaria,Czechoslovakia-szlovák
SZAMOS Rudolf: Kántor nyomoz,Bulgaria,Czechoslovakia-szlovák
TATAY Sándor: Puskák és galambok,Bulgaria,Czechoslovakia-szlovák
ZILAHY Lajos: Ararát,Bulgaria,Denmark
SZABÓ Magda: Az őz,Bulgaria,Denmark
ILLYÉS Gyula: Puszták népe,Bulgaria,Federal Republic of Germany
MOLNÁR Ferenc: A Pál utcai fiúk,Bulgaria,Federal Republic of Germany
VASZARY Gábor: Ő,Bulgaria,Federal Republic of Germany
GÁRDONYI Géza: Egri csillagok,Bulgaria,Federal Republic of Germany
NÉMETH László: Égető Eszter,Bulgaria,Federal Republic of Germany
SÁNTA Ferenc: Húsz óra,Bulgaria,Federal Republic of Germany
KOSZTOLÁNYI Dezső: Édes Anna,Bulgaria,Federal Republic of Germany
BÓKAY János: Bohémek és pillangók: Puccini életregénye,Bulgaria,Federal Republic of Germany
SZABÓ Magda: Freskó,Bulgaria,Federal Republic of Germany
FEKETE István: Tüskevár,Bulgaria,Federal Republic of Germany
ZSOLDOS Péter: A feladat,Bulgaria,Federal Republic of Germany
SZABÓ Magda: Az őz,Bulgaria,Federal Republic of Germany
ÖRKÉNY István: Rózsakiállítás,Bulgaria,Federal Republic of Germany
NÉMETH László: Gyász,Bulgaria,Federal Republic of Germany
KERTÉSZ Ákos: Makra,Bulgaria,Federal Republic of Germany
MÁNDY Iván: Csutak és a szürke ló,Bulgaria,Federal Republic of Germany
ILLYÉS Gyula: Puszták népe,Bulgaria,Finland
MOLNÁR Ferenc: A Pál utcai fiúk,Bulgaria,Finland
VERES Péter: Próbatétel,Bulgaria,Finland
ZILAHY Lajos: A fegyverek visszanéznek,Bulgaria,Finland
ZILAHY Lajos: Ararát,Bulgaria,Finland
GÁRDONYI Géza: Egri csillagok,Bulgaria,Finland
SÁNTA Ferenc: Isten a szekéren,Bulgaria,Finland
SZABÓ Magda: Az őz,Bulgaria,Finland
KARINTHY Ferenc: Epepe,Bulgaria,Finland
KERTÉSZ Ákos: Makra,Bulgaria,Finland
ILLYÉS Gyula: Puszták népe,Bulgaria,France
MOLNÁR Ferenc: A Pál utcai fiúk,Bulgaria,France
MÓRICZ Zsigmond: A boldog ember,Bulgaria,France
MÓRICZ Zsigmond: Rokonok,Bulgaria,France
PETŐFI Sándor: János vitéz,Bulgaria,France
VERES Péter: Próbatétel,Bulgaria,France
ZILAHY Lajos: A fegyverek visszanéznek,Bulgaria,France
ZILAHY Lajos: Ararát,Bulgaria,France
MÓRICZ Zsigmond: Légy jó mindhalálig,Bulgaria,France
ILLYÉS Gyula: Petőfi,Bulgaria,France
JÓKAI Mór: A kőszívű ember fiai,Bulgaria,France
SZABÓ Magda: Freskó,Bulgaria,France
SZABÓ Magda: Az őz,Bulgaria,France
ÖRKÉNY István: Rózsakiállítás,Bulgaria,France
SÁNTA Ferenc: Az ötödik pecsét,Bulgaria,France
CSERES Tibor: Hideg napok,Bulgaria,France
ÖRKÉNY István: Házastársak,Bulgaria,GDR
ILLÉS Béla: Kárpáti rapszódia,Bulgaria,GDR
ILLYÉS Gyula: Puszták népe,Bulgaria,GDR
JÓKAI Mór: Az arany ember,Bulgaria,GDR
MÓRICZ Zsigmond: A boldog ember,Bulgaria,GDR
MÓRICZ Zsigmond: Rokonok,Bulgaria,GDR
PETŐFI Sándor: János vitéz,Bulgaria,GDR
SZABÓ Pál: Talpalatnyi föld,Bulgaria,GDR
VERES Péter: Pályamunkások,Bulgaria,GDR
VERES Péter: Próbatétel,Bulgaria,GDR
SZABÓ Pál: Isten malmai,Bulgaria,GDR
GÁRDONYI Géza: Egri csillagok,Bulgaria,GDR
ILLÉS Béla: Ég a Tisza,Bulgaria,GDR
ILLYÉS Gyula: Petőfi,Bulgaria,GDR
MIKSZÁTH Kálmán: A Noszty fiú esete Tóth Marival,Bulgaria,GDR
MIKSZÁTH Kálmán: Különös házasság,Bulgaria,GDR
THURY Zsuzsa: A francia kislány,Bulgaria,GDR
ILLÉS Béla: Fegyvert s vitézt éneklek,Bulgaria,GDR
MESTERHÁZI Lajos: Pár lépés a határ,Bulgaria,GDR
MIKSZÁTH Kálmán: Szent Péter esernyője,Bulgaria,GDR
FEKETE Gyula: Az orvos halála,Bulgaria,GDR
KRÚDY Gyula: A vörös postakocsi,Bulgaria,GDR
JÓKAI Mór: A kőszívű ember fiai,Bulgaria,GDR
"DOBOZY Imre: Kedd, szerda, csütörtök",Bulgaria,GDR
JÓKAI Mór: Sárga rózsa,Bulgaria,GDR
SÜTŐ András: Anyám könnyű álmot ígér,Bulgaria,GDR
SZABÓ Magda: Freskó,Bulgaria,GDR
SZABÓ Magda: Az őz,Bulgaria,GDR
DOBOZY Imre: Hatalom nélkül,Bulgaria,GDR
KESZI Imre: A végtelen dallam: Wagner életregénye,Bulgaria,GDR
ÖRKÉNY István: Rózsakiállítás,Bulgaria,GDR
SZABÓ Magda: Régimódi történet,Bulgaria,GDR
BERTHA Bulcsu: A kenguru,Bulgaria,GDR
SÁNTA Ferenc: Az ötödik pecsét,Bulgaria,GDR
NÉMETH László: Gyász,Bulgaria,GDR
KERTÉSZ Ákos: Makra,Bulgaria,GDR
CSUKÁS István: Keménykalap és krumpliorr,Bulgaria,GDR
SZAKONYI Károly: Szép nyár*,Bulgaria,GDR
CSERES Tibor: Hideg napok,Bulgaria,GDR
BERKESI András: Sellő a pecsétgyűrűn,Bulgaria,GDR
MÁNDY Iván: Csutak és a szürke ló,Bulgaria,GDR
NAGY Lajos: Pincenapló,Bulgaria,GDR
BETLEN Oszkár: Élet a halál földjén,Bulgaria,GDR
JÓKAI Anna: Tartozik és követel,Bulgaria,GDR
DARVAS József: Város az ingoványon,Bulgaria,GDR
KARINTHY Ferenc: Budapesti tavasz,Bulgaria,GDR
SZAMOS Rudolf: Kántor nyomoz,Bulgaria,GDR
TATAY Sándor: Puskák és galambok,Bulgaria,GDR
MÓRICZ Zsigmond: Légy jó mindhalálig,Bulgaria,Greece
GÁRDONYI Géza: Egri csillagok,Bulgaria,Greece
ILLÉS Béla: Kárpáti rapszódia,Bulgaria,Hungary
ILLYÉS Gyula: Puszták népe,Bulgaria,Hungary
JÓKAI Mór: Az arany ember,Bulgaria,Hungary
MOLNÁR Ferenc: A Pál utcai fiúk,Bulgaria,Hungary
MÓRICZ Zsigmond: Rokonok,Bulgaria,Hungary
PETŐFI Sándor: János vitéz,Bulgaria,Hungary
MÓRICZ Zsigmond: Légy jó mindhalálig,Bulgaria,Hungary
GÁRDONYI Géza: Egri csillagok,Bulgaria,Hungary
ILLYÉS Gyula: Petőfi,Bulgaria,Hungary
MIKSZÁTH Kálmán: Különös házasság,Bulgaria,Hungary
MESTERHÁZI Lajos: Pár lépés a határ,Bulgaria,Hungary
SZABÓ Magda: Mondják meg Zsófikának,Bulgaria,Hungary
GERGELY Márta: Szöszi,Bulgaria,Hungary
MIKSZÁTH Kálmán: Szent Péter esernyője,Bulgaria,Hungary
SZÁVA István: A szirakuzai óriás,Bulgaria,Hungary
DARVAS József: A törökverő,Bulgaria,Hungary
SÁNTA Ferenc: Húsz óra,Bulgaria,Hungary
FEKETE Gyula: Az orvos halála,Bulgaria,Hungary
KRÚDY Gyula: A vörös postakocsi,Bulgaria,Hungary
PETŐFI Sándor: Az apostol,Bulgaria,Hungary
REJTŐ Jenő: A szőke ciklon,Bulgaria,Hungary
KOSZTOLÁNYI Dezső: Édes Anna,Bulgaria,Hungary
SÁNTA Ferenc: Isten a szekéren,Bulgaria,Hungary
KESZI Imre: A végtelen dallam: Wagner életregénye,Bulgaria,Hungary
SZABÓ Magda: Régimódi történet,Bulgaria,Hungary
JÓKAI Mór: Fekete gyémántok,Bulgaria,Hungary
SÁNTA Ferenc: Az ötödik pecsét,Bulgaria,Hungary
NÉMETH László: Gyász,Bulgaria,Hungary
SZABÓ Magda: Álarcosbál,Bulgaria,Hungary
KARINTHY Ferenc: Budapesti tavasz,Bulgaria,Hungary
VERES Péter: Próbatétel,Bulgaria,Iran
ILLÉS Béla: Kárpáti rapszódia,Bulgaria,Israel
MOLNÁR Ferenc: A Pál utcai fiúk,Bulgaria,Israel
MÓRICZ Zsigmond: Légy jó mindhalálig,Bulgaria,Israel
PETŐFI Sándor: Az apostol,Bulgaria,Israel
ACZÉL Tamás: A szabadság árnyékában,Bulgaria,Italy
MOLNÁR Ferenc: A Pál utcai fiúk,Bulgaria,Italy
VERES Péter: Próbatétel,Bulgaria,Italy
GÁRDONYI Géza: Egri csillagok,Bulgaria,Italy
ILLYÉS Gyula: Petőfi,Bulgaria,Italy
MIKSZÁTH Kálmán: Szent Péter esernyője,Bulgaria,Italy
SÁNTA Ferenc: Húsz óra,Bulgaria,Italy
JÓKAI Mór: Sárga rózsa,Bulgaria,Italy
SZABÓ Magda: Az őz,Bulgaria,Italy
ILLYÉS Gyula: Puszták népe,Bulgaria,Japan
MESTERHÁZI Lajos: Pár lépés a határ,Bulgaria,Japan
KARINTHY Ferenc: Epepe,Bulgaria,Japan
KERTÉSZ Ákos: Makra,Bulgaria,Japan
KARINTHY Ferenc: Budapesti tavasz,Bulgaria,Japan
JÓKAI Mór: Sárga rózsa,Bulgaria,Mexico
KARINTHY Ferenc: Budapesti tavasz,Bulgaria,Mongolia
ILLÉS Béla: Kárpáti rapszódia,Bulgaria,Netherlands
ILLYÉS Gyula: Puszták népe,Bulgaria,Netherlands
GÁRDONYI Géza: Egri csillagok,Bulgaria,Netherlands
ILLÉS Béla: Fegyvert s vitézt éneklek,Bulgaria,Netherlands
GERGELY Márta: Szöszi,Bulgaria,Netherlands
MIKSZÁTH Kálmán: Szent Péter esernyője,Bulgaria,Netherlands
SZABÓ Magda: Az őz,Bulgaria,Netherlands
ZILAHY Lajos: Ararát,Bulgaria,Norway
KOSZTOLÁNYI Dezső: Édes Anna,Bulgaria,Norway
ÖRKÉNY István: Rózsakiállítás,Bulgaria,Norway
KARINTHY Ferenc: Epepe,Bulgaria,Norway
ILLÉS Béla: Kárpáti rapszódia,Bulgaria,Poland
ILLÉS Béla: Szkipetárok,Bulgaria,Poland
ILLYÉS Gyula: Puszták népe,Bulgaria,Poland
JÓKAI Mór: Az arany ember,Bulgaria,Poland
MOLNÁR Ferenc: A Pál utcai fiúk,Bulgaria,Poland
MÓRICZ Zsigmond: Rokonok,Bulgaria,Poland
VERES Péter: Pályamunkások,Bulgaria,Poland
VERES Péter: Próbatétel,Bulgaria,Poland
MÓRICZ Zsigmond: Légy jó mindhalálig,Bulgaria,Poland
GÁRDONYI Géza: Egri csillagok,Bulgaria,Poland
ILLÉS Béla: Ég a Tisza,Bulgaria,Poland
ILLYÉS Gyula: Petőfi,Bulgaria,Poland
MIKSZÁTH Kálmán: A Noszty fiú esete Tóth Marival,Bulgaria,Poland
MIKSZÁTH Kálmán: Különös házasság,Bulgaria,Poland
SÓS György: Pettyes kalandjai,Bulgaria,Poland
ILLÉS Béla: Fegyvert s vitézt éneklek,Bulgaria,Poland
SZABÓ Magda: Mondják meg Zsófikának,Bulgaria,Poland
MIKSZÁTH Kálmán: Szent Péter esernyője,Bulgaria,Poland
SZÁVA István: A szirakuzai óriás,Bulgaria,Poland
SÁNTA Ferenc: Húsz óra,Bulgaria,Poland
BERKESI András−KARDOS György: Kopjások,Bulgaria,Poland
JÓKAI Mór: A kőszívű ember fiai,Bulgaria,Poland
GÁL György Sándor: Liszt Ferenc életének regénye,Bulgaria,Poland
KOSZTOLÁNYI Dezső: Pacsirta,Bulgaria,Poland
SÜTŐ András: Anyám könnyű álmot ígér,Bulgaria,Poland
BÓKAY János: Bohémek és pillangók: Puccini életregénye,Bulgaria,Poland
SZABÓ Magda: Freskó,Bulgaria,Poland
FEKETE István: Tüskevár,Bulgaria,Poland
ZSOLDOS Péter: A feladat,Bulgaria,Poland
SZABÓ Magda: Az őz,Bulgaria,Poland
KESZI Imre: A végtelen dallam: Wagner életregénye,Bulgaria,Poland
ÖRKÉNY István: Rózsakiállítás,Bulgaria,Poland
SZABÓ Magda: Régimódi történet,Bulgaria,Poland
KARINTHY Ferenc: Epepe,Bulgaria,Poland
SÁNTA Ferenc: Az ötödik pecsét,Bulgaria,Poland
NÉMETH László: Gyász,Bulgaria,Poland
SZABÓ Magda: Álarcosbál,Bulgaria,Poland
KERTÉSZ Ákos: Makra,Bulgaria,Poland
JÓKAI Mór: Egy magyar nábob,Bulgaria,Poland
CSERES Tibor: Hideg napok,Bulgaria,Poland
MÁNDY Iván: Csutak és a szürke ló,Bulgaria,Poland
NAGY Lajos: Pincenapló,Bulgaria,Poland
JÓKAI Anna: Tartozik és követel,Bulgaria,Poland
DARVAS József: Város az ingoványon,Bulgaria,Poland
KARINTHY Ferenc: Budapesti tavasz,Bulgaria,Poland
TATAY Sándor: Puskák és galambok,Bulgaria,Poland
KARINTHY Ferenc: Budapesti tavasz,Bulgaria,Portugal
ACZÉL Tamás: A szabadság árnyékában,Bulgaria,Romania
ÖRKÉNY István: Házastársak,Bulgaria,Romania
ILLÉS Béla: Kárpáti rapszódia,Bulgaria,Romania
ILLYÉS Gyula: Puszták népe,Bulgaria,Romania
JÓKAI Mór: Az arany ember,Bulgaria,Romania
MOLNÁR Ferenc: A Pál utcai fiúk,Bulgaria,Romania
MÓRICZ Zsigmond: A boldog ember,Bulgaria,Romania
MÓRICZ Zsigmond: Rokonok,Bulgaria,Romania
PETŐFI Sándor: János vitéz,Bulgaria,Romania
VERES Péter: Próbatétel,Bulgaria,Romania
SZEBERÉNYI Lehel: A hegyek elmozdulnak,Bulgaria,Romania
MÓRICZ Zsigmond: Légy jó mindhalálig,Bulgaria,Romania
GÁRDONYI Géza: Egri csillagok,Bulgaria,Romania
ILLÉS Béla: Ég a Tisza,Bulgaria,Romania
MIKSZÁTH Kálmán: Különös házasság,Bulgaria,Romania
VERES Péter: Almáskert,Bulgaria,Romania
ILLÉS Béla: Fegyvert s vitézt éneklek,Bulgaria,Romania
MIKSZÁTH Kálmán: Szent Péter esernyője,Bulgaria,Romania
FEKETE Gyula: Az orvos halála,Bulgaria,Romania
PETŐFI Sándor: Az apostol,Bulgaria,Romania
JÓKAI Mór: A kőszívű ember fiai,Bulgaria,Romania
BERKESI András: A 13. ügynök,Bulgaria,Romania
SÜTŐ András: Anyám könnyű álmot ígér,Bulgaria,Romania
JÓKAI Mór: Fekete gyémántok,Bulgaria,Romania
SÁNTA Ferenc: Az ötödik pecsét,Bulgaria,Romania
KERTÉSZ Ákos: Makra,Bulgaria,Romania
CSERES Tibor: Hideg napok,Bulgaria,Romania
BETLEN Oszkár: Élet a halál földjén,Bulgaria,Romania
JÓKAI Mór: Az arany ember,Bulgaria,Spain
MOLNÁR Ferenc: A Pál utcai fiúk,Bulgaria,Spain
VASZARY Gábor: Ő,Bulgaria,Spain
ZILAHY Lajos: A fegyverek visszanéznek,Bulgaria,Spain
ZILAHY Lajos: Ararát,Bulgaria,Spain
MIKSZÁTH Kálmán: Szent Péter esernyője,Bulgaria,Spain
SZABÓ Magda: Az őz,Bulgaria,Spain
KERTÉSZ Ákos: Makra,Bulgaria,Spain
ILLYÉS Gyula: Puszták népe,Bulgaria,Sweden
JÓKAI Mór: Az arany ember,Bulgaria,Sweden
MOLNÁR Ferenc: A Pál utcai fiúk,Bulgaria,Sweden
ZILAHY Lajos: Ararát,Bulgaria,Sweden
SZABÓ Magda: Az őz,Bulgaria,Sweden
ÖRKÉNY István: Rózsakiállítás,Bulgaria,Sweden
KARINTHY Ferenc: Epepe,Bulgaria,Sweden
NÉMETH László: Gyász,Bulgaria,Sweden
KERTÉSZ Ákos: Makra,Bulgaria,Sweden
JÓKAI Mór: Az arany ember,Bulgaria,Switzerland
MIKSZÁTH Kálmán: A Noszty fiú esete Tóth Marival,Bulgaria,Switzerland
MIKSZÁTH Kálmán: Szent Péter esernyője,Bulgaria,Switzerland
JÓKAI Mór: Az arany ember,Bulgaria,Turkey
MOLNÁR Ferenc: A Pál utcai fiúk,Bulgaria,Turkey
KARINTHY Ferenc: Budapesti tavasz,Bulgaria,Turkey
ILLÉS Béla: Szkipetárok,Bulgaria,UK
MIKSZÁTH Kálmán: Szent Péter esernyője,Bulgaria,UK
KOSZTOLÁNYI Dezső: Édes Anna,Bulgaria,UK
SZABÓ Magda: Az őz,Bulgaria,UK
ZILAHY Lajos: Ararát,Bulgaria,USA
SZABÓ Magda: Az őz,Bulgaria,USA
JÓKAI Mór: Sárga rózsa,Bulgaria,USSR-azerbajdzsán
MESTERHÁZI Lajos: A Prométheusz-rejtély,Bulgaria,USSR-azerbajdzsán
PETROVÁCZ István: Szombatra péntek,Bulgaria,USSR-fehérorosz
JÓKAI Mór: Az arany ember,Bulgaria,USSR-grúz
MOLNÁR Ferenc: A Pál utcai fiúk,Bulgaria,USSR-grúz
PETŐFI Sándor: János vitéz,Bulgaria,USSR-grúz
MIKSZÁTH Kálmán: Szent Péter esernyője,Bulgaria,USSR-grúz
BERKESI András: A 13. ügynök,Bulgaria,USSR-grúz
ÖRKÉNY István: Rózsakiállítás,Bulgaria,USSR-grúz
JÓKAI Mór: Fekete gyémántok,Bulgaria,USSR-grúz
BERKESI András: Sellő a pecsétgyűrűn,Bulgaria,USSR-grúz
ACZÉL Tamás: A szabadság árnyékában,Bulgaria,USSR-kazah
MIKSZÁTH Kálmán: Különös házasság,Bulgaria,USSR-kazah
MIKSZÁTH Kálmán: Szent Péter esernyője,Bulgaria,USSR-kazah
TATAY Sándor: Puskák és galambok,Bulgaria,USSR-kazah
TATAY Sándor: Puskák és galambok,Bulgaria,USSR-kirgiz
ACZÉL Tamás: Vihar és napsütés,Bulgaria,USSR-lett
ILLÉS Béla: Kárpáti rapszódia,Bulgaria,USSR-lett
MÓRICZ Zsigmond: A boldog ember,Bulgaria,USSR-lett
ILLYÉS Gyula: Petőfi,Bulgaria,USSR-lett
MIKSZÁTH Kálmán: Különös házasság,Bulgaria,USSR-lett
THURY Zsuzsa: A francia kislány,Bulgaria,USSR-lett
SZABÓ Magda: Mondják meg Zsófikának,Bulgaria,USSR-lett
GERGELY Márta: Szöszi,Bulgaria,USSR-lett
MIKSZÁTH Kálmán: Szent Péter esernyője,Bulgaria,USSR-lett
FEKETE Gyula: Az orvos halála,Bulgaria,USSR-lett
JÓKAI Mór: A kőszívű ember fiai,Bulgaria,USSR-lett
SOMOGYI TÓTH Sándor: Gyerektükör,Bulgaria,USSR-lett
FEKETE István: Tüskevár,Bulgaria,USSR-lett
NÉMETH László: Gyász,Bulgaria,USSR-lett
BERKESI András: Sellő a pecsétgyűrűn,Bulgaria,USSR-lett
ILLÉS Béla: Kárpáti rapszódia,Bulgaria,USSR-litván
JÓKAI Mór: Az arany ember,Bulgaria,USSR-litván
MOLNÁR Ferenc: A Pál utcai fiúk,Bulgaria,USSR-litván
MÓRICZ Zsigmond: Rokonok,Bulgaria,USSR-litván
GÁRDONYI Géza: Egri csillagok,Bulgaria,USSR-litván
MIKSZÁTH Kálmán: Különös házasság,Bulgaria,USSR-litván
SZABÓ Magda: Mondják meg Zsófikának,Bulgaria,USSR-litván
JÓKAI Mór: A kőszívű ember fiai,Bulgaria,USSR-litván
KOSZTOLÁNYI Dezső: Édes Anna,Bulgaria,USSR-litván
GÁL György Sándor: Liszt Ferenc életének regénye,Bulgaria,USSR-litván
JÓKAI Mór: Sárga rózsa,Bulgaria,USSR-litván
JÓKAI Mór: Fekete gyémántok,Bulgaria,USSR-litván
NÉMETH László: Gyász,Bulgaria,USSR-litván
SZABÓ Magda: Álarcosbál,Bulgaria,USSR-litván
JÓKAI Mór: Egy magyar nábob,Bulgaria,USSR-litván
BERKESI András: Sellő a pecsétgyűrűn,Bulgaria,USSR-litván
MÁNDY Iván: Csutak és a szürke ló,Bulgaria,USSR-litván
TATAY Sándor: Puskák és galambok,Bulgaria,USSR-litván
MOLNÁR Ferenc: A Pál utcai fiúk,Bulgaria,USSR-moldva
GERGELY Márta: Szöszi,Bulgaria,USSR-moldva
SÁNTA Ferenc: Az ötödik pecsét,Bulgaria,USSR-moldva
ACZÉL Tamás: A szabadság árnyékában,Bulgaria,USSR-orosz
ACZÉL Tamás: Vihar és napsütés,Bulgaria,USSR-orosz
ILLÉS Béla: Kárpáti rapszódia,Bulgaria,USSR-orosz
JÓKAI Mór: Az arany ember,Bulgaria,USSR-orosz
MOLNÁR Ferenc: A Pál utcai fiúk,Bulgaria,USSR-orosz
MÓRICZ Zsigmond: Rokonok,Bulgaria,USSR-orosz
PETŐFI Sándor: János vitéz,Bulgaria,USSR-orosz
SZABÓ Pál: Talpalatnyi föld,Bulgaria,USSR-orosz
VERES Péter: Próbatétel,Bulgaria,USSR-orosz
MÓRICZ Zsigmond: Légy jó mindhalálig,Bulgaria,USSR-orosz
BERKESI András: Októberi vihar,Bulgaria,USSR-orosz
GÁRDONYI Géza: Egri csillagok,Bulgaria,USSR-orosz
ILLÉS Béla: Ég a Tisza,Bulgaria,USSR-orosz
ILLYÉS Gyula: Petőfi,Bulgaria,USSR-orosz
MIKSZÁTH Kálmán: Különös házasság,Bulgaria,USSR-orosz
NÉMETH László: Égető Eszter,Bulgaria,USSR-orosz
SÓS György: Pettyes kalandjai,Bulgaria,USSR-orosz
THURY Zsuzsa: A francia kislány,Bulgaria,USSR-orosz
MESTERHÁZI Lajos: Pár lépés a határ,Bulgaria,USSR-orosz
SZABÓ Magda: Mondják meg Zsófikának,Bulgaria,USSR-orosz
GERGELY Márta: Szöszi,Bulgaria,USSR-orosz
MIKSZÁTH Kálmán: Szent Péter esernyője,Bulgaria,USSR-orosz
DARVAS József: A törökverő,Bulgaria,USSR-orosz
SÁNTA Ferenc: Húsz óra,Bulgaria,USSR-orosz
BERKESI András−KARDOS György: Kopjások,Bulgaria,USSR-orosz
FEKETE Gyula: Az orvos halála,Bulgaria,USSR-orosz
JÓKAI Mór: A kőszívű ember fiai,Bulgaria,USSR-orosz
GÁL György Sándor: Liszt Ferenc életének regénye,Bulgaria,USSR-orosz
JÓKAI Mór: Sárga rózsa,Bulgaria,USSR-orosz
SOMOGYI TÓTH Sándor: Gyerektükör,Bulgaria,USSR-orosz
FEKETE István: Tüskevár,Bulgaria,USSR-orosz
DOBOZY Imre: Hatalom nélkül,Bulgaria,USSR-orosz
SZABÓ Magda: Régimódi történet,Bulgaria,USSR-orosz
BERTHA Bulcsu: A kenguru,Bulgaria,USSR-orosz
MESTERHÁZI Lajos: A Prométheusz-rejtély,Bulgaria,USSR-orosz
JÓKAI Mór: Fekete gyémántok,Bulgaria,USSR-orosz
NÉMETH László: Gyász,Bulgaria,USSR-orosz
SZABÓ Magda: Álarcosbál,Bulgaria,USSR-orosz
SZAKONYI Károly: Szép nyár*,Bulgaria,USSR-orosz
JÓKAI Mór: Egy magyar nábob,Bulgaria,USSR-orosz
CSERES Tibor: Hideg napok,Bulgaria,USSR-orosz
BERKESI András: Sellő a pecsétgyűrűn,Bulgaria,USSR-orosz
SZAMOS Rudolf: Kántor nyomoz,Bulgaria,USSR-orosz
TATAY Sándor: Puskák és galambok,Bulgaria,USSR-orosz
JÓKAI Mór: Sárga rózsa,Bulgaria,USSR-tadzsik
JÓKAI Mór: Sárga rózsa,Bulgaria,USSR-türkmén
SÁNTA Ferenc: Az ötödik pecsét,Bulgaria,USSR-türkmén
KARINTHY Ferenc: Budapesti tavasz,Bulgaria,USSR-türkmén
ACZÉL Tamás: A szabadság árnyékában,Bulgaria,USSR-ukrán
ACZÉL Tamás: Vihar és napsütés,Bulgaria,USSR-ukrán
ILLÉS Béla: Kárpáti rapszódia,Bulgaria,USSR-ukrán
ILLYÉS Gyula: Puszták népe,Bulgaria,USSR-ukrán
MOLNÁR Ferenc: A Pál utcai fiúk,Bulgaria,USSR-ukrán
PETŐFI Sándor: János vitéz,Bulgaria,USSR-ukrán
BERKESI András: Októberi vihar,Bulgaria,USSR-ukrán
GÁRDONYI Géza: Egri csillagok,Bulgaria,USSR-ukrán
MIKSZÁTH Kálmán: Különös házasság,Bulgaria,USSR-ukrán
MIKSZÁTH Kálmán: Szent Péter esernyője,Bulgaria,USSR-ukrán
SÁNTA Ferenc: Húsz óra,Bulgaria,USSR-ukrán
BERKESI András−KARDOS György: Kopjások,Bulgaria,USSR-ukrán
PETŐFI Sándor: Az apostol,Bulgaria,USSR-ukrán
JÓKAI Mór: A kőszívű ember fiai,Bulgaria,USSR-ukrán
BERKESI András: A 13. ügynök,Bulgaria,USSR-ukrán
JÓKAI Mór: Sárga rózsa,Bulgaria,USSR-ukrán
SOMOGYI TÓTH Sándor: Gyerektükör,Bulgaria,USSR-ukrán
SZABÓ Magda: Freskó,Bulgaria,USSR-ukrán
DOBOZY Imre: Hatalom nélkül,Bulgaria,USSR-ukrán
SZABÓ Magda: Régimódi történet,Bulgaria,USSR-ukrán
BERTHA Bulcsu: A kenguru,Bulgaria,USSR-ukrán
MESTERHÁZI Lajos: A Prométheusz-rejtély,Bulgaria,USSR-ukrán
CSUKÁS István: Keménykalap és krumpliorr,Bulgaria,USSR-ukrán
JÓKAI Anna: Tartozik és követel,Bulgaria,USSR-ukrán
TATAY Sándor: Puskák és galambok,Bulgaria,USSR-ukrán
JÓKAI Mór: Az arany ember,Bulgaria,USSR-észt
MOLNÁR Ferenc: A Pál utcai fiúk,Bulgaria,USSR-észt
GÁRDONYI Géza: Egri csillagok,Bulgaria,USSR-észt
MESTERHÁZI Lajos: Pár lépés a határ,Bulgaria,USSR-észt
MIKSZÁTH Kálmán: Szent Péter esernyője,Bulgaria,USSR-észt
TATAY Sándor: Puskák és galambok,Bulgaria,USSR-észt
JÓKAI Mór: Az arany ember,Bulgaria,USSR-örmény
MOLNÁR Ferenc: A Pál utcai fiúk,Bulgaria,USSR-örmény
GERGELY Márta: Szöszi,Bulgaria,USSR-örmény
SOMOGYI TÓTH Sándor: Gyerektükör,Bulgaria,USSR-örmény
PETROVÁCZ István: Szombatra péntek,Bulgaria,USSR-örmény
SÁNTA Ferenc: Az ötödik pecsét,Bulgaria,USSR-örmény
BERKESI András: Sellő a pecsétgyűrűn,Bulgaria,USSR-örmény
TATAY Sándor: Puskák és galambok,Bulgaria,USSR-örmény
ILLÉS Béla: Kárpáti rapszódia,Bulgaria,USSR-üzbég
PETŐFI Sándor: János vitéz,Bulgaria,USSR-üzbég
MIKSZÁTH Kálmán: Különös házasság,Bulgaria,USSR-üzbég
BERKESI András: A 13. ügynök,Bulgaria,USSR-üzbég
NÉMETH László: Gyász,Bulgaria,USSR-üzbég
MÓRICZ Zsigmond: Rokonok,Bulgaria,Vietnam
GÁRDONYI Géza: Egri csillagok,Bulgaria,Vietnam
ILLÉS Béla: Kárpáti rapszódia,Bulgaria,Yugoslavia
ILLYÉS Gyula: Puszták népe,Bulgaria,Yugoslavia
JÓKAI Mór: Az arany ember,Bulgaria,Yugoslavia
MOLNÁR Ferenc: A Pál utcai fiúk,Bulgaria,Yugoslavia
ZILAHY Lajos: A fegyverek visszanéznek,Bulgaria,Yugoslavia
ZILAHY Lajos: Ararát,Bulgaria,Yugoslavia
MÓRICZ Zsigmond: Légy jó mindhalálig,Bulgaria,Yugoslavia
GÁRDONYI Géza: Egri csillagok,Bulgaria,Yugoslavia
ILLYÉS Gyula: Petőfi,Bulgaria,Yugoslavia
MIKSZÁTH Kálmán: Különös házasság,Bulgaria,Yugoslavia
NÉMETH László: Égető Eszter,Bulgaria,Yugoslavia
MIKSZÁTH Kálmán: Szent Péter esernyője,Bulgaria,Yugoslavia
KOSZTOLÁNYI Dezső: Pacsirta,Bulgaria,Yugoslavia
BÓKAY János: Bohémek és pillangók: Puccini életregénye,Bulgaria,Yugoslavia
SZABÓ Magda: Freskó,Bulgaria,Yugoslavia
SZABÓ Magda: Az őz,Bulgaria,Yugoslavia
ÖRKÉNY István: Rózsakiállítás,Bulgaria,Yugoslavia
SZABÓ Magda: Régimódi történet,Bulgaria,Yugoslavia
JÓKAI Mór: Fekete gyémántok,Bulgaria,Yugoslavia
NÉMETH László: Gyász,Bulgaria,Yugoslavia
SZABÓ Magda: Álarcosbál,Bulgaria,Yugoslavia
KERTÉSZ Ákos: Makra,Bulgaria,Yugoslavia
JÓKAI Mór: Egy magyar nábob,Bulgaria,Yugoslavia
CSERES Tibor: Hideg napok,Bulgaria,Yugoslavia
KARINTHY Ferenc: Budapesti tavasz,Bulgaria,Yugoslavia
FALUDY György: Pokolbéli vig napjaim,Canada,Denmark
FALUDY György: Pokolbéli vig napjaim,Canada,Federal Republic of Germany
HÁY Gyula: Tiszazug,Canada,GDR
HÁY Gyula: Tiszazug,Canada,Poland
FALUDY György: Pokolbéli vig napjaim,Canada,UK
ILLÉS Béla: Fegyvert s vitézt éneklek,Chile,Czechoslovakia-cseh
ILLÉS Béla: Fegyvert s vitézt éneklek,Chile,Czechoslovakia-szlovák
ZILAHY Lajos: A lélek kialszik,Chile,France
ILLÉS Béla: Fegyvert s vitézt éneklek,Chile,GDR
ILLÉS Béla: Fegyvert s vitézt éneklek,Chile,Netherlands
ILLÉS Béla: Fegyvert s vitézt éneklek,Chile,Poland
ILLÉS Béla: Fegyvert s vitézt éneklek,Chile,Romania
ZILAHY Lajos: A lélek kialszik,Chile,Spain
ZILAHY Lajos: A lélek kialszik,Chile,Yugoslavia
ACZÉL Tamás: A szabadság árnyékában,China,Czechoslovakia-cseh
FAZEKAS Mihály: Lúdas Matyi,China,Czechoslovakia-cseh
MIKSZÁTH Kálmán: Szent Péter esernyője,China,Czechoslovakia-cseh
NAGY Sándor: Megbékélés,China,Czechoslovakia-cseh
PETŐFI Sándor: János vitéz,China,Czechoslovakia-cseh
SZABÓ Pál: Talpalatnyi föld,China,Czechoslovakia-cseh
VERES Péter: Próbatétel,China,Czechoslovakia-cseh
MÓRICZ Zsigmond: Árvácska,China,Czechoslovakia-cseh
MÓRICZ Virág−THURZÓ Gábor(-MÓRICZ Zsigmond): Rokonok,China,Czechoslovakia-cseh
JÓKAI Mór: Sárga rózsa,China,Czechoslovakia-cseh
ILLÉS Béla: Ég a Tisza,China,Czechoslovakia-cseh
ILLÉS Béla: Honfoglalás,China,Czechoslovakia-cseh
ILLÉS Béla: Kárpáti rapszódia,China,Czechoslovakia-cseh
VÖRÖSMARTY Mihály: Csongor és Tünde,China,Czechoslovakia-cseh
ACZÉL Tamás: A szabadság árnyékában,China,Czechoslovakia-szlovák
FAZEKAS Mihály: Lúdas Matyi,China,Czechoslovakia-szlovák
MIKSZÁTH Kálmán: Szent Péter esernyője,China,Czechoslovakia-szlovák
SZABÓ Pál: Talpalatnyi föld,China,Czechoslovakia-szlovák
VERES Péter: Próbatétel,China,Czechoslovakia-szlovák
JÓKAI Mór: Egy magyar nábob,China,Czechoslovakia-szlovák
MÓRICZ Zsigmond: Árvácska,China,Czechoslovakia-szlovák
PETŐFI Sándor: Az apostol,China,Czechoslovakia-szlovák
ILLÉS Béla: Honfoglalás,China,Czechoslovakia-szlovák
ILLÉS Béla: Kárpáti rapszódia,China,Czechoslovakia-szlovák
VÖRÖSMARTY Mihály: Csongor és Tünde,China,Czechoslovakia-szlovák
Hajnal Anna: Előre,China,Czechoslovakia-szlovák
ARANY János: Toldi,China,Egypt
VERES Péter: Próbatétel,China,Finland
PETŐFI Sándor: János vitéz,China,France
VERES Péter: Próbatétel,China,France
VÖRÖSMARTY Mihály: Csongor és Tünde,China,France
MIKSZÁTH Kálmán: Szent Péter esernyője,China,GDR
NAGY Sándor: Megbékélés,China,GDR
PETŐFI Sándor: János vitéz,China,GDR
SZABÓ Pál: Talpalatnyi föld,China,GDR
VERES Péter: Próbatétel,China,GDR
HÁY Gyula: Erő,China,GDR
JÓKAI Mór: Sárga rózsa,China,GDR
ILLÉS Béla: Ég a Tisza,China,GDR
ILLÉS Béla: Honfoglalás,China,GDR
ILLÉS Béla: Kárpáti rapszódia,China,GDR
VÖRÖSMARTY Mihály: Csongor és Tünde,China,GDR
MIKSZÁTH Kálmán: Szent Péter esernyője,China,Hungary
PETŐFI Sándor: János vitéz,China,Hungary
PETŐFI Sándor: Az apostol,China,Hungary
ILLÉS Béla: Kárpáti rapszódia,China,Hungary
VERES Péter: Próbatétel,China,Iran
PETŐFI Sándor: Az apostol,China,Israel
ILLÉS Béla: Kárpáti rapszódia,China,Israel
ACZÉL Tamás: A szabadság árnyékában,China,Italy
MIKSZÁTH Kálmán: Szent Péter esernyője,China,Italy
VERES Péter: Próbatétel,China,Italy
HÁY Gyula: Erő,China,Italy
JÓKAI Mór: Sárga rózsa,China,Italy
JÓKAI Mór: Sárga rózsa,China,Mexico
NAGY Sándor: Megbékélés,China,Mongolia
MIKSZÁTH Kálmán: Szent Péter esernyője,China,Netherlands
ILLÉS Béla: Kárpáti rapszódia,China,Netherlands
HÁY Gyula: Az élet hídja,China,Poland
MIKSZÁTH Kálmán: Szent Péter esernyője,China,Poland
VERES Péter: Próbatétel,China,Poland
JÓKAI Mór: Egy magyar nábob,China,Poland
ILLÉS Béla: Ég a Tisza,China,Poland
ILLÉS Béla: Kárpáti rapszódia,China,Poland
ACZÉL Tamás: A szabadság árnyékában,China,Romania
FAZEKAS Mihály: Lúdas Matyi,China,Romania
MARKOVITS Rodion: Szibériai garnizon,China,Romania
MIKSZÁTH Kálmán: Szent Péter esernyője,China,Romania
PETŐFI Sándor: János vitéz,China,Romania
VERES Péter: Próbatétel,China,Romania
PETŐFI Sándor: Az apostol,China,Romania
ILLÉS Béla: Ég a Tisza,China,Romania
ILLÉS Béla: Honfoglalás,China,Romania
ILLÉS Béla: Kárpáti rapszódia,China,Romania
MIKSZÁTH Kálmán: Szent Péter esernyője,China,Spain
MIKSZÁTH Kálmán: Szent Péter esernyője,China,Switzerland
MÓRICZ Zsigmond: Árvácska,China,Switzerland
MIKSZÁTH Kálmán: Szent Péter esernyője,China,UK
NAGY Sándor: Megbékélés,China,USSR-altaji
NAGY Sándor: Megbékélés,China,USSR-azerbajdzsán
JÓKAI Mór: Sárga rózsa,China,USSR-azerbajdzsán
NAGY Sándor: Megbékélés,China,USSR-csuvas
NAGY Sándor: Megbékélés,China,USSR-fehérorosz
NAGY Sándor: Megbékélés,China,USSR-finn
MIKSZÁTH Kálmán: Szent Péter esernyője,China,USSR-grúz
NAGY Sándor: Megbékélés,China,USSR-grúz
PETŐFI Sándor: János vitéz,China,USSR-grúz
ACZÉL Tamás: A szabadság árnyékában,China,USSR-kazah
MIKSZÁTH Kálmán: Szent Péter esernyője,China,USSR-kazah
NAGY Sándor: Megbékélés,China,USSR-kazah
MIKSZÁTH Kálmán: Szent Péter esernyője,China,USSR-lett
ILLÉS Béla: Kárpáti rapszódia,China,USSR-lett
JÓKAI Mór: Egy magyar nábob,China,USSR-litván
JÓKAI Mór: Sárga rózsa,China,USSR-litván
ILLÉS Béla: Kárpáti rapszódia,China,USSR-litván
NAGY Sándor: Megbékélés,China,USSR-moldva
ACZÉL Tamás: A szabadság árnyékában,China,USSR-orosz
HÁY Gyula: Az élet hídja,China,USSR-orosz
MÁNDI Éva: Hétköznapok hősei,China,USSR-orosz
MIKSZÁTH Kálmán: Szent Péter esernyője,China,USSR-orosz
NAGY Sándor: Megbékélés,China,USSR-orosz
PETŐFI Sándor: János vitéz,China,USSR-orosz
SZABÓ Pál: Talpalatnyi föld,China,USSR-orosz
VERES Péter: Próbatétel,China,USSR-orosz
JÓKAI Mór: Egy magyar nábob,China,USSR-orosz
JÓKAI Mór: Sárga rózsa,China,USSR-orosz
ILLÉS Béla: Ég a Tisza,China,USSR-orosz
ILLÉS Béla: Honfoglalás,China,USSR-orosz
ILLÉS Béla: Kárpáti rapszódia,China,USSR-orosz
VÖRÖSMARTY Mihály: Csongor és Tünde,China,USSR-orosz
JÓKAI Mór: Sárga rózsa,China,USSR-tadzsik
JÓKAI Mór: Sárga rózsa,China,USSR-türkmén
NAGY Sándor: Megbékélés,China,USSR-udmurt
ACZÉL Tamás: A szabadság árnyékában,China,USSR-ukrán
MIKSZÁTH Kálmán: Szent Péter esernyője,China,USSR-ukrán
PETŐFI Sándor: János vitéz,China,USSR-ukrán
JÓKAI Mór: Sárga rózsa,China,USSR-ukrán
PETŐFI Sándor: Az apostol,China,USSR-ukrán
ILLÉS Béla: Kárpáti rapszódia,China,USSR-ukrán
MIKSZÁTH Kálmán: Szent Péter esernyője,China,USSR-észt
PETŐFI Sándor: János vitéz,China,USSR-üzbég
ILLÉS Béla: Kárpáti rapszódia,China,USSR-üzbég
MIKSZÁTH Kálmán: Szent Péter esernyője,China,Yugoslavia
JÓKAI Mór: Egy magyar nábob,China,Yugoslavia
ILLÉS Béla: Kárpáti rapszódia,China,Yugoslavia
MOLNÁR Ferenc: A Pál utcai fiúk,Colombia,Czechoslovakia-cseh
MOLNÁR Ferenc: A Pál utcai fiúk,Colombia,Czechoslovakia-szlovák
MOLNÁR Ferenc: A Pál utcai fiúk,Colombia,Federal Republic of Germany
MOLNÁR Ferenc: A Pál utcai fiúk,Colombia,Finland
MOLNÁR Ferenc: A Pál utcai fiúk,Colombia,France
MOLNÁR Ferenc: A Pál utcai fiúk,Colombia,Hungary
MOLNÁR Ferenc: A Pál utcai fiúk,Colombia,Israel
MOLNÁR Ferenc: A Pál utcai fiúk,Colombia,Italy
MOLNÁR Ferenc: A Pál utcai fiúk,Colombia,Poland
MOLNÁR Ferenc: A Pál utcai fiúk,Colombia,Romania
MOLNÁR Ferenc: A Pál utcai fiúk,Colombia,Spain
MOLNÁR Ferenc: A Pál utcai fiúk,Colombia,Sweden
MOLNÁR Ferenc: A Pál utcai fiúk,Colombia,Turkey
MOLNÁR Ferenc: A Pál utcai fiúk,Colombia,USSR-grúz
MOLNÁR Ferenc: A Pál utcai fiúk,Colombia,USSR-litván
MOLNÁR Ferenc: A Pál utcai fiúk,Colombia,USSR-moldva
MOLNÁR Ferenc: A Pál utcai fiúk,Colombia,USSR-orosz
MOLNÁR Ferenc: A Pál utcai fiúk,Colombia,USSR-ukrán
MOLNÁR Ferenc: A Pál utcai fiúk,Colombia,USSR-észt
MOLNÁR Ferenc: A Pál utcai fiúk,Colombia,USSR-örmény
MOLNÁR Ferenc: A Pál utcai fiúk,Colombia,Yugoslavia
GÁRDONYI Géza: A láthatatlan ember,Cuba,Czechoslovakia-cseh
NÉMETH László: Bűn,Cuba,Czechoslovakia-cseh
KARINTHY Ferenc: Epepe,Cuba,Czechoslovakia-cseh
KARINTHY Ferenc: Budapesti tavasz,Cuba,Czechoslovakia-cseh
NÉMETH László: Iszony,Cuba,Czechoslovakia-cseh
KARINTHY Ferenc: Budapesti tavasz,Cuba,Czechoslovakia-szlovák
NÉMETH László: Iszony,Cuba,Czechoslovakia-szlovák
GÁRDONYI Géza: A láthatatlan ember,Cuba,Federal Republic of Germany
NÉMETH László: Iszony,Cuba,Federal Republic of Germany
KARINTHY Ferenc: Epepe,Cuba,Finland
NÉMETH László: Iszony,Cuba,Finland
NÉMETH László: Iszony,Cuba,France
GÁRDONYI Géza: A láthatatlan ember,Cuba,GDR
NÉMETH László: Bűn,Cuba,GDR
KARINTHY Ferenc: Budapesti tavasz,Cuba,GDR
NÉMETH László: Iszony,Cuba,GDR
GÁRDONYI Géza: A láthatatlan ember,Cuba,Hungary
NÉMETH László: Bűn,Cuba,Hungary
KARINTHY Ferenc: Budapesti tavasz,Cuba,Hungary
GÁRDONYI Géza: A láthatatlan ember,Cuba,Israel
NÉMETH László: Iszony,Cuba,Italy
KARINTHY Ferenc: Epepe,Cuba,Japan
KARINTHY Ferenc: Budapesti tavasz,Cuba,Japan
KARINTHY Ferenc: Budapesti tavasz,Cuba,Mongolia
NÉMETH László: Iszony,Cuba,Netherlands
KARINTHY Ferenc: Epepe,Cuba,Norway
NÉMETH László: Iszony,Cuba,Norway
GÁRDONYI Géza: A láthatatlan ember,Cuba,Poland
NÉMETH László: Bűn,Cuba,Poland
KARINTHY Ferenc: Epepe,Cuba,Poland
KARINTHY Ferenc: Budapesti tavasz,Cuba,Poland
NÉMETH László: Iszony,Cuba,Poland
KARINTHY Ferenc: Budapesti tavasz,Cuba,Portugal
NÉMETH László: Iszony,Cuba,Romania
NÉMETH László: Iszony,Cuba,Spain
KARINTHY Ferenc: Epepe,Cuba,Sweden
NÉMETH László: Iszony,Cuba,Sweden
GÁRDONYI Géza: A láthatatlan ember,Cuba,Turkey
KARINTHY Ferenc: Budapesti tavasz,Cuba,Turkey
GÁRDONYI Géza: A láthatatlan ember,Cuba,UK
NÉMETH László: Bűn,Cuba,UK
NÉMETH László: Iszony,Cuba,UK
NÉMETH László: Iszony,Cuba,USA
KARINTHY Ferenc: Budapesti tavasz,Cuba,USSR-türkmén
NÉMETH László: Bűn,Cuba,USSR-ukrán
GÁRDONYI Géza: A láthatatlan ember,Cuba,USSR-észt
NÉMETH László: Iszony,Cuba,USSR-észt
GÁRDONYI Géza: A láthatatlan ember,Cuba,Yugoslavia
NÉMETH László: Bűn,Cuba,Yugoslavia
KARINTHY Ferenc: Budapesti tavasz,Cuba,Yugoslavia
NÉMETH László: Iszony,Cuba,Yugoslavia
ACZÉL Tamás: A szabadság árnyékában,Czechoslovakia-cseh,Czechoslovakia-szlovák
ACZÉL Tamás: Vihar és napsütés,Czechoslovakia-cseh,Czechoslovakia-szlovák
BOLDIZSÁR Iván: Fortocska,Czechoslovakia-cseh,Czechoslovakia-szlovák
DARVAS József: Város az ingoványon,Czechoslovakia-cseh,Czechoslovakia-szlovák
FAZEKAS Mihály: Lúdas Matyi,Czechoslovakia-cseh,Czechoslovakia-szlovák
ILLÉS Béla: Fegyvert s vitézt éneklek,Czechoslovakia-cseh,Czechoslovakia-szlovák
ILLÉS Béla: Szkipetárok,Czechoslovakia-cseh,Czechoslovakia-szlovák
ILLÉS Béla: Tűz Moszkva alatt,Czechoslovakia-cseh,Czechoslovakia-szlovák
MIKSZÁTH Kálmán: Különös házasság,Czechoslovakia-cseh,Czechoslovakia-szlovák
SZABÓ Pál: Isten malmai,Czechoslovakia-cseh,Czechoslovakia-szlovák
SZABÓ Pál: Talpalatnyi föld,Czechoslovakia-cseh,Czechoslovakia-szlovák
VERES Péter: Próbatétel,Czechoslovakia-cseh,Czechoslovakia-szlovák
SZABÓ Magda: Mondják meg Zsófikának,Czechoslovakia-cseh,Czechoslovakia-szlovák
ILLÉS Béla: Honfoglalás,Czechoslovakia-cseh,Czechoslovakia-szlovák
KAFFKA Margit: Színek és évek,Czechoslovakia-cseh,Czechoslovakia-szlovák
KARINTHY Ferenc: Budapesti tavasz,Czechoslovakia-cseh,Czechoslovakia-szlovák
MIKSZÁTH Kálmán: Beszterce ostroma,Czechoslovakia-cseh,Czechoslovakia-szlovák
MÓRICZ Zsigmond: A boldog ember,Czechoslovakia-cseh,Czechoslovakia-szlovák
MÓRICZ Zsigmond: Pillangó,Czechoslovakia-cseh,Czechoslovakia-szlovák
MÓRICZ Zsigmond: Rokonok,Czechoslovakia-cseh,Czechoslovakia-szlovák
MÓRICZ Zsigmond: Úri muri,Czechoslovakia-cseh,Czechoslovakia-szlovák
CSIKY Gergely: A proletárok,Czechoslovakia-cseh,Czechoslovakia-szlovák
JÓKAI Mór: Rab Ráby,Czechoslovakia-cseh,Czechoslovakia-szlovák
MOLNÁR Ferenc: A Pál utcai fiúk,Czechoslovakia-cseh,Czechoslovakia-szlovák
MÓRICZ Zsigmond: Árvácska,Czechoslovakia-cseh,Czechoslovakia-szlovák
MÓRICZ Zsigmond: Légy jó mindhalálig,Czechoslovakia-cseh,Czechoslovakia-szlovák
BETLEN Oszkár: Élet a halál földjén,Czechoslovakia-cseh,Czechoslovakia-szlovák
MADÁCH Imre: Az ember tragédiája,Czechoslovakia-cseh,Czechoslovakia-szlovák
JÓKAI Mór: A kőszívű ember fiai,Czechoslovakia-cseh,Czechoslovakia-szlovák
KOSZTOLÁNYI Dezső: Pacsirta,Czechoslovakia-cseh,Czechoslovakia-szlovák
MIKSZÁTH Kálmán: A Noszty fiú esete Tóth Marival,Czechoslovakia-cseh,Czechoslovakia-szlovák
MIKSZÁTH Kálmán: Szent Péter esernyője,Czechoslovakia-cseh,Czechoslovakia-szlovák
NÉMETH László: Iszony,Czechoslovakia-cseh,Czechoslovakia-szlovák
TERSÁNSZKY Józsi Jenő: Kakuk Marci,Czechoslovakia-cseh,Czechoslovakia-szlovák
DOBOZY Imre: Szélvihar,Czechoslovakia-cseh,Czechoslovakia-szlovák
ILLÉS Béla: Kárpáti rapszódia,Czechoslovakia-cseh,Czechoslovakia-szlovák
NÉMETH László: Gyász,Czechoslovakia-cseh,Czechoslovakia-szlovák
SZABÓ Magda: Álarcosbál,Czechoslovakia-cseh,Czechoslovakia-szlovák
TATAY Sándor: Puskák és galambok,Czechoslovakia-cseh,Czechoslovakia-szlovák
FEJES Endre: Rozsdatemető,Czechoslovakia-cseh,Czechoslovakia-szlovák
SÁNTA Ferenc: Az ötödik pecsét,Czechoslovakia-cseh,Czechoslovakia-szlovák
SOMOGYI TÓTH Sándor: Gyerektükör,Czechoslovakia-cseh,Czechoslovakia-szlovák
FEKETE Gyula: Az orvos halála,Czechoslovakia-cseh,Czechoslovakia-szlovák
GERGELY Márta: A mi lányunk,Czechoslovakia-cseh,Czechoslovakia-szlovák
MURÁNYI KOVÁCS Endre: A firenzei varázsló,Czechoslovakia-cseh,Czechoslovakia-szlovák
PASSUTH László: Esőisten siratja Mexikót,Czechoslovakia-cseh,Czechoslovakia-szlovák
DÉKÁNY András: Az elveszett sziget,Czechoslovakia-cseh,Czechoslovakia-szlovák
ÖRKÉNY István: Tóték,Czechoslovakia-cseh,Czechoslovakia-szlovák
JÓKAI Mór: A lőcsei fehér asszony,Czechoslovakia-cseh,Czechoslovakia-szlovák
BERKESI András: Sellő a pecsétgyűrűn,Czechoslovakia-cseh,Czechoslovakia-szlovák
DÉRY Tibor: A kiközösítő,Czechoslovakia-cseh,Czechoslovakia-szlovák
FÜST Milán: A feleségem története,Czechoslovakia-cseh,Czechoslovakia-szlovák
ILLYÉS Gyula: Kháron ladikján,Czechoslovakia-cseh,Czechoslovakia-szlovák
OTTLIK Géza: Iskola a határon,Czechoslovakia-cseh,Czechoslovakia-szlovák
SZAMOS Rudolf: Kántor nyomoz,Czechoslovakia-cseh,Czechoslovakia-szlovák
ANDRÁS László: Halál a Dunaparton,Czechoslovakia-cseh,Czechoslovakia-szlovák
BERTHA Bulcsu: A kenguru,Czechoslovakia-cseh,Czechoslovakia-szlovák
JÓKAI Anna: 4447,Czechoslovakia-cseh,Czechoslovakia-szlovák
ÖRKÉNY István: Egyperces novellák,Czechoslovakia-cseh,Czechoslovakia-szlovák
JÓKAI Mór: Fekete gyémántok,Czechoslovakia-cseh,Czechoslovakia-szlovák
CSURKA István: Eredeti helyszin,Czechoslovakia-cseh,Czechoslovakia-szlovák
VADÁSZ Ferenc: Tenyérnyi ég,Czechoslovakia-cseh,Czechoslovakia-szlovák
HALASI Mária: Az utolsó padban,Czechoslovakia-cseh,Czechoslovakia-szlovák
VÖRÖSMARTY Mihály: Csongor és Tünde,Czechoslovakia-cseh,Czechoslovakia-szlovák
KERTÉSZ Ákos: Makra,Czechoslovakia-cseh,Czechoslovakia-szlovák
MIKSZÁTH Kálmán: A fekete város,Czechoslovakia-cseh,Czechoslovakia-szlovák
HUBAY Miklós: Késdobálók,Czechoslovakia-cseh,Czechoslovakia-szlovák
SZERB Antal: A Pendragon legenda,Czechoslovakia-cseh,Czechoslovakia-szlovák
VÁMOS Miklós: Borgisz,Czechoslovakia-cseh,Czechoslovakia-szlovák
ASZTALOS István: Szél fúvatlan nem indul,Czechoslovakia-cseh,Czechoslovakia-szlovák
KARINTHY Frigyes: Utazás Faremidóba; Capillária,Czechoslovakia-cseh,Czechoslovakia-szlovák
NAGY Lajos: Pincenapló,Czechoslovakia-cseh,Czechoslovakia-szlovák
SZAKONYI Károly: Adáshiba,Czechoslovakia-cseh,Czechoslovakia-szlovák
MESTERHÁZI Lajos: A tizenegyedik parancsolat,Czechoslovakia-cseh,Czechoslovakia-szlovák
KOSZTOLÁNYI Dezső: A véres költő (Nero),Czechoslovakia-cseh,Czechoslovakia-szlovák
GÁRDONYI Géza: Egri csillagok,Czechoslovakia-cseh,Czechoslovakia-szlovák
KERTÉSZ Ákos: Névnap,Czechoslovakia-cseh,Czechoslovakia-szlovák
KERTÉSZ Ákos: Özvegyek,Czechoslovakia-cseh,Czechoslovakia-szlovák
DOBOZY Imre: Holnap folytatjuk,Czechoslovakia-cseh,Czechoslovakia-szlovák
DARVAS József: Vízkereszttől Szilveszterig,Czechoslovakia-cseh,Denmark
DÉRY Tibor: Niki,Czechoslovakia-cseh,Denmark
MÉSZÖLY Miklós: Az atléta halála,Czechoslovakia-cseh,Denmark
HALASI Mária: Az utolsó padban,Czechoslovakia-cseh,Denmark
ÖRKÉNY István: Tóték,Czechoslovakia-cseh,Egypt
SZABÓ Magda: Disznótor,Czechoslovakia-cseh,Federal Republic of Germany
MOLNÁR Ferenc: A Pál utcai fiúk,Czechoslovakia-cseh,Federal Republic of Germany
NÉMETH László: Iszony,Czechoslovakia-cseh,Federal Republic of Germany
SZABÓ Magda: Freskó,Czechoslovakia-cseh,Federal Republic of Germany
GÁRDONYI Géza: A láthatatlan ember,Czechoslovakia-cseh,Federal Republic of Germany
ILLYÉS Gyula: Puszták népe,Czechoslovakia-cseh,Federal Republic of Germany
NÉMETH László: Gyász,Czechoslovakia-cseh,Federal Republic of Germany
DÉRY Tibor: Niki,Czechoslovakia-cseh,Federal Republic of Germany
FEJES Endre: Rozsdatemető,Czechoslovakia-cseh,Federal Republic of Germany
DÉRY Tibor: G. A. úr X-ben,Czechoslovakia-cseh,Federal Republic of Germany
MOLNÁR Ferenc: Olympia,Czechoslovakia-cseh,Federal Republic of Germany
MURÁNYI KOVÁCS Endre: A firenzei varázsló,Czechoslovakia-cseh,Federal Republic of Germany
MÉSZÖLY Miklós: Az atléta halála,Czechoslovakia-cseh,Federal Republic of Germany
DÉRY Tibor: A kiközösítő,Czechoslovakia-cseh,Federal Republic of Germany
FÜST Milán: A feleségem története,Czechoslovakia-cseh,Federal Republic of Germany
OTTLIK Géza: Iskola a határon,Czechoslovakia-cseh,Federal Republic of Germany
BABITS Mihály: A gólyakalifa,Czechoslovakia-cseh,Federal Republic of Germany
DÉRY Tibor: A befejezetlen mondat,Czechoslovakia-cseh,Federal Republic of Germany
HALASI Mária: Az utolsó padban,Czechoslovakia-cseh,Federal Republic of Germany
LENGYEL Péter: Ogg második bolygója,Czechoslovakia-cseh,Federal Republic of Germany
KERTÉSZ Ákos: Makra,Czechoslovakia-cseh,Federal Republic of Germany
NÉMETH László: Irgalom,Czechoslovakia-cseh,Federal Republic of Germany
GÁRDONYI Géza: Egri csillagok,Czechoslovakia-cseh,Federal Republic of Germany
VERES Péter: Próbatétel,Czechoslovakia-cseh,Finland
SZABÓ Magda: Disznótor,Czechoslovakia-cseh,Finland
MOLNÁR Ferenc: A Pál utcai fiúk,Czechoslovakia-cseh,Finland
NÉMETH László: Iszony,Czechoslovakia-cseh,Finland
ILLYÉS Gyula: Puszták népe,Czechoslovakia-cseh,Finland
DÉRY Tibor: Niki,Czechoslovakia-cseh,Finland
FEJES Endre: Rozsdatemető,Czechoslovakia-cseh,Finland
ILLYÉS Gyula: Kháron ladikján,Czechoslovakia-cseh,Finland
BABITS Mihály: A gólyakalifa,Czechoslovakia-cseh,Finland
HALASI Mária: Az utolsó padban,Czechoslovakia-cseh,Finland
KARINTHY Ferenc: Epepe,Czechoslovakia-cseh,Finland
KERTÉSZ Ákos: Makra,Czechoslovakia-cseh,Finland
MOLDOVA György: Sötét angyal,Czechoslovakia-cseh,Finland
SZAKONYI Károly: Adáshiba,Czechoslovakia-cseh,Finland
DÉRY Tibor: Képzelt riport egy amerikai pop-fesztiválról,Czechoslovakia-cseh,Finland
GÁRDONYI Géza: Egri csillagok,Czechoslovakia-cseh,Finland
ILLYÉS Gyula: Petőfi,Czechoslovakia-cseh,France
PETŐFI Sándor: János vitéz,Czechoslovakia-cseh,France
VERES Péter: Próbatétel,Czechoslovakia-cseh,France
MÓRICZ Zsigmond: A boldog ember,Czechoslovakia-cseh,France
MÓRICZ Zsigmond: Rokonok,Czechoslovakia-cseh,France
MOLNÁR Ferenc: A Pál utcai fiúk,Czechoslovakia-cseh,France
MÓRICZ Zsigmond: Légy jó mindhalálig,Czechoslovakia-cseh,France
JÓKAI Mór: A kőszívű ember fiai,Czechoslovakia-cseh,France
NÉMETH László: Iszony,Czechoslovakia-cseh,France
SZABÓ Magda: Freskó,Czechoslovakia-cseh,France
TERSÁNSZKY Józsi Jenő: Kakuk Marci,Czechoslovakia-cseh,France
ILLYÉS Gyula: Puszták népe,Czechoslovakia-cseh,France
DÉRY Tibor: Niki,Czechoslovakia-cseh,France
FEJES Endre: Rozsdatemető,Czechoslovakia-cseh,France
SÁNTA Ferenc: Az ötödik pecsét,Czechoslovakia-cseh,France
DÉRY Tibor: G. A. úr X-ben,Czechoslovakia-cseh,France
PASSUTH László: Esőisten siratja Mexikót,Czechoslovakia-cseh,France
SZABÓ Magda: Sziget-kék,Czechoslovakia-cseh,France
MÉSZÖLY Miklós: Az atléta halála,Czechoslovakia-cseh,France
ÖRKÉNY István: Macskajáték,Czechoslovakia-cseh,France
ÖRKÉNY István: Tóték,Czechoslovakia-cseh,France
DÉRY Tibor: A kiközösítő,Czechoslovakia-cseh,France
FÜST Milán: A feleségem története,Czechoslovakia-cseh,France
ILLYÉS Gyula: Kháron ladikján,Czechoslovakia-cseh,France
OTTLIK Géza: Iskola a határon,Czechoslovakia-cseh,France
ÖRKÉNY István: Egyperces novellák,Czechoslovakia-cseh,France
DÉRY Tibor: A befejezetlen mondat,Czechoslovakia-cseh,France
KARINTHY Frigyes: Utazás a koponyám körül,Czechoslovakia-cseh,France
VÖRÖSMARTY Mihály: Csongor és Tünde,Czechoslovakia-cseh,France
CSERES Tibor: Hideg napok,Czechoslovakia-cseh,France
DARVAS József: Város az ingoványon,Czechoslovakia-cseh,GDR
ILLÉS Béla: Fegyvert s vitézt éneklek,Czechoslovakia-cseh,GDR
ILLYÉS Gyula: Petőfi,Czechoslovakia-cseh,GDR
MIKSZÁTH Kálmán: Különös házasság,Czechoslovakia-cseh,GDR
NAGY Sándor: Megbékélés,Czechoslovakia-cseh,GDR
PETŐFI Sándor: János vitéz,Czechoslovakia-cseh,GDR
SZABÓ Pál: Isten malmai,Czechoslovakia-cseh,GDR
SZABÓ Pál: Talpalatnyi föld,Czechoslovakia-cseh,GDR
VERES Péter: Próbatétel,Czechoslovakia-cseh,GDR
ILLÉS Béla: Honfoglalás,Czechoslovakia-cseh,GDR
KAFFKA Margit: Színek és évek,Czechoslovakia-cseh,GDR
KARINTHY Ferenc: Budapesti tavasz,Czechoslovakia-cseh,GDR
MIKSZÁTH Kálmán: Beszterce ostroma,Czechoslovakia-cseh,GDR
MÓRICZ Zsigmond: A boldog ember,Czechoslovakia-cseh,GDR
MÓRICZ Zsigmond: Rokonok,Czechoslovakia-cseh,GDR
ZALKA Máté: Doberdo,Czechoslovakia-cseh,GDR
CSIKY Gergely: A proletárok,Czechoslovakia-cseh,GDR
DARVAS József: Vízkereszttől Szilveszterig,Czechoslovakia-cseh,GDR
JÓKAI Mór: Rab Ráby,Czechoslovakia-cseh,GDR
BETLEN Oszkár: Élet a halál földjén,Czechoslovakia-cseh,GDR
ILLÉS Béla: Ég a Tisza,Czechoslovakia-cseh,GDR
JÓKAI Mór: A kőszívű ember fiai,Czechoslovakia-cseh,GDR
MIKSZÁTH Kálmán: A Noszty fiú esete Tóth Marival,Czechoslovakia-cseh,GDR
MIKSZÁTH Kálmán: Szent Péter esernyője,Czechoslovakia-cseh,GDR
NÉMETH László: Iszony,Czechoslovakia-cseh,GDR
SZABÓ Magda: Freskó,Czechoslovakia-cseh,GDR
TERSÁNSZKY Józsi Jenő: Kakuk Marci,Czechoslovakia-cseh,GDR
NÉMETH László: Bűn,Czechoslovakia-cseh,GDR
BÓKA László: Alázatosan jelentem,Czechoslovakia-cseh,GDR
GÁRDONYI Géza: A láthatatlan ember,Czechoslovakia-cseh,GDR
ILLYÉS Gyula: Puszták népe,Czechoslovakia-cseh,GDR
SZÉKELY János (John Pen): Kísértés,Czechoslovakia-cseh,GDR
ILLÉS Béla: Kárpáti rapszódia,Czechoslovakia-cseh,GDR
NÉMETH László: Gyász,Czechoslovakia-cseh,GDR
TATAY Sándor: Puskák és galambok,Czechoslovakia-cseh,GDR
FEJES Endre: Rozsdatemető,Czechoslovakia-cseh,GDR
SÁNTA Ferenc: Az ötödik pecsét,Czechoslovakia-cseh,GDR
FEKETE Gyula: Az orvos halála,Czechoslovakia-cseh,GDR
MURÁNYI KOVÁCS Endre: A firenzei varázsló,Czechoslovakia-cseh,GDR
PALOTAI Boris: A madarak elhallgattak,Czechoslovakia-cseh,GDR
ÖRKÉNY István: Macskajáték,Czechoslovakia-cseh,GDR
JÓKAI Mór: A lőcsei fehér asszony,Czechoslovakia-cseh,GDR
JÓKAI Mór: Sárga rózsa,Czechoslovakia-cseh,GDR
BERKESI András: Sellő a pecsétgyűrűn,Czechoslovakia-cseh,GDR
CSERNAI Zoltán: Titok a világ tetején,Czechoslovakia-cseh,GDR
DÉRY Tibor: A kiközösítő,Czechoslovakia-cseh,GDR
FÜST Milán: A feleségem története,Czechoslovakia-cseh,GDR
ILLYÉS Gyula: Kháron ladikján,Czechoslovakia-cseh,GDR
OTTLIK Géza: Iskola a határon,Czechoslovakia-cseh,GDR
SZAMOS Rudolf: Kántor nyomoz,Czechoslovakia-cseh,GDR
ANDRÁS László: Halál a Dunaparton,Czechoslovakia-cseh,GDR
LENGYEL József: Prenn Ferenc hányatott élete,Czechoslovakia-cseh,GDR
SIPKAY Barna: Nyakamban az élet,Czechoslovakia-cseh,GDR
BERTHA Bulcsu: A kenguru,Czechoslovakia-cseh,GDR
ÖRKÉNY István: Egyperces novellák,Czechoslovakia-cseh,GDR
MÓRICZ Zsigmond: Tündérkert,Czechoslovakia-cseh,GDR
KOLOZSVÁRI GRANDPIERRE Emil: Nők apróban,Czechoslovakia-cseh,GDR
SZAKONYI Károly: A hatodik napon,Czechoslovakia-cseh,GDR
SZAMOS Rudolf: Kántor a nagyvárosban,Czechoslovakia-cseh,GDR
DÉRY Tibor: A befejezetlen mondat,Czechoslovakia-cseh,GDR
CSUKÁS István: Keménykalap és krumpliorr,Czechoslovakia-cseh,GDR
KARINTHY Frigyes: Utazás a koponyám körül,Czechoslovakia-cseh,GDR
SZABÓ Magda: Régimódi történet,Czechoslovakia-cseh,GDR
Tóth Judith: Kifutópálya,Czechoslovakia-cseh,GDR
VÖRÖSMARTY Mihály: Csongor és Tünde,Czechoslovakia-cseh,GDR
KERTÉSZ Ákos: Makra,Czechoslovakia-cseh,GDR
MIKSZÁTH Kálmán: A fekete város,Czechoslovakia-cseh,GDR
MÓRICZ Zsigmond: A nagy fejedelem,Czechoslovakia-cseh,GDR
HEVESI Lajos: Jelky András kalandjai,Czechoslovakia-cseh,GDR
DÉRY Tibor: Felelet,Czechoslovakia-cseh,GDR
NÉMETH László: Irgalom,Czechoslovakia-cseh,GDR
MÓRICZ Zsigmond: A nap árnyéka,Czechoslovakia-cseh,GDR
SPIRÓ György: Az imposztor,Czechoslovakia-cseh,GDR
ASZTALOS István: Szél fúvatlan nem indul,Czechoslovakia-cseh,GDR
CSERES Tibor: Hideg napok,Czechoslovakia-cseh,GDR
KARINTHY Frigyes: Utazás Faremidóba; Capillária,Czechoslovakia-cseh,GDR
ÖRSI Ferenc: A Tenkes kapitánya,Czechoslovakia-cseh,GDR
NAGY Lajos: Pincenapló,Czechoslovakia-cseh,GDR
FEHÉR Klára: A teremtés koronája,Czechoslovakia-cseh,GDR
MESTERHÁZI Lajos: A tizenegyedik parancsolat,Czechoslovakia-cseh,GDR
DÉRY Tibor: Képzelt riport egy amerikai pop-fesztiválról,Czechoslovakia-cseh,GDR
KOSZTOLÁNYI Dezső: A véres költő (Nero),Czechoslovakia-cseh,GDR
GÁRDONYI Géza: Egri csillagok,Czechoslovakia-cseh,GDR
JÓKAI Anna: Tartozik és követel,Czechoslovakia-cseh,GDR
KERTÉSZ Ákos: Özvegyek,Czechoslovakia-cseh,GDR
DOBOZY Imre: Holnap folytatjuk,Czechoslovakia-cseh,GDR
"TERSÁNSZKY Józsi Jenő: Viszontlátásra, drága",Czechoslovakia-cseh,GDR
MÓRICZ Zsigmond: Légy jó mindhalálig,Czechoslovakia-cseh,Greece
HALASI Mária: Az utolsó padban,Czechoslovakia-cseh,Greece
SZAKONYI Károly: Adáshiba,Czechoslovakia-cseh,Greece
GÁRDONYI Géza: Egri csillagok,Czechoslovakia-cseh,Greece
ILLYÉS Gyula: Petőfi,Czechoslovakia-cseh,Hungary
MIKSZÁTH Kálmán: Különös házasság,Czechoslovakia-cseh,Hungary
PETŐFI Sándor: János vitéz,Czechoslovakia-cseh,Hungary
SZABÓ Magda: Mondják meg Zsófikának,Czechoslovakia-cseh,Hungary
KARINTHY Ferenc: Budapesti tavasz,Czechoslovakia-cseh,Hungary
KATONA József: Bánk bán,Czechoslovakia-cseh,Hungary
MIKSZÁTH Kálmán: Beszterce ostroma,Czechoslovakia-cseh,Hungary
MÓRICZ Zsigmond: Rokonok,Czechoslovakia-cseh,Hungary
MOLNÁR Ferenc: A Pál utcai fiúk,Czechoslovakia-cseh,Hungary
MÓRICZ Zsigmond: Légy jó mindhalálig,Czechoslovakia-cseh,Hungary
MADÁCH Imre: Az ember tragédiája,Czechoslovakia-cseh,Hungary
KARINTHY Frigyes: Tanár úr kérem,Czechoslovakia-cseh,Hungary
MIKSZÁTH Kálmán: A két koldusdiák,Czechoslovakia-cseh,Hungary
MIKSZÁTH Kálmán: Szent Péter esernyője,Czechoslovakia-cseh,Hungary
TERSÁNSZKY Józsi Jenő: Kakuk Marci,Czechoslovakia-cseh,Hungary
NÉMETH László: Bűn,Czechoslovakia-cseh,Hungary
GÁRDONYI Géza: A láthatatlan ember,Czechoslovakia-cseh,Hungary
ILLYÉS Gyula: Puszták népe,Czechoslovakia-cseh,Hungary
ILLÉS Béla: Kárpáti rapszódia,Czechoslovakia-cseh,Hungary
NÉMETH László: Gyász,Czechoslovakia-cseh,Hungary
SZABÓ Magda: Álarcosbál,Czechoslovakia-cseh,Hungary
SÁNTA Ferenc: Az ötödik pecsét,Czechoslovakia-cseh,Hungary
FEKETE Gyula: Az orvos halála,Czechoslovakia-cseh,Hungary
GERGELY Márta: A mi lányunk,Czechoslovakia-cseh,Hungary
MURÁNYI KOVÁCS Endre: A firenzei varázsló,Czechoslovakia-cseh,Hungary
SZABÓ Magda: Sziget-kék,Czechoslovakia-cseh,Hungary
DÉKÁNY András: Az elveszett sziget,Czechoslovakia-cseh,Hungary
FÜST Milán: A feleségem története,Czechoslovakia-cseh,Hungary
BABITS Mihály: A gólyakalifa,Czechoslovakia-cseh,Hungary
SZABÓ Lőrinc: A huszonhatodik év,Czechoslovakia-cseh,Hungary
MÓRICZ Zsigmond: Tündérkert,Czechoslovakia-cseh,Hungary
JÓKAI Mór: Fekete gyémántok,Czechoslovakia-cseh,Hungary
CSURKA István: Eredeti helyszin,Czechoslovakia-cseh,Hungary
SZABÓ Magda: Régimódi történet,Czechoslovakia-cseh,Hungary
MIKSZÁTH Kálmán: A fekete város,Czechoslovakia-cseh,Hungary
HEVESI Lajos: Jelky András kalandjai,Czechoslovakia-cseh,Hungary
DÉKÁNY András: Robinson utolsó kalandja,Czechoslovakia-cseh,Hungary
SZERB Antal: A Pendragon legenda,Czechoslovakia-cseh,Hungary
MÓRICZ Zsigmond: A nap árnyéka,Czechoslovakia-cseh,Hungary
MOLDOVA György: Sötét angyal,Czechoslovakia-cseh,Hungary
KARINTHY Frigyes: Utazás Faremidóba; Capillária,Czechoslovakia-cseh,Hungary
KOSZTOLÁNYI Dezső: A véres költő (Nero),Czechoslovakia-cseh,Hungary
GÁRDONYI Géza: Egri csillagok,Czechoslovakia-cseh,Hungary
"TERSÁNSZKY Józsi Jenő: Viszontlátásra, drága",Czechoslovakia-cseh,Hungary
VERES Péter: Próbatétel,Czechoslovakia-cseh,Iran
CSIKY Gergely: A proletárok,Czechoslovakia-cseh,Iran
MOLNÁR Ferenc: A Pál utcai fiúk,Czechoslovakia-cseh,Israel
MÓRICZ Zsigmond: Légy jó mindhalálig,Czechoslovakia-cseh,Israel
KARINTHY Frigyes: Tanár úr kérem,Czechoslovakia-cseh,Israel
GÁRDONYI Géza: A láthatatlan ember,Czechoslovakia-cseh,Israel
ILLÉS Béla: Kárpáti rapszódia,Czechoslovakia-cseh,Israel
ACZÉL Tamás: A szabadság árnyékában,Czechoslovakia-cseh,Italy
ILLYÉS Gyula: Petőfi,Czechoslovakia-cseh,Italy
VERES Péter: Próbatétel,Czechoslovakia-cseh,Italy
MOLNÁR Ferenc: A Pál utcai fiúk,Czechoslovakia-cseh,Italy
MADÁCH Imre: Az ember tragédiája,Czechoslovakia-cseh,Italy
MIKSZÁTH Kálmán: Szent Péter esernyője,Czechoslovakia-cseh,Italy
NÉMETH László: Iszony,Czechoslovakia-cseh,Italy
DÉRY Tibor: Niki,Czechoslovakia-cseh,Italy
FEJES Endre: Rozsdatemető,Czechoslovakia-cseh,Italy
DÉRY Tibor: G. A. úr X-ben,Czechoslovakia-cseh,Italy
JÓKAI Mór: Sárga rózsa,Czechoslovakia-cseh,Italy
DÉRY Tibor: A kiközösítő,Czechoslovakia-cseh,Italy
ÖRKÉNY István: Egyperces novellák,Czechoslovakia-cseh,Italy
HALASI Mária: Az utolsó padban,Czechoslovakia-cseh,Italy
DÉRY Tibor: A félfülű,Czechoslovakia-cseh,Italy
DÉRY Tibor: Képzelt riport egy amerikai pop-fesztiválról,Czechoslovakia-cseh,Italy
GÁRDONYI Géza: Egri csillagok,Czechoslovakia-cseh,Italy
KARINTHY Ferenc: Budapesti tavasz,Czechoslovakia-cseh,Japan
MADÁCH Imre: Az ember tragédiája,Czechoslovakia-cseh,Japan
ILLYÉS Gyula: Puszták népe,Czechoslovakia-cseh,Japan
ÖRKÉNY István: Tóték,Czechoslovakia-cseh,Japan
KARINTHY Ferenc: Epepe,Czechoslovakia-cseh,Japan
LENGYEL Péter: Ogg második bolygója,Czechoslovakia-cseh,Japan
KERTÉSZ Ákos: Makra,Czechoslovakia-cseh,Japan
PASSUTH László: Esőisten siratja Mexikót,Czechoslovakia-cseh,Mexico
JÓKAI Mór: Sárga rózsa,Czechoslovakia-cseh,Mexico
NAGY Sándor: Megbékélés,Czechoslovakia-cseh,Mongolia
KARINTHY Ferenc: Budapesti tavasz,Czechoslovakia-cseh,Mongolia
ILLÉS Béla: Fegyvert s vitézt éneklek,Czechoslovakia-cseh,Netherlands
MIKSZÁTH Kálmán: Szent Péter esernyője,Czechoslovakia-cseh,Netherlands
NÉMETH László: Iszony,Czechoslovakia-cseh,Netherlands
ILLYÉS Gyula: Puszták népe,Czechoslovakia-cseh,Netherlands
ILLÉS Béla: Kárpáti rapszódia,Czechoslovakia-cseh,Netherlands
KÖRMENDI Ferenc: Juniusi hétköznap,Czechoslovakia-cseh,Netherlands
FÜST Milán: A feleségem története,Czechoslovakia-cseh,Netherlands
HEVESI Lajos: Jelky András kalandjai,Czechoslovakia-cseh,Netherlands
GÁRDONYI Géza: Egri csillagok,Czechoslovakia-cseh,Netherlands
MADÁCH Imre: Az ember tragédiája,Czechoslovakia-cseh,Norway
NÉMETH László: Iszony,Czechoslovakia-cseh,Norway
DÉRY Tibor: Niki,Czechoslovakia-cseh,Norway
HALASI Mária: Az utolsó padban,Czechoslovakia-cseh,Norway
KARINTHY Ferenc: Epepe,Czechoslovakia-cseh,Norway
Tóth Judith: Kifutópálya,Czechoslovakia-cseh,Norway
BALÁZS Anna: Mire megjönnek a fecskék,Czechoslovakia-cseh,Poland
BALÁZS Anna: Névtelen hősök,Czechoslovakia-cseh,Poland
DARVAS József: Fekete kenyér,Czechoslovakia-cseh,Poland
DARVAS József: Város az ingoványon,Czechoslovakia-cseh,Poland
EGRY Irén: A gyár felébred,Czechoslovakia-cseh,Poland
GERGELY Sándor: Vitézek és hősök,Czechoslovakia-cseh,Poland
ILKU Pál: Az osztály zendülői,Czechoslovakia-cseh,Poland
ILLÉS Béla: A vígszínházi csata,Czechoslovakia-cseh,Poland
ILLÉS Béla: Fegyvert s vitézt éneklek,Czechoslovakia-cseh,Poland
ILLÉS Béla: Szkipetárok,Czechoslovakia-cseh,Poland
ILLYÉS Gyula: Petőfi,Czechoslovakia-cseh,Poland
MIKSZÁTH Kálmán: Különös házasság,Czechoslovakia-cseh,Poland
URBÁN Ernő: Tűzkeresztség,Czechoslovakia-cseh,Poland
VERES Péter: Próbatétel,Czechoslovakia-cseh,Poland
SZABÓ Magda: Disznótor,Czechoslovakia-cseh,Poland
SZABÓ Magda: Mondják meg Zsófikának,Czechoslovakia-cseh,Poland
KAFFKA Margit: Színek és évek,Czechoslovakia-cseh,Poland
KARINTHY Ferenc: Budapesti tavasz,Czechoslovakia-cseh,Poland
MIKSZÁTH Kálmán: Beszterce ostroma,Czechoslovakia-cseh,Poland
MÓRICZ Zsigmond: Rokonok,Czechoslovakia-cseh,Poland
ZALKA Máté: Doberdo,Czechoslovakia-cseh,Poland
MOLNÁR Ferenc: A Pál utcai fiúk,Czechoslovakia-cseh,Poland
MÓRICZ Zsigmond: Betyár,Czechoslovakia-cseh,Poland
MÓRICZ Zsigmond: Légy jó mindhalálig,Czechoslovakia-cseh,Poland
MADÁCH Imre: Az ember tragédiája,Czechoslovakia-cseh,Poland
ILLÉS Béla: Ég a Tisza,Czechoslovakia-cseh,Poland
JÓKAI Mór: A kőszívű ember fiai,Czechoslovakia-cseh,Poland
KOSZTOLÁNYI Dezső: Pacsirta,Czechoslovakia-cseh,Poland
MIKSZÁTH Kálmán: A két koldusdiák,Czechoslovakia-cseh,Poland
MIKSZÁTH Kálmán: A Noszty fiú esete Tóth Marival,Czechoslovakia-cseh,Poland
MIKSZÁTH Kálmán: Szent Péter esernyője,Czechoslovakia-cseh,Poland
NÉMETH László: Iszony,Czechoslovakia-cseh,Poland
SÓS György: Pettyes kalandjai,Czechoslovakia-cseh,Poland
SZABÓ Magda: Freskó,Czechoslovakia-cseh,Poland
NÉMETH László: Bűn,Czechoslovakia-cseh,Poland
GÁRDONYI Géza: A láthatatlan ember,Czechoslovakia-cseh,Poland
ILLYÉS Gyula: Puszták népe,Czechoslovakia-cseh,Poland
SARKADI Imre: A gyáva,Czechoslovakia-cseh,Poland
ILLÉS Béla: Kárpáti rapszódia,Czechoslovakia-cseh,Poland
NÉMETH László: Gyász,Czechoslovakia-cseh,Poland
SZABÓ Magda: Álarcosbál,Czechoslovakia-cseh,Poland
SZILVÁSI Lajos: Appassionata,Czechoslovakia-cseh,Poland
TATAY Sándor: Puskák és galambok,Czechoslovakia-cseh,Poland
DÉRY Tibor: Niki,Czechoslovakia-cseh,Poland
FEJES Endre: Rozsdatemető,Czechoslovakia-cseh,Poland
SÁNTA Ferenc: Az ötödik pecsét,Czechoslovakia-cseh,Poland
BERKESI András−KARDOS György: Kopjások,Czechoslovakia-cseh,Poland
DÉRY Tibor: G. A. úr X-ben,Czechoslovakia-cseh,Poland
MÉSZÖLY Miklós: Az atléta halála,Czechoslovakia-cseh,Poland
DÉRY Tibor: A kiközösítő,Czechoslovakia-cseh,Poland
FÜST Milán: A feleségem története,Czechoslovakia-cseh,Poland
ILLYÉS Gyula: Kháron ladikján,Czechoslovakia-cseh,Poland
KAFFKA Margit: Hangyaboly,Czechoslovakia-cseh,Poland
OTTLIK Géza: Iskola a határon,Czechoslovakia-cseh,Poland
BABITS Mihály: A gólyakalifa,Czechoslovakia-cseh,Poland
JÓKAI Anna: 4447,Czechoslovakia-cseh,Poland
KOLOZSVÁRI GRANDPIERRE Emil: Nők apróban,Czechoslovakia-cseh,Poland
GALGÓCZI Erzsébet: A közös bűn,Czechoslovakia-cseh,Poland
KARINTHY Ferenc: Epepe,Czechoslovakia-cseh,Poland
LENGYEL Péter: Ogg második bolygója,Czechoslovakia-cseh,Poland
SZABÓ Magda: Régimódi történet,Czechoslovakia-cseh,Poland
SZÁNTÓ György: Stradivari,Czechoslovakia-cseh,Poland
JÓKAI Anna: Napok,Czechoslovakia-cseh,Poland
KERTÉSZ Ákos: Makra,Czechoslovakia-cseh,Poland
MIKSZÁTH Kálmán: A fekete város,Czechoslovakia-cseh,Poland
RÓNAY György: Esti gyors,Czechoslovakia-cseh,Poland
DÉRY Tibor: A félfülű,Czechoslovakia-cseh,Poland
HEVESI Lajos: Jelky András kalandjai,Czechoslovakia-cseh,Poland
SZERB Antal: A Pendragon legenda,Czechoslovakia-cseh,Poland
DÉRY Tibor: Felelet,Czechoslovakia-cseh,Poland
NÉMETH László: Irgalom,Czechoslovakia-cseh,Poland
Szentmihályi Szabó Péter: Gellért,Czechoslovakia-cseh,Poland
VÁMOS Miklós: Borgisz,Czechoslovakia-cseh,Poland
"FEJES Endre: Jó estét nyár, jó estét szerelem",Czechoslovakia-cseh,Poland
DÁNIEL Anna: Karambol,Czechoslovakia-cseh,Poland
ASZTALOS István: Szél fúvatlan nem indul,Czechoslovakia-cseh,Poland
CSERES Tibor: Hideg napok,Czechoslovakia-cseh,Poland
MOLDOVA György: Sötét angyal,Czechoslovakia-cseh,Poland
NAGY Lajos: Pincenapló,Czechoslovakia-cseh,Poland
DÉRY Tibor: Képzelt riport egy amerikai pop-fesztiválról,Czechoslovakia-cseh,Poland
GÁRDONYI Géza: Egri csillagok,Czechoslovakia-cseh,Poland
JÓKAI Anna: Tartozik és követel,Czechoslovakia-cseh,Poland
KARINTHY Ferenc: Budapesti tavasz,Czechoslovakia-cseh,Portugal
ÖRKÉNY István: Egyperces novellák,Czechoslovakia-cseh,Portugal
ACZÉL Tamás: A szabadság árnyékában,Czechoslovakia-cseh,Romania
FAZEKAS Mihály: Lúdas Matyi,Czechoslovakia-cseh,Romania
GERGELY Sándor: Vitézek és hősök,Czechoslovakia-cseh,Romania
ILLÉS Béla: Fegyvert s vitézt éneklek,Czechoslovakia-cseh,Romania
JÓZSEF Jolán: A város peremén,Czechoslovakia-cseh,Romania
KOVÁCS György: Foggal és körömmel,Czechoslovakia-cseh,Romania
MIKSZÁTH Kálmán: Különös házasság,Czechoslovakia-cseh,Romania
PETŐFI Sándor: János vitéz,Czechoslovakia-cseh,Romania
VERES Péter: Próbatétel,Czechoslovakia-cseh,Romania
ILLÉS Béla: Honfoglalás,Czechoslovakia-cseh,Romania
KAFFKA Margit: Színek és évek,Czechoslovakia-cseh,Romania
KATONA József: Bánk bán,Czechoslovakia-cseh,Romania
MÓRICZ Zsigmond: A boldog ember,Czechoslovakia-cseh,Romania
MÓRICZ Zsigmond: Rokonok,Czechoslovakia-cseh,Romania
MÓRICZ Zsigmond: Úri muri,Czechoslovakia-cseh,Romania
MOLNÁR Ferenc: A Pál utcai fiúk,Czechoslovakia-cseh,Romania
MÓRICZ Zsigmond: Légy jó mindhalálig,Czechoslovakia-cseh,Romania
BETLEN Oszkár: Élet a halál földjén,Czechoslovakia-cseh,Romania
MADÁCH Imre: Az ember tragédiája,Czechoslovakia-cseh,Romania
ILLÉS Béla: Ég a Tisza,Czechoslovakia-cseh,Romania
JÓKAI Mór: A kőszívű ember fiai,Czechoslovakia-cseh,Romania
MIKSZÁTH Kálmán: Két választás Magyarországon − A gavallérok,Czechoslovakia-cseh,Romania
MIKSZÁTH Kálmán: Szent Péter esernyője,Czechoslovakia-cseh,Romania
MÓRICZ Zsigmond: Rózsa Sándor a lovát ugratja,Czechoslovakia-cseh,Romania
NÉMETH László: Iszony,Czechoslovakia-cseh,Romania
ILLYÉS Gyula: Puszták népe,Czechoslovakia-cseh,Romania
ILLÉS Béla: Kárpáti rapszódia,Czechoslovakia-cseh,Romania
FEJES Endre: Rozsdatemető,Czechoslovakia-cseh,Romania
SÁNTA Ferenc: Az ötödik pecsét,Czechoslovakia-cseh,Romania
FEKETE Gyula: Az orvos halála,Czechoslovakia-cseh,Romania
DÉRY Tibor: A kiközösítő,Czechoslovakia-cseh,Romania
FÜST Milán: A feleségem története,Czechoslovakia-cseh,Romania
KOSZTOLÁNYI Dezső: Aranysárkány,Czechoslovakia-cseh,Romania
OTTLIK Géza: Iskola a határon,Czechoslovakia-cseh,Romania
ÖRKÉNY István: Egyperces novellák,Czechoslovakia-cseh,Romania
SZABÓ Lőrinc: A huszonhatodik év,Czechoslovakia-cseh,Romania
JÓKAI Mór: Fekete gyémántok,Czechoslovakia-cseh,Romania
KARINTHY Frigyes: Utazás a koponyám körül,Czechoslovakia-cseh,Romania
SZÁNTÓ György: Stradivari,Czechoslovakia-cseh,Romania
KERTÉSZ Ákos: Makra,Czechoslovakia-cseh,Romania
DÉKÁNY András: Robinson utolsó kalandja,Czechoslovakia-cseh,Romania
NÉMETH László: Irgalom,Czechoslovakia-cseh,Romania
ASZTALOS István: Szél fúvatlan nem indul,Czechoslovakia-cseh,Romania
CSERES Tibor: Hideg napok,Czechoslovakia-cseh,Romania
MOLDOVA György: Sötét angyal,Czechoslovakia-cseh,Romania
KOSZTOLÁNYI Dezső: A véres költő (Nero),Czechoslovakia-cseh,Romania
GÁRDONYI Géza: Egri csillagok,Czechoslovakia-cseh,Romania
MOLNÁR Ferenc: A Pál utcai fiúk,Czechoslovakia-cseh,Spain
MIKSZÁTH Kálmán: Szent Péter esernyője,Czechoslovakia-cseh,Spain
NÉMETH László: Iszony,Czechoslovakia-cseh,Spain
FEJES Endre: Rozsdatemető,Czechoslovakia-cseh,Spain
DÉRY Tibor: G. A. úr X-ben,Czechoslovakia-cseh,Spain
PASSUTH László: Esőisten siratja Mexikót,Czechoslovakia-cseh,Spain
FÜST Milán: A feleségem története,Czechoslovakia-cseh,Spain
OTTLIK Géza: Iskola a határon,Czechoslovakia-cseh,Spain
HALASI Mária: Az utolsó padban,Czechoslovakia-cseh,Spain
KERTÉSZ Ákos: Makra,Czechoslovakia-cseh,Spain
MOLNÁR Ferenc: A Pál utcai fiúk,Czechoslovakia-cseh,Sweden
NÉMETH László: Iszony,Czechoslovakia-cseh,Sweden
ILLYÉS Gyula: Puszták népe,Czechoslovakia-cseh,Sweden
NÉMETH László: Gyász,Czechoslovakia-cseh,Sweden
DÉRY Tibor: Niki,Czechoslovakia-cseh,Sweden
DÉRY Tibor: A kiközösítő,Czechoslovakia-cseh,Sweden
FÜST Milán: A feleségem története,Czechoslovakia-cseh,Sweden
ILLYÉS Gyula: Kháron ladikján,Czechoslovakia-cseh,Sweden
OTTLIK Géza: Iskola a határon,Czechoslovakia-cseh,Sweden
ÖRKÉNY István: Egyperces novellák,Czechoslovakia-cseh,Sweden
KARINTHY Ferenc: Epepe,Czechoslovakia-cseh,Sweden
Tóth Judith: Kifutópálya,Czechoslovakia-cseh,Sweden
KERTÉSZ Ákos: Makra,Czechoslovakia-cseh,Sweden
SZABÓ Magda: A szemlélők,Czechoslovakia-cseh,Sweden
MÓRICZ Zsigmond: Árvácska,Czechoslovakia-cseh,Switzerland
MIKSZÁTH Kálmán: A Noszty fiú esete Tóth Marival,Czechoslovakia-cseh,Switzerland
MIKSZÁTH Kálmán: Szent Péter esernyője,Czechoslovakia-cseh,Switzerland
KARINTHY Ferenc: Budapesti tavasz,Czechoslovakia-cseh,Turkey
KATONA József: Bánk bán,Czechoslovakia-cseh,Turkey
MOLNÁR Ferenc: A Pál utcai fiúk,Czechoslovakia-cseh,Turkey
MADÁCH Imre: Az ember tragédiája,Czechoslovakia-cseh,Turkey
GÁRDONYI Géza: A láthatatlan ember,Czechoslovakia-cseh,Turkey
DÉRY Tibor: Niki,Czechoslovakia-cseh,Turkey
ILLÉS Béla: Szkipetárok,Czechoslovakia-cseh,UK
SZABÓ Magda: Disznótor,Czechoslovakia-cseh,UK
MIKSZÁTH Kálmán: Szent Péter esernyője,Czechoslovakia-cseh,UK
NÉMETH László: Iszony,Czechoslovakia-cseh,UK
NÉMETH László: Bűn,Czechoslovakia-cseh,UK
GÁRDONYI Géza: A láthatatlan ember,Czechoslovakia-cseh,UK
DÉRY Tibor: Niki,Czechoslovakia-cseh,UK
PASSUTH László: Esőisten siratja Mexikót,Czechoslovakia-cseh,UK
ÖRKÉNY István: Macskajáték,Czechoslovakia-cseh,UK
FÜST Milán: A feleségem története,Czechoslovakia-cseh,UK
LENGYEL József: Prenn Ferenc hányatott élete,Czechoslovakia-cseh,UK
KARINTHY Frigyes: Utazás Faremidóba; Capillária,Czechoslovakia-cseh,UK
KOSZTOLÁNYI Dezső: A véres költő (Nero),Czechoslovakia-cseh,UK
MADÁCH Imre: Az ember tragédiája,Czechoslovakia-cseh,USA
NÉMETH László: Iszony,Czechoslovakia-cseh,USA
SZÉKELY János (John Pen): Kísértés,Czechoslovakia-cseh,USA
DÉRY Tibor: Niki,Czechoslovakia-cseh,USA
FEJES Endre: Rozsdatemető,Czechoslovakia-cseh,USA
PASSUTH László: Esőisten siratja Mexikót,Czechoslovakia-cseh,USA
FÜST Milán: A feleségem története,Czechoslovakia-cseh,USA
OTTLIK Géza: Iskola a határon,Czechoslovakia-cseh,USA
KARINTHY Frigyes: Utazás Faremidóba; Capillária,Czechoslovakia-cseh,USA
NAGY Sándor: Megbékélés,Czechoslovakia-cseh,USSR-altaji
NAGY Sándor: Megbékélés,Czechoslovakia-cseh,USSR-azerbajdzsán
KARINTHY Frigyes: Tanár úr kérem,Czechoslovakia-cseh,USSR-azerbajdzsán
JÓKAI Mór: Sárga rózsa,Czechoslovakia-cseh,USSR-azerbajdzsán
NAGY Sándor: Megbékélés,Czechoslovakia-cseh,USSR-csuvas
NAGY Sándor: Megbékélés,Czechoslovakia-cseh,USSR-fehérorosz
NAGY Sándor: Megbékélés,Czechoslovakia-cseh,USSR-finn
NAGY Sándor: Megbékélés,Czechoslovakia-cseh,USSR-grúz
PETŐFI Sándor: János vitéz,Czechoslovakia-cseh,USSR-grúz
MIKSZÁTH Kálmán: Beszterce ostroma,Czechoslovakia-cseh,USSR-grúz
MOLNÁR Ferenc: A Pál utcai fiúk,Czechoslovakia-cseh,USSR-grúz
MADÁCH Imre: Az ember tragédiája,Czechoslovakia-cseh,USSR-grúz
MIKSZÁTH Kálmán: Szent Péter esernyője,Czechoslovakia-cseh,USSR-grúz
SARKADI Imre: A gyáva,Czechoslovakia-cseh,USSR-grúz
BERKESI András: Sellő a pecsétgyűrűn,Czechoslovakia-cseh,USSR-grúz
JÓKAI Mór: Fekete gyémántok,Czechoslovakia-cseh,USSR-grúz
KARINTHY Frigyes: Utazás a koponyám körül,Czechoslovakia-cseh,USSR-grúz
ACZÉL Tamás: A szabadság árnyékában,Czechoslovakia-cseh,USSR-kazah
MIKSZÁTH Kálmán: Különös házasság,Czechoslovakia-cseh,USSR-kazah
NAGY Sándor: Megbékélés,Czechoslovakia-cseh,USSR-kazah
MIKSZÁTH Kálmán: Szent Péter esernyője,Czechoslovakia-cseh,USSR-kazah
TATAY Sándor: Puskák és galambok,Czechoslovakia-cseh,USSR-kazah
TATAY Sándor: Puskák és galambok,Czechoslovakia-cseh,USSR-kirgiz
ÖRKÉNY István: Tóték,Czechoslovakia-cseh,USSR-kirgiz
ACZÉL Tamás: Vihar és napsütés,Czechoslovakia-cseh,USSR-lett
ILLYÉS Gyula: Petőfi,Czechoslovakia-cseh,USSR-lett
MIKSZÁTH Kálmán: Különös házasság,Czechoslovakia-cseh,USSR-lett
SZABÓ Magda: Mondják meg Zsófikának,Czechoslovakia-cseh,USSR-lett
MÓRICZ Zsigmond: A boldog ember,Czechoslovakia-cseh,USSR-lett
ZALKA Máté: Doberdo,Czechoslovakia-cseh,USSR-lett
JÓKAI Mór: A kőszívű ember fiai,Czechoslovakia-cseh,USSR-lett
MIKSZÁTH Kálmán: Szent Péter esernyője,Czechoslovakia-cseh,USSR-lett
ILLÉS Béla: Kárpáti rapszódia,Czechoslovakia-cseh,USSR-lett
NÉMETH László: Gyász,Czechoslovakia-cseh,USSR-lett
FEJES Endre: Rozsdatemető,Czechoslovakia-cseh,USSR-lett
SOMOGYI TÓTH Sándor: Gyerektükör,Czechoslovakia-cseh,USSR-lett
FEKETE Gyula: Az orvos halála,Czechoslovakia-cseh,USSR-lett
BERKESI András: Sellő a pecsétgyűrűn,Czechoslovakia-cseh,USSR-lett
DÁNIEL Anna: Karambol,Czechoslovakia-cseh,USSR-lett
MIKSZÁTH Kálmán: Különös házasság,Czechoslovakia-cseh,USSR-litván
SZABÓ Magda: Mondják meg Zsófikának,Czechoslovakia-cseh,USSR-litván
MÓRICZ Zsigmond: Rokonok,Czechoslovakia-cseh,USSR-litván
MOLNÁR Ferenc: A Pál utcai fiúk,Czechoslovakia-cseh,USSR-litván
JÓKAI Mór: A kőszívű ember fiai,Czechoslovakia-cseh,USSR-litván
ILLÉS Béla: Kárpáti rapszódia,Czechoslovakia-cseh,USSR-litván
NÉMETH László: Gyász,Czechoslovakia-cseh,USSR-litván
SZABÓ Magda: Álarcosbál,Czechoslovakia-cseh,USSR-litván
TATAY Sándor: Puskák és galambok,Czechoslovakia-cseh,USSR-litván
FEJES Endre: Rozsdatemető,Czechoslovakia-cseh,USSR-litván
JÓKAI Mór: Sárga rózsa,Czechoslovakia-cseh,USSR-litván
BERKESI András: Sellő a pecsétgyűrűn,Czechoslovakia-cseh,USSR-litván
FÜST Milán: A feleségem története,Czechoslovakia-cseh,USSR-litván
JÓKAI Mór: Fekete gyémántok,Czechoslovakia-cseh,USSR-litván
ÖRSI Ferenc: A Tenkes kapitánya,Czechoslovakia-cseh,USSR-litván
GÁRDONYI Géza: Egri csillagok,Czechoslovakia-cseh,USSR-litván
NAGY Sándor: Megbékélés,Czechoslovakia-cseh,USSR-moldva
MOLNÁR Ferenc: A Pál utcai fiúk,Czechoslovakia-cseh,USSR-moldva
SÁNTA Ferenc: Az ötödik pecsét,Czechoslovakia-cseh,USSR-moldva
ACZÉL Tamás: A szabadság árnyékában,Czechoslovakia-cseh,USSR-orosz
ACZÉL Tamás: Vihar és napsütés,Czechoslovakia-cseh,USSR-orosz
ILLYÉS Gyula: Petőfi,Czechoslovakia-cseh,USSR-orosz
MIKSZÁTH Kálmán: Különös házasság,Czechoslovakia-cseh,USSR-orosz
NAGY Sándor: Megbékélés,Czechoslovakia-cseh,USSR-orosz
PETŐFI Sándor: János vitéz,Czechoslovakia-cseh,USSR-orosz
SZABÓ Pál: Talpalatnyi föld,Czechoslovakia-cseh,USSR-orosz
URBÁN Ernő: Tűzkeresztség,Czechoslovakia-cseh,USSR-orosz
VERES Péter: Próbatétel,Czechoslovakia-cseh,USSR-orosz
SZABÓ Magda: Mondják meg Zsófikának,Czechoslovakia-cseh,USSR-orosz
ILLÉS Béla: Honfoglalás,Czechoslovakia-cseh,USSR-orosz
KAFFKA Margit: Színek és évek,Czechoslovakia-cseh,USSR-orosz
MIKSZÁTH Kálmán: Beszterce ostroma,Czechoslovakia-cseh,USSR-orosz
MÓRICZ Zsigmond: Rokonok,Czechoslovakia-cseh,USSR-orosz
MÓRICZ Zsigmond: Úri muri,Czechoslovakia-cseh,USSR-orosz
ZALKA Máté: Doberdo,Czechoslovakia-cseh,USSR-orosz
MOLNÁR Ferenc: A Pál utcai fiúk,Czechoslovakia-cseh,USSR-orosz
MÓRICZ Zsigmond: Légy jó mindhalálig,Czechoslovakia-cseh,USSR-orosz
BERKESI András: Októberi vihar,Czechoslovakia-cseh,USSR-orosz
MADÁCH Imre: Az ember tragédiája,Czechoslovakia-cseh,USSR-orosz
ILLÉS Béla: Ég a Tisza,Czechoslovakia-cseh,USSR-orosz
JÓKAI Mór: A kőszívű ember fiai,Czechoslovakia-cseh,USSR-orosz
KÁLLAI István: Kötéltánc,Czechoslovakia-cseh,USSR-orosz
KARINTHY Frigyes: Tanár úr kérem,Czechoslovakia-cseh,USSR-orosz
MIKSZÁTH Kálmán: Szent Péter esernyője,Czechoslovakia-cseh,USSR-orosz
SÓS György: Pettyes kalandjai,Czechoslovakia-cseh,USSR-orosz
BÓKA László: Alázatosan jelentem,Czechoslovakia-cseh,USSR-orosz
ILLÉS Béla: Kárpáti rapszódia,Czechoslovakia-cseh,USSR-orosz
NÉMETH László: Gyász,Czechoslovakia-cseh,USSR-orosz
SZABÓ Magda: Álarcosbál,Czechoslovakia-cseh,USSR-orosz
TATAY Sándor: Puskák és galambok,Czechoslovakia-cseh,USSR-orosz
FEJES Endre: Rozsdatemető,Czechoslovakia-cseh,USSR-orosz
SOMOGYI TÓTH Sándor: Gyerektükör,Czechoslovakia-cseh,USSR-orosz
BERKESI András−KARDOS György: Kopjások,Czechoslovakia-cseh,USSR-orosz
FEKETE Gyula: Az orvos halála,Czechoslovakia-cseh,USSR-orosz
MURÁNYI KOVÁCS Endre: A firenzei varázsló,Czechoslovakia-cseh,USSR-orosz
ÖRKÉNY István: Macskajáték,Czechoslovakia-cseh,USSR-orosz
JÓKAI Mór: Sárga rózsa,Czechoslovakia-cseh,USSR-orosz
BERKESI András: Sellő a pecsétgyűrűn,Czechoslovakia-cseh,USSR-orosz
OTTLIK Géza: Iskola a határon,Czechoslovakia-cseh,USSR-orosz
SZAMOS Rudolf: Kántor nyomoz,Czechoslovakia-cseh,USSR-orosz
LENGYEL József: Prenn Ferenc hányatott élete,Czechoslovakia-cseh,USSR-orosz
BERTHA Bulcsu: A kenguru,Czechoslovakia-cseh,USSR-orosz
ÖRKÉNY István: Egyperces novellák,Czechoslovakia-cseh,USSR-orosz
JÓKAI Mór: Fekete gyémántok,Czechoslovakia-cseh,USSR-orosz
HALASI Mária: Az utolsó padban,Czechoslovakia-cseh,USSR-orosz
SZABÓ Magda: Régimódi történet,Czechoslovakia-cseh,USSR-orosz
VÖRÖSMARTY Mihály: Csongor és Tünde,Czechoslovakia-cseh,USSR-orosz
MIKSZÁTH Kálmán: A fekete város,Czechoslovakia-cseh,USSR-orosz
DÉRY Tibor: Felelet,Czechoslovakia-cseh,USSR-orosz
NÉMETH László: Irgalom,Czechoslovakia-cseh,USSR-orosz
CSERES Tibor: Hideg napok,Czechoslovakia-cseh,USSR-orosz
KARINTHY Frigyes: Utazás Faremidóba; Capillária,Czechoslovakia-cseh,USSR-orosz
FEHÉR Klára: A teremtés koronája,Czechoslovakia-cseh,USSR-orosz
MESTERHÁZI Lajos: A tizenegyedik parancsolat,Czechoslovakia-cseh,USSR-orosz
KOSZTOLÁNYI Dezső: A véres költő (Nero),Czechoslovakia-cseh,USSR-orosz
GÁRDONYI Géza: Egri csillagok,Czechoslovakia-cseh,USSR-orosz
KERTÉSZ Ákos: Özvegyek,Czechoslovakia-cseh,USSR-orosz
SARKADI Imre: A gyáva,Czechoslovakia-cseh,USSR-tadzsik
JÓKAI Mór: Sárga rózsa,Czechoslovakia-cseh,USSR-tadzsik
KARINTHY Ferenc: Budapesti tavasz,Czechoslovakia-cseh,USSR-türkmén
SÁNTA Ferenc: Az ötödik pecsét,Czechoslovakia-cseh,USSR-türkmén
JÓKAI Mór: Sárga rózsa,Czechoslovakia-cseh,USSR-türkmén
NAGY Sándor: Megbékélés,Czechoslovakia-cseh,USSR-udmurt
ACZÉL Tamás: A szabadság árnyékában,Czechoslovakia-cseh,USSR-ukrán
ACZÉL Tamás: Vihar és napsütés,Czechoslovakia-cseh,USSR-ukrán
ILKU Pál: Az osztály zendülői,Czechoslovakia-cseh,USSR-ukrán
MIKSZÁTH Kálmán: Különös házasság,Czechoslovakia-cseh,USSR-ukrán
PETŐFI Sándor: János vitéz,Czechoslovakia-cseh,USSR-ukrán
ZALKA Máté: Doberdo,Czechoslovakia-cseh,USSR-ukrán
MOLNÁR Ferenc: A Pál utcai fiúk,Czechoslovakia-cseh,USSR-ukrán
BERKESI András: Októberi vihar,Czechoslovakia-cseh,USSR-ukrán
MADÁCH Imre: Az ember tragédiája,Czechoslovakia-cseh,USSR-ukrán
JÓKAI Mór: A kőszívű ember fiai,Czechoslovakia-cseh,USSR-ukrán
KARINTHY Frigyes: Tanár úr kérem,Czechoslovakia-cseh,USSR-ukrán
MIKSZÁTH Kálmán: Szent Péter esernyője,Czechoslovakia-cseh,USSR-ukrán
SZABÓ Magda: Freskó,Czechoslovakia-cseh,USSR-ukrán
NÉMETH László: Bűn,Czechoslovakia-cseh,USSR-ukrán
ILLYÉS Gyula: Puszták népe,Czechoslovakia-cseh,USSR-ukrán
ILLÉS Béla: Kárpáti rapszódia,Czechoslovakia-cseh,USSR-ukrán
TATAY Sándor: Puskák és galambok,Czechoslovakia-cseh,USSR-ukrán
SOMOGYI TÓTH Sándor: Gyerektükör,Czechoslovakia-cseh,USSR-ukrán
BERKESI András−KARDOS György: Kopjások,Czechoslovakia-cseh,USSR-ukrán
JÓKAI Mór: Sárga rózsa,Czechoslovakia-cseh,USSR-ukrán
BERTHA Bulcsu: A kenguru,Czechoslovakia-cseh,USSR-ukrán
CSUKÁS István: Keménykalap és krumpliorr,Czechoslovakia-cseh,USSR-ukrán
SZABÓ Magda: Régimódi történet,Czechoslovakia-cseh,USSR-ukrán
GÁRDONYI Géza: Egri csillagok,Czechoslovakia-cseh,USSR-ukrán
JÓKAI Anna: Tartozik és követel,Czechoslovakia-cseh,USSR-ukrán
MOLNÁR Ferenc: A Pál utcai fiúk,Czechoslovakia-cseh,USSR-észt
KARINTHY Frigyes: Tanár úr kérem,Czechoslovakia-cseh,USSR-észt
MIKSZÁTH Kálmán: Szent Péter esernyője,Czechoslovakia-cseh,USSR-észt
NÉMETH László: Iszony,Czechoslovakia-cseh,USSR-észt
GÁRDONYI Géza: A láthatatlan ember,Czechoslovakia-cseh,USSR-észt
SARKADI Imre: A gyáva,Czechoslovakia-cseh,USSR-észt
TATAY Sándor: Puskák és galambok,Czechoslovakia-cseh,USSR-észt
FEJES Endre: Rozsdatemető,Czechoslovakia-cseh,USSR-észt
ÖRKÉNY István: Macskajáték,Czechoslovakia-cseh,USSR-észt
ÖRKÉNY István: Tóték,Czechoslovakia-cseh,USSR-észt
BABITS Mihály: A gólyakalifa,Czechoslovakia-cseh,USSR-észt
GÁRDONYI Géza: Egri csillagok,Czechoslovakia-cseh,USSR-észt
MOLNÁR Ferenc: A Pál utcai fiúk,Czechoslovakia-cseh,USSR-örmény
SZILVÁSI Lajos: Appassionata,Czechoslovakia-cseh,USSR-örmény
TATAY Sándor: Puskák és galambok,Czechoslovakia-cseh,USSR-örmény
SÁNTA Ferenc: Az ötödik pecsét,Czechoslovakia-cseh,USSR-örmény
SOMOGYI TÓTH Sándor: Gyerektükör,Czechoslovakia-cseh,USSR-örmény
BERKESI András: Sellő a pecsétgyűrűn,Czechoslovakia-cseh,USSR-örmény
KOSZTOLÁNYI Dezső: A véres költő (Nero),Czechoslovakia-cseh,USSR-örmény
MIKSZÁTH Kálmán: Különös házasság,Czechoslovakia-cseh,USSR-üzbég
PETŐFI Sándor: János vitéz,Czechoslovakia-cseh,USSR-üzbég
ILLÉS Béla: Kárpáti rapszódia,Czechoslovakia-cseh,USSR-üzbég
NÉMETH László: Gyász,Czechoslovakia-cseh,USSR-üzbég
MÓRICZ Zsigmond: Rokonok,Czechoslovakia-cseh,Vietnam
KOSZTOLÁNYI Dezső: A véres költő (Nero),Czechoslovakia-cseh,Vietnam
GÁRDONYI Géza: Egri csillagok,Czechoslovakia-cseh,Vietnam
ILLYÉS Gyula: Petőfi,Czechoslovakia-cseh,Yugoslavia
MIKSZÁTH Kálmán: Különös házasság,Czechoslovakia-cseh,Yugoslavia
KARINTHY Ferenc: Budapesti tavasz,Czechoslovakia-cseh,Yugoslavia
MIKSZÁTH Kálmán: Beszterce ostroma,Czechoslovakia-cseh,Yugoslavia
MÓRICZ Zsigmond: Úri muri,Czechoslovakia-cseh,Yugoslavia
MOLNÁR Ferenc: A Pál utcai fiúk,Czechoslovakia-cseh,Yugoslavia
MÓRICZ Zsigmond: Légy jó mindhalálig,Czechoslovakia-cseh,Yugoslavia
KARINTHY Frigyes: Tanár úr kérem,Czechoslovakia-cseh,Yugoslavia
KOSZTOLÁNYI Dezső: Pacsirta,Czechoslovakia-cseh,Yugoslavia
MIKSZÁTH Kálmán: Szent Péter esernyője,Czechoslovakia-cseh,Yugoslavia
MÓRICZ Zsigmond: Rózsa Sándor a lovát ugratja,Czechoslovakia-cseh,Yugoslavia
NÉMETH László: Iszony,Czechoslovakia-cseh,Yugoslavia
SZABÓ Magda: Freskó,Czechoslovakia-cseh,Yugoslavia
NÉMETH László: Bűn,Czechoslovakia-cseh,Yugoslavia
GÁRDONYI Géza: A láthatatlan ember,Czechoslovakia-cseh,Yugoslavia
ILLYÉS Gyula: Puszták népe,Czechoslovakia-cseh,Yugoslavia
ILLÉS Béla: Kárpáti rapszódia,Czechoslovakia-cseh,Yugoslavia
NÉMETH László: Gyász,Czechoslovakia-cseh,Yugoslavia
SZABÓ Magda: Álarcosbál,Czechoslovakia-cseh,Yugoslavia
DÉRY Tibor: Niki,Czechoslovakia-cseh,Yugoslavia
FEJES Endre: Rozsdatemető,Czechoslovakia-cseh,Yugoslavia
DÉRY Tibor: G. A. úr X-ben,Czechoslovakia-cseh,Yugoslavia
PASSUTH László: Esőisten siratja Mexikót,Czechoslovakia-cseh,Yugoslavia
SZABÓ Magda: Sziget-kék,Czechoslovakia-cseh,Yugoslavia
FÜST Milán: A feleségem története,Czechoslovakia-cseh,Yugoslavia
KAFFKA Margit: Hangyaboly,Czechoslovakia-cseh,Yugoslavia
OTTLIK Géza: Iskola a határon,Czechoslovakia-cseh,Yugoslavia
ÖRKÉNY István: Egyperces novellák,Czechoslovakia-cseh,Yugoslavia
JÓKAI Mór: Fekete gyémántok,Czechoslovakia-cseh,Yugoslavia
KOLOZSVÁRI GRANDPIERRE Emil: Nők apróban,Czechoslovakia-cseh,Yugoslavia
DÉRY Tibor: A befejezetlen mondat,Czechoslovakia-cseh,Yugoslavia
SZABÓ Magda: Régimódi történet,Czechoslovakia-cseh,Yugoslavia
KERTÉSZ Ákos: Makra,Czechoslovakia-cseh,Yugoslavia
SZERB Antal: A Pendragon legenda,Czechoslovakia-cseh,Yugoslavia
DOBAI Péter: A birodalom ezredese,Czechoslovakia-cseh,Yugoslavia
CSERES Tibor: Hideg napok,Czechoslovakia-cseh,Yugoslavia
MOLDOVA György: Sötét angyal,Czechoslovakia-cseh,Yugoslavia
GÁRDONYI Géza: Egri csillagok,Czechoslovakia-cseh,Yugoslavia
HALASI Mária: Az utolsó padban,Czechoslovakia-szlovák,Denmark
ÖRKÉNY István: Tóték,Czechoslovakia-szlovák,Egypt
BALÁZS Béla: Álmodó ifjúság,Czechoslovakia-szlovák,Federal Republic of Germany
MOLNÁR Ferenc: A Pál utcai fiúk,Czechoslovakia-szlovák,Federal Republic of Germany
MURÁNYI KOVÁCS Endre: A firenzei varázsló,Czechoslovakia-szlovák,Federal Republic of Germany
FEJES Endre: Rozsdatemető,Czechoslovakia-szlovák,Federal Republic of Germany
HEGEDŰS Géza: A milétoszi hajós,Czechoslovakia-szlovák,Federal Republic of Germany
KESZI Imre: Elysium,Czechoslovakia-szlovák,Federal Republic of Germany
NÉMETH László: Iszony,Czechoslovakia-szlovák,Federal Republic of Germany
"REJTŐ Jenő: Piszkos Fred, a kapitány",Czechoslovakia-szlovák,Federal Republic of Germany
GÁRDONYI Géza: Egri csillagok,Czechoslovakia-szlovák,Federal Republic of Germany
FÜST Milán: A feleségem története,Czechoslovakia-szlovák,Federal Republic of Germany
DÉRY Tibor: A kiközösítő,Czechoslovakia-szlovák,Federal Republic of Germany
KOSZTOLÁNYI Dezső: Édes Anna,Czechoslovakia-szlovák,Federal Republic of Germany
BENEDEK István: Aranyketrec,Czechoslovakia-szlovák,Federal Republic of Germany
SZABÓ Magda: Katalin utca,Czechoslovakia-szlovák,Federal Republic of Germany
NÉMETH László: Gyász,Czechoslovakia-szlovák,Federal Republic of Germany
FEKETE István: Tüskevár,Czechoslovakia-szlovák,Federal Republic of Germany
SÁNTA Ferenc: Húsz óra,Czechoslovakia-szlovák,Federal Republic of Germany
HALASI Mária: Az utolsó padban,Czechoslovakia-szlovák,Federal Republic of Germany
KERTÉSZ Ákos: Makra,Czechoslovakia-szlovák,Federal Republic of Germany
FEKETE István: Bogáncs,Czechoslovakia-szlovák,Federal Republic of Germany
Márton Klára: Tessék engem elrabolni,Czechoslovakia-szlovák,Federal Republic of Germany
LAKATOS Menyhért: Füstös képek,Czechoslovakia-szlovák,Federal Republic of Germany
ZSOLDOS Péter: Távoli tüz,Czechoslovakia-szlovák,Federal Republic of Germany
ZSOLDOS Péter: A Viking visszatér,Czechoslovakia-szlovák,Federal Republic of Germany
MÁNDY Iván: Csutak és a szürke ló,Czechoslovakia-szlovák,Federal Republic of Germany
OTTLIK Géza: Iskola a határon,Czechoslovakia-szlovák,Federal Republic of Germany
BÓKAY János: Bohémek és pillangók: Puccini életregénye,Czechoslovakia-szlovák,Federal Republic of Germany
MOLNÁR Ferenc: A Pál utcai fiúk,Czechoslovakia-szlovák,Finland
VERES Péter: Próbatétel,Czechoslovakia-szlovák,Finland
FEJES Endre: Rozsdatemető,Czechoslovakia-szlovák,Finland
NÉMETH László: Iszony,Czechoslovakia-szlovák,Finland
GÁRDONYI Géza: Egri csillagok,Czechoslovakia-szlovák,Finland
ILLYÉS Gyula: Kháron ladikján,Czechoslovakia-szlovák,Finland
HALASI Mária: Az utolsó padban,Czechoslovakia-szlovák,Finland
KERTÉSZ Ákos: Makra,Czechoslovakia-szlovák,Finland
LAKATOS Menyhért: Füstös képek,Czechoslovakia-szlovák,Finland
SZAKONYI Károly: Adáshiba,Czechoslovakia-szlovák,Finland
FÖLDES Jolán: A halászó macska uccája,Czechoslovakia-szlovák,France
MOLNÁR Ferenc: A Pál utcai fiúk,Czechoslovakia-szlovák,France
MÓRICZ Zsigmond: Légy jó mindhalálig,Czechoslovakia-szlovák,France
VERES Péter: Próbatétel,Czechoslovakia-szlovák,France
MÓRICZ Zsigmond: A boldog ember,Czechoslovakia-szlovák,France
MÓRICZ Zsigmond: Rokonok,Czechoslovakia-szlovák,France
FEJES Endre: Rozsdatemető,Czechoslovakia-szlovák,France
KESZI Imre: Elysium,Czechoslovakia-szlovák,France
NÉMETH László: Iszony,Czechoslovakia-szlovák,France
SÁNTA Ferenc: Az ötödik pecsét,Czechoslovakia-szlovák,France
VÖRÖSMARTY Mihály: Csongor és Tünde,Czechoslovakia-szlovák,France
REJTŐ Jenő: Vesztegzár a Grand Hotelben,Czechoslovakia-szlovák,France
PASSUTH László: Esőisten siratja Mexikót,Czechoslovakia-szlovák,France
FÜST Milán: A feleségem története,Czechoslovakia-szlovák,France
DÉRY Tibor: A kiközösítő,Czechoslovakia-szlovák,France
ÖRKÉNY István: Tóték,Czechoslovakia-szlovák,France
JÓKAI Mór: A kőszívű ember fiai,Czechoslovakia-szlovák,France
SZABÓ Magda: Katalin utca,Czechoslovakia-szlovák,France
ILLYÉS Gyula: Kháron ladikján,Czechoslovakia-szlovák,France
LAKATOS Menyhért: Füstös képek,Czechoslovakia-szlovák,France
ÖRKÉNY István: Egyperces novellák,Czechoslovakia-szlovák,France
TERSÁNSZKY Józsi Jenő: Kakuk Marci,Czechoslovakia-szlovák,France
OTTLIK Géza: Iskola a határon,Czechoslovakia-szlovák,France
HELTAI Jenő: Álmokháza,Czechoslovakia-szlovák,GDR
ILLÉS Béla: Fegyvert s vitézt éneklek,Czechoslovakia-szlovák,GDR
JÓKAI Mór: Rab Ráby,Czechoslovakia-szlovák,GDR
MIKSZÁTH Kálmán: A gavallérok,Czechoslovakia-szlovák,GDR
MIKSZÁTH Kálmán: A Noszty fiú esete Tóth Marival,Czechoslovakia-szlovák,GDR
MIKSZÁTH Kálmán: Beszterce ostroma,Czechoslovakia-szlovák,GDR
MIKSZÁTH Kálmán: Különös házasság,Czechoslovakia-szlovák,GDR
MIKSZÁTH Kálmán: Szent Péter esernyője,Czechoslovakia-szlovák,GDR
PALOTAI Boris: Puskásné,Czechoslovakia-szlovák,GDR
SÁNDOR Kálmán: Szégyenfa − Fehér augusztus,Czechoslovakia-szlovák,GDR
SZABÓ Pál: Isten malmai,Czechoslovakia-szlovák,GDR
SZABÓ Pál: Talpalatnyi föld,Czechoslovakia-szlovák,GDR
VERES Péter: Három nemzedék − Szolgaság,Czechoslovakia-szlovák,GDR
VERES Péter: Próbatétel,Czechoslovakia-szlovák,GDR
ASZTALOS István: Szél fúvatlan nem indul,Czechoslovakia-szlovák,GDR
ILLÉS Béla: Honfoglalás,Czechoslovakia-szlovák,GDR
JÓKAI Mór: Az arany ember,Czechoslovakia-szlovák,GDR
MÓRA Ferenc: Kincskereső kisködmön,Czechoslovakia-szlovák,GDR
CSIKY Gergely: A proletárok,Czechoslovakia-szlovák,GDR
JÓKAI Mór: Janicsárok végnapjai,Czechoslovakia-szlovák,GDR
JÓKAI Mór: A lőcsei fehér asszony,Czechoslovakia-szlovák,GDR
MESTERHÁZI Lajos: Pár lépés a határ,Czechoslovakia-szlovák,GDR
MÓRICZ Zsigmond: A boldog ember,Czechoslovakia-szlovák,GDR
MÓRICZ Zsigmond: Forró mezők,Czechoslovakia-szlovák,GDR
MURÁNYI KOVÁCS Endre: A firenzei varázsló,Czechoslovakia-szlovák,GDR
MÓRICZ Zsigmond: Rokonok,Czechoslovakia-szlovák,GDR
FEJES Endre: Rozsdatemető,Czechoslovakia-szlovák,GDR
HEGEDŰS Géza: A milétoszi hajós,Czechoslovakia-szlovák,GDR
FEKETE Gyula: Az orvos halála,Czechoslovakia-szlovák,GDR
MESTERHÁZI Lajos: A tizenegyedik parancsolat,Czechoslovakia-szlovák,GDR
MESTERHÁZI Lajos: Az ártatlanság kora,Czechoslovakia-szlovák,GDR
NÉMETH László: Iszony,Czechoslovakia-szlovák,GDR
SÁNTA Ferenc: Az ötödik pecsét,Czechoslovakia-szlovák,GDR
THURY Zsuzsa: Egy fedél alatt,Czechoslovakia-szlovák,GDR
VÖRÖSMARTY Mihály: Csongor és Tünde,Czechoslovakia-szlovák,GDR
MIKSZÁTH Kálmán: A fekete város,Czechoslovakia-szlovák,GDR
ILLÉS Béla: Kárpáti rapszódia,Czechoslovakia-szlovák,GDR
GÁRDONYI Géza: Egri csillagok,Czechoslovakia-szlovák,GDR
FÜST Milán: A feleségem története,Czechoslovakia-szlovák,GDR
JÓKAI Mór: Kárpáthy Zoltán,Czechoslovakia-szlovák,GDR
DÉRY Tibor: A kiközösítő,Czechoslovakia-szlovák,GDR
HELTAI Jenő: Jaguár,Czechoslovakia-szlovák,GDR
JÓKAI Mór: A kőszívű ember fiai,Czechoslovakia-szlovák,GDR
FEKETE Gyula: Szerelmesek bolygója,Czechoslovakia-szlovák,GDR
KARINTHY Frigyes: Utazás Faremidóba; Capillária,Czechoslovakia-szlovák,GDR
SZABÓ Magda: Katalin utca,Czechoslovakia-szlovák,GDR
NÉMETH László: Gyász,Czechoslovakia-szlovák,GDR
DOBOZY Imre: A tizedes meg a többiek,Czechoslovakia-szlovák,GDR
ILLYÉS Gyula: Kháron ladikján,Czechoslovakia-szlovák,GDR
BERTHA Bulcsu: A kenguru,Czechoslovakia-szlovák,GDR
DARVAS József: Város az ingoványon,Czechoslovakia-szlovák,GDR
NAGY Lajos: Pincenapló,Czechoslovakia-szlovák,GDR
KERTÉSZ Ákos: Makra,Czechoslovakia-szlovák,GDR
KARINTHY Ferenc: Budapesti tavasz,Czechoslovakia-szlovák,GDR
TATAY Sándor: Puskák és galambok,Czechoslovakia-szlovák,GDR
Márton Klára: Tessék engem elrabolni,Czechoslovakia-szlovák,GDR
PASSUTH László: Aranyködben fáznak az istenek,Czechoslovakia-szlovák,GDR
PASSUTH László: Madrigál: Carlo Gesualdo életregénye,Czechoslovakia-szlovák,GDR
THURY Zsuzsa: A tűzpiros üveggömb,Czechoslovakia-szlovák,GDR
SZABÓ Magda: Születésnap,Czechoslovakia-szlovák,GDR
KOSZTOLÁNYI Dezső: A véres költő (Nero),Czechoslovakia-szlovák,GDR
SZILÁGYI István: Kő hull apadó kútba,Czechoslovakia-szlovák,GDR
Asperján György: Rohanj velem,Czechoslovakia-szlovák,GDR
LAKATOS Menyhért: Füstös képek,Czechoslovakia-szlovák,GDR
SCHWAJDA György: A szent család,Czechoslovakia-szlovák,GDR
ÖRKÉNY István: Egyperces novellák,Czechoslovakia-szlovák,GDR
MÁNDY Iván: Csutak és a szürke ló,Czechoslovakia-szlovák,GDR
TERSÁNSZKY Józsi Jenő: Kakuk Marci,Czechoslovakia-szlovák,GDR
OTTLIK Géza: Iskola a határon,Czechoslovakia-szlovák,GDR
BERKESI András: Sellő a pecsétgyűrűn,Czechoslovakia-szlovák,GDR
KAFFKA Margit: Színek és évek,Czechoslovakia-szlovák,GDR
SZAMOS Rudolf: Kántor nyomoz,Czechoslovakia-szlovák,GDR
BETLEN Oszkár: Élet a halál földjén,Czechoslovakia-szlovák,GDR
SÜTŐ András: Anyám könnyű álmot ígér,Czechoslovakia-szlovák,GDR
ANDRÁS László: Halál a Dunaparton,Czechoslovakia-szlovák,GDR
KERTÉSZ Ákos: Özvegyek,Czechoslovakia-szlovák,GDR
DOBOZY Imre: Holnap folytatjuk,Czechoslovakia-szlovák,GDR
MÓRICZ Zsigmond: Légy jó mindhalálig,Czechoslovakia-szlovák,Greece
GÁRDONYI Géza: Egri csillagok,Czechoslovakia-szlovák,Greece
HALASI Mária: Az utolsó padban,Czechoslovakia-szlovák,Greece
SZAKONYI Károly: Adáshiba,Czechoslovakia-szlovák,Greece
MADÁCH Imre: Az ember tragédiája,Czechoslovakia-szlovák,Hungary
MIKSZÁTH Kálmán: Beszterce ostroma,Czechoslovakia-szlovák,Hungary
MIKSZÁTH Kálmán: Különös házasság,Czechoslovakia-szlovák,Hungary
MIKSZÁTH Kálmán: Szent Péter esernyője,Czechoslovakia-szlovák,Hungary
MOLNÁR Ferenc: A Pál utcai fiúk,Czechoslovakia-szlovák,Hungary
MÓRA Ferenc: Aranykoporsó,Czechoslovakia-szlovák,Hungary
MÓRICZ Zsigmond: Légy jó mindhalálig,Czechoslovakia-szlovák,Hungary
PETŐFI Sándor: Az apostol,Czechoslovakia-szlovák,Hungary
JÓKAI Mór: Az arany ember,Czechoslovakia-szlovák,Hungary
MÓRA Ferenc: Kincskereső kisködmön,Czechoslovakia-szlovák,Hungary
MIKSZÁTH Kálmán: A beszélő köntös,Czechoslovakia-szlovák,Hungary
MESTERHÁZI Lajos: Pár lépés a határ,Czechoslovakia-szlovák,Hungary
JÓKAI Mór: Szegény gazdagok,Czechoslovakia-szlovák,Hungary
MÓRICZ Zsigmond: Forró mezők,Czechoslovakia-szlovák,Hungary
MURÁNYI KOVÁCS Endre: A firenzei varázsló,Czechoslovakia-szlovák,Hungary
SZABÓ Magda: Mondják meg Zsófikának,Czechoslovakia-szlovák,Hungary
MÓRICZ Zsigmond: Rokonok,Czechoslovakia-szlovák,Hungary
GERGELY Márta: A mi lányunk,Czechoslovakia-szlovák,Hungary
HEGEDŰS Géza: A milétoszi hajós,Czechoslovakia-szlovák,Hungary
SZABÓ Magda: Álarcosbál,Czechoslovakia-szlovák,Hungary
FEHÉR Klára: A földrengések szigete,Czechoslovakia-szlovák,Hungary
FEKETE Gyula: Az orvos halála,Czechoslovakia-szlovák,Hungary
SZÁVA István: A szirakuzai óriás,Czechoslovakia-szlovák,Hungary
SÁNTA Ferenc: Az ötödik pecsét,Czechoslovakia-szlovák,Hungary
JÓKAI Mór: Fekete gyémántok,Czechoslovakia-szlovák,Hungary
MIKSZÁTH Kálmán: A fekete város,Czechoslovakia-szlovák,Hungary
REJTŐ Jenő: Vesztegzár a Grand Hotelben,Czechoslovakia-szlovák,Hungary
ILLÉS Béla: Kárpáti rapszódia,Czechoslovakia-szlovák,Hungary
GÁRDONYI Géza: Egri csillagok,Czechoslovakia-szlovák,Hungary
FÜST Milán: A feleségem története,Czechoslovakia-szlovák,Hungary
DÉKÁNY András: Az elveszett sziget,Czechoslovakia-szlovák,Hungary
KOSZTOLÁNYI Dezső: Édes Anna,Czechoslovakia-szlovák,Hungary
BENEDEK István: Aranyketrec,Czechoslovakia-szlovák,Hungary
KARINTHY Frigyes: Utazás Faremidóba; Capillária,Czechoslovakia-szlovák,Hungary
PALOTAI Boris: Zöld dió,Czechoslovakia-szlovák,Hungary
SZERB Antal: A Pendragon legenda,Czechoslovakia-szlovák,Hungary
NÉMETH László: Gyász,Czechoslovakia-szlovák,Hungary
SÁNTA Ferenc: Húsz óra,Czechoslovakia-szlovák,Hungary
KARINTHY Ferenc: Budapesti tavasz,Czechoslovakia-szlovák,Hungary
FEKETE István: Bogáncs,Czechoslovakia-szlovák,Hungary
KOSZTOLÁNYI Dezső: A véres költő (Nero),Czechoslovakia-szlovák,Hungary
DÉKÁNY András: S.O.S. Titanic!,Czechoslovakia-szlovák,Hungary
TERSÁNSZKY Józsi Jenő: Kakuk Marci,Czechoslovakia-szlovák,Hungary
GERGELY Márta: Szöszi,Czechoslovakia-szlovák,Hungary
CSURKA István: Eredeti helyszin,Czechoslovakia-szlovák,Hungary
REJTŐ Jenő: A tizennégykarátos autó,Czechoslovakia-szlovák,Hungary
VERES Péter: Próbatétel,Czechoslovakia-szlovák,Iran
CSIKY Gergely: A proletárok,Czechoslovakia-szlovák,Iran
MOLNÁR Ferenc: A Pál utcai fiúk,Czechoslovakia-szlovák,Israel
MÓRICZ Zsigmond: Légy jó mindhalálig,Czechoslovakia-szlovák,Israel
PETŐFI Sándor: Az apostol,Czechoslovakia-szlovák,Israel
ILLÉS Béla: Kárpáti rapszódia,Czechoslovakia-szlovák,Israel
ACZÉL Tamás: A szabadság árnyékában,Czechoslovakia-szlovák,Italy
MADÁCH Imre: Az ember tragédiája,Czechoslovakia-szlovák,Italy
MIKSZÁTH Kálmán: Szent Péter esernyője,Czechoslovakia-szlovák,Italy
MOLNÁR Ferenc: A Pál utcai fiúk,Czechoslovakia-szlovák,Italy
VERES Péter: Próbatétel,Czechoslovakia-szlovák,Italy
FEJES Endre: Rozsdatemető,Czechoslovakia-szlovák,Italy
NÉMETH László: Iszony,Czechoslovakia-szlovák,Italy
GÁRDONYI Géza: Egri csillagok,Czechoslovakia-szlovák,Italy
DÉRY Tibor: A kiközösítő,Czechoslovakia-szlovák,Italy
SÁNTA Ferenc: Húsz óra,Czechoslovakia-szlovák,Italy
HALASI Mária: Az utolsó padban,Czechoslovakia-szlovák,Italy
ÖRKÉNY István: Egyperces novellák,Czechoslovakia-szlovák,Italy
BRÓDY Sándor: A tanítónő,Czechoslovakia-szlovák,Italy
MADÁCH Imre: Az ember tragédiája,Czechoslovakia-szlovák,Japan
MESTERHÁZI Lajos: Pár lépés a határ,Czechoslovakia-szlovák,Japan
KESZI Imre: Elysium,Czechoslovakia-szlovák,Japan
ÖRKÉNY István: Tóték,Czechoslovakia-szlovák,Japan
KERTÉSZ Ákos: Makra,Czechoslovakia-szlovák,Japan
KARINTHY Ferenc: Budapesti tavasz,Czechoslovakia-szlovák,Japan
PASSUTH László: Esőisten siratja Mexikót,Czechoslovakia-szlovák,Mexico
KARINTHY Ferenc: Budapesti tavasz,Czechoslovakia-szlovák,Mongolia
FÖLDES Jolán: A halászó macska uccája,Czechoslovakia-szlovák,Netherlands
ILLÉS Béla: Fegyvert s vitézt éneklek,Czechoslovakia-szlovák,Netherlands
MIKSZÁTH Kálmán: Szent Péter esernyője,Czechoslovakia-szlovák,Netherlands
NÉMETH László: Iszony,Czechoslovakia-szlovák,Netherlands
ILLÉS Béla: Kárpáti rapszódia,Czechoslovakia-szlovák,Netherlands
GÁRDONYI Géza: Egri csillagok,Czechoslovakia-szlovák,Netherlands
FÜST Milán: A feleségem története,Czechoslovakia-szlovák,Netherlands
ILLYÉS Gyula: Ebéd a kastélyban,Czechoslovakia-szlovák,Netherlands
GERGELY Márta: Szöszi,Czechoslovakia-szlovák,Netherlands
MADÁCH Imre: Az ember tragédiája,Czechoslovakia-szlovák,Norway
NÉMETH László: Iszony,Czechoslovakia-szlovák,Norway
KOSZTOLÁNYI Dezső: Édes Anna,Czechoslovakia-szlovák,Norway
HALASI Mária: Az utolsó padban,Czechoslovakia-szlovák,Norway
FÖLDES Jolán: A halászó macska uccája,Czechoslovakia-szlovák,Poland
GERGELY Sándor: Farkasok*,Czechoslovakia-szlovák,Poland
HELTAI Jenő: Álmokháza,Czechoslovakia-szlovák,Poland
ILLÉS Béla: Fegyvert s vitézt éneklek,Czechoslovakia-szlovák,Poland
ILLÉS Béla: Szkipetárok,Czechoslovakia-szlovák,Poland
MADÁCH Imre: Az ember tragédiája,Czechoslovakia-szlovák,Poland
MIKSZÁTH Kálmán: A gavallérok,Czechoslovakia-szlovák,Poland
MIKSZÁTH Kálmán: A Noszty fiú esete Tóth Marival,Czechoslovakia-szlovák,Poland
MIKSZÁTH Kálmán: Beszterce ostroma,Czechoslovakia-szlovák,Poland
MIKSZÁTH Kálmán: Különös házasság,Czechoslovakia-szlovák,Poland
MIKSZÁTH Kálmán: Szent Péter esernyője,Czechoslovakia-szlovák,Poland
MOLNÁR Ferenc: A Pál utcai fiúk,Czechoslovakia-szlovák,Poland
MÓRICZ Zsigmond: Légy jó mindhalálig,Czechoslovakia-szlovák,Poland
VERES Péter: Három nemzedék − Szolgaság,Czechoslovakia-szlovák,Poland
VERES Péter: Próbatétel,Czechoslovakia-szlovák,Poland
ASZTALOS István: Szél fúvatlan nem indul,Czechoslovakia-szlovák,Poland
JÓKAI Mór: Az arany ember,Czechoslovakia-szlovák,Poland
JÓKAI Mór: Szegény gazdagok,Czechoslovakia-szlovák,Poland
SZABÓ Magda: Mondják meg Zsófikának,Czechoslovakia-szlovák,Poland
MÓRICZ Zsigmond: Rokonok,Czechoslovakia-szlovák,Poland
FEJES Endre: Rozsdatemető,Czechoslovakia-szlovák,Poland
HEGEDŰS Géza: A milétoszi hajós,Czechoslovakia-szlovák,Poland
SZABÓ Magda: Álarcosbál,Czechoslovakia-szlovák,Poland
SZÁVA István: A szirakuzai óriás,Czechoslovakia-szlovák,Poland
NÉMETH László: Iszony,Czechoslovakia-szlovák,Poland
SÁNTA Ferenc: Az ötödik pecsét,Czechoslovakia-szlovák,Poland
JÓKAI Mór: Egy magyar nábob,Czechoslovakia-szlovák,Poland
MIKSZÁTH Kálmán: A fekete város,Czechoslovakia-szlovák,Poland
ILLÉS Béla: Kárpáti rapszódia,Czechoslovakia-szlovák,Poland
GÁRDONYI Géza: Egri csillagok,Czechoslovakia-szlovák,Poland
FÜST Milán: A feleségem története,Czechoslovakia-szlovák,Poland
DÉRY Tibor: A kiközösítő,Czechoslovakia-szlovák,Poland
KOSZTOLÁNYI Dezső: Pacsirta,Czechoslovakia-szlovák,Poland
HUNYADY József: Hét tenger vándora,Czechoslovakia-szlovák,Poland
JÓKAI Mór: A kőszívű ember fiai,Czechoslovakia-szlovák,Poland
HERNÁDI Gyula: Az erőd,Czechoslovakia-szlovák,Poland
ILLYÉS Gyula: Ebéd a kastélyban,Czechoslovakia-szlovák,Poland
PALOTAI Boris: Zöld dió,Czechoslovakia-szlovák,Poland
SZERB Antal: A Pendragon legenda,Czechoslovakia-szlovák,Poland
NÉMETH László: Gyász,Czechoslovakia-szlovák,Poland
FEKETE István: Tüskevár,Czechoslovakia-szlovák,Poland
ILLYÉS Gyula: Kháron ladikján,Czechoslovakia-szlovák,Poland
SÁNTA Ferenc: Húsz óra,Czechoslovakia-szlovák,Poland
DARVAS József: Város az ingoványon,Czechoslovakia-szlovák,Poland
NAGY Lajos: Pincenapló,Czechoslovakia-szlovák,Poland
GÁL György Sándor: Liszt Ferenc életének regénye,Czechoslovakia-szlovák,Poland
JÓKAI Anna: 4447,Czechoslovakia-szlovák,Poland
KERTÉSZ Ákos: Makra,Czechoslovakia-szlovák,Poland
SIMONFFY András: Idegen városban,Czechoslovakia-szlovák,Poland
KARINTHY Ferenc: Budapesti tavasz,Czechoslovakia-szlovák,Poland
VÁMOS Miklós: Borgisz,Czechoslovakia-szlovák,Poland
TATAY Sándor: Puskák és galambok,Czechoslovakia-szlovák,Poland
GÁLL István: A ménesgazda,Czechoslovakia-szlovák,Poland
Márton Klára: Tessék engem elrabolni,Czechoslovakia-szlovák,Poland
PASSUTH László: Madrigál: Carlo Gesualdo életregénye,Czechoslovakia-szlovák,Poland
LAKATOS Menyhért: Füstös képek,Czechoslovakia-szlovák,Poland
JÓKAI Anna: Jákob lajtorjája,Czechoslovakia-szlovák,Poland
MÁNDY Iván: Csutak és a szürke ló,Czechoslovakia-szlovák,Poland
OTTLIK Géza: Iskola a határon,Czechoslovakia-szlovák,Poland
BÓKAY János: Bohémek és pillangók: Puccini életregénye,Czechoslovakia-szlovák,Poland
KAFFKA Margit: Színek és évek,Czechoslovakia-szlovák,Poland
"SOMOGYI TÓTH Sándor: Próféta voltál, szívem",Czechoslovakia-szlovák,Poland
SÜTŐ András: Anyám könnyű álmot ígér,Czechoslovakia-szlovák,Poland
FÖLDES Jolán: A halászó macska uccája,Czechoslovakia-szlovák,Portugal
KARINTHY Ferenc: Budapesti tavasz,Czechoslovakia-szlovák,Portugal
ÖRKÉNY István: Egyperces novellák,Czechoslovakia-szlovák,Portugal
ACZÉL Tamás: A szabadság árnyékában,Czechoslovakia-szlovák,Romania
FAZEKAS Mihály: Lúdas Matyi,Czechoslovakia-szlovák,Romania
GERGELY Sándor: Farkasok*,Czechoslovakia-szlovák,Romania
ILLÉS Béla: Fegyvert s vitézt éneklek,Czechoslovakia-szlovák,Romania
MADÁCH Imre: Az ember tragédiája,Czechoslovakia-szlovák,Romania
MIKSZÁTH Kálmán: Különös házasság,Czechoslovakia-szlovák,Romania
MIKSZÁTH Kálmán: Szent Péter esernyője,Czechoslovakia-szlovák,Romania
MOLNÁR Ferenc: A Pál utcai fiúk,Czechoslovakia-szlovák,Romania
MÓRICZ Zsigmond: Légy jó mindhalálig,Czechoslovakia-szlovák,Romania
PETŐFI Sándor: Az apostol,Czechoslovakia-szlovák,Romania
VERES Péter: Próbatétel,Czechoslovakia-szlovák,Romania
ASZTALOS István: Szél fúvatlan nem indul,Czechoslovakia-szlovák,Romania
ILLÉS Béla: Honfoglalás,Czechoslovakia-szlovák,Romania
JÓKAI Mór: Az arany ember,Czechoslovakia-szlovák,Romania
MÓRICZ Zsigmond: Rózsa Sándor a lovát ugratja − Rózsa Sándor összevonja a szemöldökét,Czechoslovakia-szlovák,Romania
EÖTVÖS József: A falu jegyzője,Czechoslovakia-szlovák,Romania
MÓRICZ Zsigmond: A boldog ember,Czechoslovakia-szlovák,Romania
MÓRICZ Zsigmond: Rokonok,Czechoslovakia-szlovák,Romania
FEJES Endre: Rozsdatemető,Czechoslovakia-szlovák,Romania
FEHÉR Klára: A földrengések szigete,Czechoslovakia-szlovák,Romania
FEKETE Gyula: Az orvos halála,Czechoslovakia-szlovák,Romania
NÉMETH László: Iszony,Czechoslovakia-szlovák,Romania
SÁNTA Ferenc: Az ötödik pecsét,Czechoslovakia-szlovák,Romania
JÓKAI Mór: Fekete gyémántok,Czechoslovakia-szlovák,Romania
MÓRICZ Zsigmond: Úri muri,Czechoslovakia-szlovák,Romania
ILLÉS Béla: Kárpáti rapszódia,Czechoslovakia-szlovák,Romania
GÁRDONYI Géza: Egri csillagok,Czechoslovakia-szlovák,Romania
FÜST Milán: A feleségem története,Czechoslovakia-szlovák,Romania
DÉRY Tibor: A kiközösítő,Czechoslovakia-szlovák,Romania
JÓKAI Mór: A kőszívű ember fiai,Czechoslovakia-szlovák,Romania
HERNÁDI Gyula: Az erőd,Czechoslovakia-szlovák,Romania
JÓKAI Mór: A kis királyok,Czechoslovakia-szlovák,Romania
KERTÉSZ Ákos: Makra,Czechoslovakia-szlovák,Romania
PASSUTH László: Madrigál: Carlo Gesualdo életregénye,Czechoslovakia-szlovák,Romania
KOSZTOLÁNYI Dezső: A véres költő (Nero),Czechoslovakia-szlovák,Romania
SZILÁGYI István: Kő hull apadó kútba,Czechoslovakia-szlovák,Romania
ÖRKÉNY István: Egyperces novellák,Czechoslovakia-szlovák,Romania
BERKESI András: A 13. ügynök,Czechoslovakia-szlovák,Romania
OTTLIK Géza: Iskola a határon,Czechoslovakia-szlovák,Romania
KAFFKA Margit: Színek és évek,Czechoslovakia-szlovák,Romania
BRÓDY Sándor: A tanítónő,Czechoslovakia-szlovák,Romania
BETLEN Oszkár: Élet a halál földjén,Czechoslovakia-szlovák,Romania
SÜTŐ András: Anyám könnyű álmot ígér,Czechoslovakia-szlovák,Romania
MIKSZÁTH Kálmán: Szent Péter esernyője,Czechoslovakia-szlovák,Spain
MOLNÁR Ferenc: A Pál utcai fiúk,Czechoslovakia-szlovák,Spain
JÓKAI Mór: Az arany ember,Czechoslovakia-szlovák,Spain
FEJES Endre: Rozsdatemető,Czechoslovakia-szlovák,Spain
NÉMETH László: Iszony,Czechoslovakia-szlovák,Spain
PASSUTH László: Esőisten siratja Mexikót,Czechoslovakia-szlovák,Spain
FÜST Milán: A feleségem története,Czechoslovakia-szlovák,Spain
HALASI Mária: Az utolsó padban,Czechoslovakia-szlovák,Spain
KERTÉSZ Ákos: Makra,Czechoslovakia-szlovák,Spain
PASSUTH László: Nápolyi Johanna,Czechoslovakia-szlovák,Spain
PASSUTH László: Madrigál: Carlo Gesualdo életregénye,Czechoslovakia-szlovák,Spain
OTTLIK Géza: Iskola a határon,Czechoslovakia-szlovák,Spain
MOLNÁR Ferenc: A Pál utcai fiúk,Czechoslovakia-szlovák,Sweden
JÓKAI Mór: Az arany ember,Czechoslovakia-szlovák,Sweden
NÉMETH László: Iszony,Czechoslovakia-szlovák,Sweden
FÜST Milán: A feleségem története,Czechoslovakia-szlovák,Sweden
DÉRY Tibor: A kiközösítő,Czechoslovakia-szlovák,Sweden
SZABÓ Magda: Katalin utca,Czechoslovakia-szlovák,Sweden
NÉMETH László: Gyász,Czechoslovakia-szlovák,Sweden
ILLYÉS Gyula: Kháron ladikján,Czechoslovakia-szlovák,Sweden
KERTÉSZ Ákos: Makra,Czechoslovakia-szlovák,Sweden
ÖRKÉNY István: Egyperces novellák,Czechoslovakia-szlovák,Sweden
OTTLIK Géza: Iskola a határon,Czechoslovakia-szlovák,Sweden
"SOMOGYI TÓTH Sándor: Próféta voltál, szívem",Czechoslovakia-szlovák,Sweden
BALÁZS Béla: Álmodó ifjúság,Czechoslovakia-szlovák,Switzerland
MIKSZÁTH Kálmán: A Noszty fiú esete Tóth Marival,Czechoslovakia-szlovák,Switzerland
MIKSZÁTH Kálmán: Szent Péter esernyője,Czechoslovakia-szlovák,Switzerland
JÓKAI Mór: Az arany ember,Czechoslovakia-szlovák,Switzerland
MÓRICZ Zsigmond: Árvácska,Czechoslovakia-szlovák,Switzerland
JÓKAI Mór: Az új földesúr,Czechoslovakia-szlovák,Switzerland
MADÁCH Imre: Az ember tragédiája,Czechoslovakia-szlovák,Turkey
MOLNÁR Ferenc: A Pál utcai fiúk,Czechoslovakia-szlovák,Turkey
SZABÓ Dezső: Az elsodort falu,Czechoslovakia-szlovák,Turkey
JÓKAI Mór: Az arany ember,Czechoslovakia-szlovák,Turkey
JÓKAI Mór: Az új földesúr,Czechoslovakia-szlovák,Turkey
KARINTHY Ferenc: Budapesti tavasz,Czechoslovakia-szlovák,Turkey
ILLÉS Béla: Szkipetárok,Czechoslovakia-szlovák,UK
MIKSZÁTH Kálmán: Szent Péter esernyője,Czechoslovakia-szlovák,UK
NÉMETH László: Iszony,Czechoslovakia-szlovák,UK
PASSUTH László: Esőisten siratja Mexikót,Czechoslovakia-szlovák,UK
FÜST Milán: A feleségem története,Czechoslovakia-szlovák,UK
KOSZTOLÁNYI Dezső: Édes Anna,Czechoslovakia-szlovák,UK
KARINTHY Frigyes: Utazás Faremidóba; Capillária,Czechoslovakia-szlovák,UK
KOSZTOLÁNYI Dezső: A véres költő (Nero),Czechoslovakia-szlovák,UK
MADÁCH Imre: Az ember tragédiája,Czechoslovakia-szlovák,USA
FEJES Endre: Rozsdatemető,Czechoslovakia-szlovák,USA
NÉMETH László: Iszony,Czechoslovakia-szlovák,USA
PASSUTH László: Esőisten siratja Mexikót,Czechoslovakia-szlovák,USA
FÜST Milán: A feleségem története,Czechoslovakia-szlovák,USA
KARINTHY Frigyes: Utazás Faremidóba; Capillária,Czechoslovakia-szlovák,USA
OTTLIK Géza: Iskola a határon,Czechoslovakia-szlovák,USA
SZABÓ Magda: Katalin utca,Czechoslovakia-szlovák,USSR-azerbajdzsán
MADÁCH Imre: Az ember tragédiája,Czechoslovakia-szlovák,USSR-grúz
MIKSZÁTH Kálmán: Beszterce ostroma,Czechoslovakia-szlovák,USSR-grúz
MIKSZÁTH Kálmán: Szent Péter esernyője,Czechoslovakia-szlovák,USSR-grúz
MOLNÁR Ferenc: A Pál utcai fiúk,Czechoslovakia-szlovák,USSR-grúz
JÓKAI Mór: Az arany ember,Czechoslovakia-szlovák,USSR-grúz
MÓRA Ferenc: Kincskereső kisködmön,Czechoslovakia-szlovák,USSR-grúz
JÓKAI Mór: Fekete gyémántok,Czechoslovakia-szlovák,USSR-grúz
HELTAI Jenő: Jaguár,Czechoslovakia-szlovák,USSR-grúz
BERKESI András: A 13. ügynök,Czechoslovakia-szlovák,USSR-grúz
BERKESI András: Sellő a pecsétgyűrűn,Czechoslovakia-szlovák,USSR-grúz
ACZÉL Tamás: A szabadság árnyékában,Czechoslovakia-szlovák,USSR-kazah
MIKSZÁTH Kálmán: Különös házasság,Czechoslovakia-szlovák,USSR-kazah
MIKSZÁTH Kálmán: Szent Péter esernyője,Czechoslovakia-szlovák,USSR-kazah
TATAY Sándor: Puskák és galambok,Czechoslovakia-szlovák,USSR-kazah
ÖRKÉNY István: Tóték,Czechoslovakia-szlovák,USSR-kirgiz
TATAY Sándor: Puskák és galambok,Czechoslovakia-szlovák,USSR-kirgiz
ACZÉL Tamás: Vihar és napsütés,Czechoslovakia-szlovák,USSR-lett
MIKSZÁTH Kálmán: Különös házasság,Czechoslovakia-szlovák,USSR-lett
MIKSZÁTH Kálmán: Szent Péter esernyője,Czechoslovakia-szlovák,USSR-lett
MÓRICZ Zsigmond: A boldog ember,Czechoslovakia-szlovák,USSR-lett
SZABÓ Magda: Mondják meg Zsófikának,Czechoslovakia-szlovák,USSR-lett
FEJES Endre: Rozsdatemető,Czechoslovakia-szlovák,USSR-lett
SOMOGYI TÓTH Sándor: Gyerektükör,Czechoslovakia-szlovák,USSR-lett
FEKETE Gyula: Az orvos halála,Czechoslovakia-szlovák,USSR-lett
ILLÉS Béla: Kárpáti rapszódia,Czechoslovakia-szlovák,USSR-lett
GÁRDONYI Géza: Hosszúhajú veszedelem,Czechoslovakia-szlovák,USSR-lett
JÓKAI Mór: A kőszívű ember fiai,Czechoslovakia-szlovák,USSR-lett
NÉMETH László: Gyász,Czechoslovakia-szlovák,USSR-lett
FEKETE István: Tüskevár,Czechoslovakia-szlovák,USSR-lett
BERKESI András: Sellő a pecsétgyűrűn,Czechoslovakia-szlovák,USSR-lett
GERGELY Márta: Szöszi,Czechoslovakia-szlovák,USSR-lett
MIKSZÁTH Kálmán: Különös házasság,Czechoslovakia-szlovák,USSR-litván
MOLNÁR Ferenc: A Pál utcai fiúk,Czechoslovakia-szlovák,USSR-litván
JÓKAI Mór: Az arany ember,Czechoslovakia-szlovák,USSR-litván
MÓRA Ferenc: Kincskereső kisködmön,Czechoslovakia-szlovák,USSR-litván
SZABÓ Magda: Mondják meg Zsófikának,Czechoslovakia-szlovák,USSR-litván
MÓRICZ Zsigmond: Rokonok,Czechoslovakia-szlovák,USSR-litván
FEJES Endre: Rozsdatemető,Czechoslovakia-szlovák,USSR-litván
SZABÓ Magda: Álarcosbál,Czechoslovakia-szlovák,USSR-litván
JÓKAI Mór: Egy magyar nábob,Czechoslovakia-szlovák,USSR-litván
JÓKAI Mór: Fekete gyémántok,Czechoslovakia-szlovák,USSR-litván
ILLÉS Béla: Kárpáti rapszódia,Czechoslovakia-szlovák,USSR-litván
GÁRDONYI Géza: Egri csillagok,Czechoslovakia-szlovák,USSR-litván
FÜST Milán: A feleségem története,Czechoslovakia-szlovák,USSR-litván
KOSZTOLÁNYI Dezső: Édes Anna,Czechoslovakia-szlovák,USSR-litván
JÓKAI Mór: A kőszívű ember fiai,Czechoslovakia-szlovák,USSR-litván
NÉMETH László: Gyász,Czechoslovakia-szlovák,USSR-litván
GÁL György Sándor: Liszt Ferenc életének regénye,Czechoslovakia-szlovák,USSR-litván
TATAY Sándor: Puskák és galambok,Czechoslovakia-szlovák,USSR-litván
MÁNDY Iván: Csutak és a szürke ló,Czechoslovakia-szlovák,USSR-litván
BERKESI András: Sellő a pecsétgyűrűn,Czechoslovakia-szlovák,USSR-litván
MOLNÁR Ferenc: A Pál utcai fiúk,Czechoslovakia-szlovák,USSR-moldva
SÁNTA Ferenc: Az ötödik pecsét,Czechoslovakia-szlovák,USSR-moldva
SZABÓ Magda: Születésnap,Czechoslovakia-szlovák,USSR-moldva
GERGELY Márta: Szöszi,Czechoslovakia-szlovák,USSR-moldva
ACZÉL Tamás: A szabadság árnyékában,Czechoslovakia-szlovák,USSR-orosz
ACZÉL Tamás: Vihar és napsütés,Czechoslovakia-szlovák,USSR-orosz
MADÁCH Imre: Az ember tragédiája,Czechoslovakia-szlovák,USSR-orosz
MIKSZÁTH Kálmán: A gavallérok,Czechoslovakia-szlovák,USSR-orosz
MIKSZÁTH Kálmán: Beszterce ostroma,Czechoslovakia-szlovák,USSR-orosz
MIKSZÁTH Kálmán: Különös házasság,Czechoslovakia-szlovák,USSR-orosz
MIKSZÁTH Kálmán: Szent Péter esernyője,Czechoslovakia-szlovák,USSR-orosz
MOLNÁR Ferenc: A Pál utcai fiúk,Czechoslovakia-szlovák,USSR-orosz
MÓRA Ferenc: Aranykoporsó,Czechoslovakia-szlovák,USSR-orosz
MÓRICZ Zsigmond: Légy jó mindhalálig,Czechoslovakia-szlovák,USSR-orosz
SZABÓ Pál: Talpalatnyi föld,Czechoslovakia-szlovák,USSR-orosz
VERES Péter: Próbatétel,Czechoslovakia-szlovák,USSR-orosz
HELTAI Jenő: A néma levente,Czechoslovakia-szlovák,USSR-orosz
ILLÉS Béla: Honfoglalás,Czechoslovakia-szlovák,USSR-orosz
JÓKAI Mór: Az arany ember,Czechoslovakia-szlovák,USSR-orosz
MÓRA Ferenc: Kincskereső kisködmön,Czechoslovakia-szlovák,USSR-orosz
SZABÓ Pál: Új föld,Czechoslovakia-szlovák,USSR-orosz
EÖTVÖS József: A falu jegyzője,Czechoslovakia-szlovák,USSR-orosz
MESTERHÁZI Lajos: Pár lépés a határ,Czechoslovakia-szlovák,USSR-orosz
MÓRICZ Zsigmond: Forró mezők,Czechoslovakia-szlovák,USSR-orosz
MURÁNYI KOVÁCS Endre: A firenzei varázsló,Czechoslovakia-szlovák,USSR-orosz
SZABÓ Magda: Mondják meg Zsófikának,Czechoslovakia-szlovák,USSR-orosz
GERGELY Márta: Házasságból elégséges,Czechoslovakia-szlovák,USSR-orosz
MÓRICZ Zsigmond: Rokonok,Czechoslovakia-szlovák,USSR-orosz
FEJES Endre: Rozsdatemető,Czechoslovakia-szlovák,USSR-orosz
SOMOGYI TÓTH Sándor: Gyerektükör,Czechoslovakia-szlovák,USSR-orosz
SZABÓ Magda: Álarcosbál,Czechoslovakia-szlovák,USSR-orosz
DARVAS József: Részeg eső,Czechoslovakia-szlovák,USSR-orosz
FEKETE Gyula: Az orvos halála,Czechoslovakia-szlovák,USSR-orosz
MESTERHÁZI Lajos: A tizenegyedik parancsolat,Czechoslovakia-szlovák,USSR-orosz
MESTERHÁZI Lajos: Az ártatlanság kora,Czechoslovakia-szlovák,USSR-orosz
THURY Zsuzsa: Egy fedél alatt,Czechoslovakia-szlovák,USSR-orosz
VÖRÖSMARTY Mihály: Csongor és Tünde,Czechoslovakia-szlovák,USSR-orosz
JÓKAI Mór: Egy magyar nábob,Czechoslovakia-szlovák,USSR-orosz
JÓKAI Mór: Fekete gyémántok,Czechoslovakia-szlovák,USSR-orosz
MIKSZÁTH Kálmán: A fekete város,Czechoslovakia-szlovák,USSR-orosz
MÓRICZ Zsigmond: Úri muri,Czechoslovakia-szlovák,USSR-orosz
BERKESI András: Pisztrángok és nagyhalak,Czechoslovakia-szlovák,USSR-orosz
ILLÉS Béla: Kárpáti rapszódia,Czechoslovakia-szlovák,USSR-orosz
GÁRDONYI Géza: Egri csillagok,Czechoslovakia-szlovák,USSR-orosz
HELTAI Jenő: Jaguár,Czechoslovakia-szlovák,USSR-orosz
JÓKAI Mór: A kőszívű ember fiai,Czechoslovakia-szlovák,USSR-orosz
KARINTHY Frigyes: Utazás Faremidóba; Capillária,Czechoslovakia-szlovák,USSR-orosz
NÉMETH László: Gyász,Czechoslovakia-szlovák,USSR-orosz
FEKETE István: Tüskevár,Czechoslovakia-szlovák,USSR-orosz
SÁNTA Ferenc: Húsz óra,Czechoslovakia-szlovák,USSR-orosz
BERTHA Bulcsu: A kenguru,Czechoslovakia-szlovák,USSR-orosz
HALASI Mária: Az utolsó padban,Czechoslovakia-szlovák,USSR-orosz
GÁL György Sándor: Liszt Ferenc életének regénye,Czechoslovakia-szlovák,USSR-orosz
TATAY Sándor: Puskák és galambok,Czechoslovakia-szlovák,USSR-orosz
PASSUTH László: Aranyködben fáznak az istenek,Czechoslovakia-szlovák,USSR-orosz
SZABÓ Magda: Születésnap,Czechoslovakia-szlovák,USSR-orosz
KOSZTOLÁNYI Dezső: A véres költő (Nero),Czechoslovakia-szlovák,USSR-orosz
ÖRKÉNY István: Egyperces novellák,Czechoslovakia-szlovák,USSR-orosz
OTTLIK Géza: Iskola a határon,Czechoslovakia-szlovák,USSR-orosz
BERKESI András: Sellő a pecsétgyűrűn,Czechoslovakia-szlovák,USSR-orosz
GERGELY Márta: Szöszi,Czechoslovakia-szlovák,USSR-orosz
KAFFKA Margit: Színek és évek,Czechoslovakia-szlovák,USSR-orosz
SZAMOS Rudolf: Kántor nyomoz,Czechoslovakia-szlovák,USSR-orosz
KERTÉSZ Ákos: Özvegyek,Czechoslovakia-szlovák,USSR-orosz
SÁNTA Ferenc: Az ötödik pecsét,Czechoslovakia-szlovák,USSR-türkmén
KARINTHY Ferenc: Budapesti tavasz,Czechoslovakia-szlovák,USSR-türkmén
ACZÉL Tamás: A szabadság árnyékában,Czechoslovakia-szlovák,USSR-ukrán
ACZÉL Tamás: Vihar és napsütés,Czechoslovakia-szlovák,USSR-ukrán
MADÁCH Imre: Az ember tragédiája,Czechoslovakia-szlovák,USSR-ukrán
MIKSZÁTH Kálmán: Különös házasság,Czechoslovakia-szlovák,USSR-ukrán
MIKSZÁTH Kálmán: Szent Péter esernyője,Czechoslovakia-szlovák,USSR-ukrán
MOLNÁR Ferenc: A Pál utcai fiúk,Czechoslovakia-szlovák,USSR-ukrán
PETŐFI Sándor: Az apostol,Czechoslovakia-szlovák,USSR-ukrán
SOMOGYI TÓTH Sándor: Gyerektükör,Czechoslovakia-szlovák,USSR-ukrán
DARVAS József: Részeg eső,Czechoslovakia-szlovák,USSR-ukrán
ILLÉS Béla: Kárpáti rapszódia,Czechoslovakia-szlovák,USSR-ukrán
GÁRDONYI Géza: Egri csillagok,Czechoslovakia-szlovák,USSR-ukrán
JÓKAI Mór: A kőszívű ember fiai,Czechoslovakia-szlovák,USSR-ukrán
DOBOZY Imre: A tizedes meg a többiek,Czechoslovakia-szlovák,USSR-ukrán
SÁNTA Ferenc: Húsz óra,Czechoslovakia-szlovák,USSR-ukrán
BERTHA Bulcsu: A kenguru,Czechoslovakia-szlovák,USSR-ukrán
TATAY Sándor: Puskák és galambok,Czechoslovakia-szlovák,USSR-ukrán
SZABÓ Magda: Születésnap,Czechoslovakia-szlovák,USSR-ukrán
BERKESI András: A 13. ügynök,Czechoslovakia-szlovák,USSR-ukrán
MIKSZÁTH Kálmán: Szent Péter esernyője,Czechoslovakia-szlovák,USSR-észt
MOLNÁR Ferenc: A Pál utcai fiúk,Czechoslovakia-szlovák,USSR-észt
JÓKAI Mór: Az arany ember,Czechoslovakia-szlovák,USSR-észt
MÓRA Ferenc: Kincskereső kisködmön,Czechoslovakia-szlovák,USSR-észt
MESTERHÁZI Lajos: Pár lépés a határ,Czechoslovakia-szlovák,USSR-észt
FEJES Endre: Rozsdatemető,Czechoslovakia-szlovák,USSR-észt
NÉMETH László: Iszony,Czechoslovakia-szlovák,USSR-észt
GÁRDONYI Géza: Egri csillagok,Czechoslovakia-szlovák,USSR-észt
ÖRKÉNY István: Tóték,Czechoslovakia-szlovák,USSR-észt
HERNÁDI Gyula: Az erőd,Czechoslovakia-szlovák,USSR-észt
SZABÓ Magda: Katalin utca,Czechoslovakia-szlovák,USSR-észt
TATAY Sándor: Puskák és galambok,Czechoslovakia-szlovák,USSR-észt
LÁZÁR Ervin: A hétfejű tündér,Czechoslovakia-szlovák,USSR-észt
"SOMOGYI TÓTH Sándor: Próféta voltál, szívem",Czechoslovakia-szlovák,USSR-észt
MOLNÁR Ferenc: A Pál utcai fiúk,Czechoslovakia-szlovák,USSR-örmény
JÓKAI Mór: Az arany ember,Czechoslovakia-szlovák,USSR-örmény
MÓRA Ferenc: Kincskereső kisködmön,Czechoslovakia-szlovák,USSR-örmény
MÓRICZ Zsigmond: Forró mezők,Czechoslovakia-szlovák,USSR-örmény
SOMOGYI TÓTH Sándor: Gyerektükör,Czechoslovakia-szlovák,USSR-örmény
SÁNTA Ferenc: Az ötödik pecsét,Czechoslovakia-szlovák,USSR-örmény
TATAY Sándor: Puskák és galambok,Czechoslovakia-szlovák,USSR-örmény
KOSZTOLÁNYI Dezső: A véres költő (Nero),Czechoslovakia-szlovák,USSR-örmény
BERKESI András: Sellő a pecsétgyűrűn,Czechoslovakia-szlovák,USSR-örmény
GERGELY Márta: Szöszi,Czechoslovakia-szlovák,USSR-örmény
MIKSZÁTH Kálmán: Különös házasság,Czechoslovakia-szlovák,USSR-üzbég
MÓRA Ferenc: Kincskereső kisködmön,Czechoslovakia-szlovák,USSR-üzbég
ILLÉS Béla: Kárpáti rapszódia,Czechoslovakia-szlovák,USSR-üzbég
NÉMETH László: Gyász,Czechoslovakia-szlovák,USSR-üzbég
BERKESI András: A 13. ügynök,Czechoslovakia-szlovák,USSR-üzbég
SZABÓ Magda: Katalin utca,Czechoslovakia-szlovák,Venezuela
MÓRICZ Zsigmond: Rokonok,Czechoslovakia-szlovák,Vietnam
GÁRDONYI Géza: Egri csillagok,Czechoslovakia-szlovák,Vietnam
KOSZTOLÁNYI Dezső: A véres költő (Nero),Czechoslovakia-szlovák,Vietnam
MIKSZÁTH Kálmán: Beszterce ostroma,Czechoslovakia-szlovák,Yugoslavia
MIKSZÁTH Kálmán: Különös házasság,Czechoslovakia-szlovák,Yugoslavia
MIKSZÁTH Kálmán: Szent Péter esernyője,Czechoslovakia-szlovák,Yugoslavia
MOLNÁR Ferenc: A Pál utcai fiúk,Czechoslovakia-szlovák,Yugoslavia
MÓRICZ Zsigmond: Légy jó mindhalálig,Czechoslovakia-szlovák,Yugoslavia
JÓKAI Mór: Az arany ember,Czechoslovakia-szlovák,Yugoslavia
JÓKAI Mór: Szegény gazdagok,Czechoslovakia-szlovák,Yugoslavia
FEJES Endre: Rozsdatemető,Czechoslovakia-szlovák,Yugoslavia
SZABÓ Magda: Álarcosbál,Czechoslovakia-szlovák,Yugoslavia
DARVAS József: Részeg eső,Czechoslovakia-szlovák,Yugoslavia
NÉMETH László: Iszony,Czechoslovakia-szlovák,Yugoslavia
JÓKAI Mór: Egy magyar nábob,Czechoslovakia-szlovák,Yugoslavia
JÓKAI Mór: Fekete gyémántok,Czechoslovakia-szlovák,Yugoslavia
MÓRICZ Zsigmond: Úri muri,Czechoslovakia-szlovák,Yugoslavia
ILLÉS Béla: Kárpáti rapszódia,Czechoslovakia-szlovák,Yugoslavia
PASSUTH László: Esőisten siratja Mexikót,Czechoslovakia-szlovák,Yugoslavia
GÁRDONYI Géza: Egri csillagok,Czechoslovakia-szlovák,Yugoslavia
FÜST Milán: A feleségem története,Czechoslovakia-szlovák,Yugoslavia
JÓKAI Mór: Kárpáthy Zoltán,Czechoslovakia-szlovák,Yugoslavia
KOSZTOLÁNYI Dezső: Pacsirta,Czechoslovakia-szlovák,Yugoslavia
PASSUTH László: Ravennában temették Rómát,Czechoslovakia-szlovák,Yugoslavia
JÓKAI Mór: Az új földesúr,Czechoslovakia-szlovák,Yugoslavia
ILLYÉS Gyula: Ebéd a kastélyban,Czechoslovakia-szlovák,Yugoslavia
SZERB Antal: A Pendragon legenda,Czechoslovakia-szlovák,Yugoslavia
NÉMETH László: Gyász,Czechoslovakia-szlovák,Yugoslavia
GÁL György Sándor−SOMOGYI Vilmos: Mesél a bécsi erdő,Czechoslovakia-szlovák,Yugoslavia
KERTÉSZ Ákos: Makra,Czechoslovakia-szlovák,Yugoslavia
KARINTHY Ferenc: Budapesti tavasz,Czechoslovakia-szlovák,Yugoslavia
SZABÓ Magda: Születésnap,Czechoslovakia-szlovák,Yugoslavia
JÓKAI Anna: Jákob lajtorjája,Czechoslovakia-szlovák,Yugoslavia
ÖRKÉNY István: Egyperces novellák,Czechoslovakia-szlovák,Yugoslavia
OTTLIK Géza: Iskola a határon,Czechoslovakia-szlovák,Yugoslavia
BÓKAY János: Bohémek és pillangók: Puccini életregénye,Czechoslovakia-szlovák,Yugoslavia
"SOMOGYI TÓTH Sándor: Próféta voltál, szívem",Czechoslovakia-szlovák,Yugoslavia
MÁRAI Sándor: Az igazi,Denmark,Federal Republic of Germany
VASZARY Gábor: Alszik az Isten,Denmark,Federal Republic of Germany
DÉRY Tibor: Niki,Denmark,Federal Republic of Germany
HALASI Mária: Az utolsó padban,Denmark,Federal Republic of Germany
SZABÓ Magda: Az őz,Denmark,Federal Republic of Germany
MÉSZÖLY Miklós: Az atléta halála,Denmark,Federal Republic of Germany
KONRÁD György: A látogató,Denmark,Federal Republic of Germany
DÉRY Tibor: Kedves Bópeer...!,Denmark,Federal Republic of Germany
GALGÓCZI Erzsébet: Törvényen belül,Denmark,Federal Republic of Germany
ESTERHÁZY Péter: A szív segédigéi,Denmark,Federal Republic of Germany
NÁDAS Péter: Egy családregény vége,Denmark,Federal Republic of Germany
FALUDY György: Pokolbéli vig napjaim,Denmark,Federal Republic of Germany
MÁRAI Sándor: Az igazi,Denmark,Finland
ZILAHY Lajos: Ararát,Denmark,Finland
DÉRY Tibor: Niki,Denmark,Finland
HALASI Mária: Az utolsó padban,Denmark,Finland
SZABÓ Magda: Az őz,Denmark,Finland
KONRÁD György: A látogató,Denmark,Finland
DÉRY Tibor: Kedves Bópeer...!,Denmark,Finland
ZILAHY Lajos: Ararát,Denmark,France
DÉRY Tibor: Niki,Denmark,France
SZABÓ Magda: Az őz,Denmark,France
MÉSZÖLY Miklós: Az atléta halála,Denmark,France
KONRÁD György: A látogató,Denmark,France
DÉRY Tibor: Kedves Bópeer...!,Denmark,France
DARVAS József: Vízkereszttől Szilveszterig,Denmark,GDR
SZABÓ Magda: Az őz,Denmark,GDR
DÉRY Tibor: Kedves Bópeer...!,Denmark,GDR
HALASI Mária: Az utolsó padban,Denmark,Greece
DÉRY Tibor: Niki,Denmark,Italy
HALASI Mária: Az utolsó padban,Denmark,Italy
SZABÓ Magda: Az őz,Denmark,Italy
KONRÁD György: A látogató,Denmark,Italy
ESTERHÁZY Péter: A szív segédigéi,Denmark,Italy
KONRÁD György: A látogató,Denmark,Japan
VASZARY Gábor: Alszik az Isten,Denmark,Netherlands
SZABÓ Magda: Az őz,Denmark,Netherlands
KONRÁD György: A látogató,Denmark,Netherlands
GALGÓCZI Erzsébet: Törvényen belül,Denmark,Netherlands
NÁDAS Péter: Egy családregény vége,Denmark,Netherlands
ZILAHY Lajos: Ararát,Denmark,Norway
DÉRY Tibor: Niki,Denmark,Norway
HALASI Mária: Az utolsó padban,Denmark,Norway
KONRÁD György: A látogató,Denmark,Norway
VÁMOS Miklós: Zenga Zének,Denmark,Norway
NÁDAS Péter: Egy családregény vége,Denmark,Norway
DÉRY Tibor: Niki,Denmark,Poland
SZABÓ Magda: Az őz,Denmark,Poland
MÉSZÖLY Miklós: Az atléta halála,Denmark,Poland
NÁDAS Péter: Egy családregény vége,Denmark,Poland
MÁRAI Sándor: Az igazi,Denmark,Spain
ZILAHY Lajos: Ararát,Denmark,Spain
HALASI Mária: Az utolsó padban,Denmark,Spain
SZABÓ Magda: Az őz,Denmark,Spain
DÉRY Tibor: Kedves Bópeer...!,Denmark,Spain
ZILAHY Lajos: Ararát,Denmark,Sweden
DÉRY Tibor: Niki,Denmark,Sweden
SZABÓ Magda: Az őz,Denmark,Sweden
KONRÁD György: A látogató,Denmark,Sweden
GALGÓCZI Erzsébet: Törvényen belül,Denmark,Sweden
VÁMOS Miklós: Zenga Zének,Denmark,Sweden
ESTERHÁZY Péter: A szív segédigéi,Denmark,Sweden
NÁDAS Péter: Egy családregény vége,Denmark,Sweden
DÉRY Tibor: Niki,Denmark,Turkey
DÉRY Tibor: Niki,Denmark,UK
SZABÓ Magda: Az őz,Denmark,UK
KONRÁD György: A látogató,Denmark,UK
FALUDY György: Pokolbéli vig napjaim,Denmark,UK
ZILAHY Lajos: Ararát,Denmark,USA
DÉRY Tibor: Niki,Denmark,USA
SZABÓ Magda: Az őz,Denmark,USA
KONRÁD György: A látogató,Denmark,USA
DÉRY Tibor: Kedves Bópeer...!,Denmark,USSR-fehérorosz
DÉRY Tibor: Kedves Bópeer...!,Denmark,USSR-grúz
DÉRY Tibor: Kedves Bópeer...!,Denmark,USSR-moldva
HALASI Mária: Az utolsó padban,Denmark,USSR-orosz
DÉRY Tibor: Kedves Bópeer...!,Denmark,USSR-orosz
DÉRY Tibor: Kedves Bópeer...!,Denmark,USSR-észt
ZILAHY Lajos: Ararát,Denmark,Yugoslavia
DÉRY Tibor: Niki,Denmark,Yugoslavia
SZABÓ Magda: Az őz,Denmark,Yugoslavia
DÉRY Tibor: Kedves Bópeer...!,Denmark,Yugoslavia
GALGÓCZI Erzsébet: Törvényen belül,Denmark,Yugoslavia
ESTERHÁZY Péter: A szív segédigéi,Denmark,Yugoslavia
NÁDAS Péter: Egy családregény vége,Denmark,Yugoslavia
VASZARY Gábor: Monpti,Egypt,Federal Republic of Germany
ÖRKÉNY István: Tóték,Egypt,France
ÖRKÉNY István: Tóték,Egypt,Japan
VASZARY Gábor: Monpti,Egypt,Netherlands
VASZARY Gábor: Monpti,Egypt,South Korea
VASZARY Gábor: Monpti,Egypt,Spain
ÖRKÉNY István: Tóték,Egypt,USSR-kirgiz
ÖRKÉNY István: Tóték,Egypt,USSR-észt
MÁRAI Sándor: Az igazi,Federal Republic of Germany,Finland
MOLNÁR Ferenc: A Pál utcai fiúk,Federal Republic of Germany,Finland
NÉMETH László: Iszony,Federal Republic of Germany,Finland
SZABÓ Magda: Az őz,Federal Republic of Germany,Finland
SZABÓ Magda: Disznótor,Federal Republic of Germany,Finland
HALASI Mária: Az utolsó padban,Federal Republic of Germany,Finland
FEJES Endre: Rozsdatemető,Federal Republic of Germany,Finland
MÉSZÖLY Miklós: Saulus,Federal Republic of Germany,Finland
KONRÁD György: A látogató,Federal Republic of Germany,Finland
DÉRY Tibor: Kedves Bópeer...!,Federal Republic of Germany,Finland
KERTÉSZ Ákos: Makra,Federal Republic of Germany,Finland
LAKATOS Menyhért: Füstös képek,Federal Republic of Germany,Finland
HARSÁNYI Zsolt: Magyar rapszódia: Liszt életének regénye,Federal Republic of Germany,Finland
BABITS Mihály: A gólyakalifa,Federal Republic of Germany,Finland
DÉRY Tibor: Niki,Federal Republic of Germany,Finland
KONRÁD György: A cinkos,Federal Republic of Germany,Finland
ILLYÉS Gyula: Puszták népe,Federal Republic of Germany,Finland
SZÁSZ Imre: Felhőfejes,Federal Republic of Germany,Finland
HARSÁNYI Zsolt: Élni jó. Rubens életének regénye,Federal Republic of Germany,Finland
GÁRDONYI Géza: Egri csillagok,Federal Republic of Germany,Finland
HARSÁNYI Zsolt: És mégis mozog a föld,Federal Republic of Germany,France
JUST Béla: Allegro barbaro,Federal Republic of Germany,France
KÖRMENDI Ferenc: A budapesti kaland,Federal Republic of Germany,France
MOLNÁR Ferenc: A Pál utcai fiúk,Federal Republic of Germany,France
JUST Béla: Az eszelősök,Federal Republic of Germany,France
NÉMETH László: Iszony,Federal Republic of Germany,France
SZABÓ Magda: Az őz,Federal Republic of Germany,France
SZABÓ Magda: Freskó,Federal Republic of Germany,France
DÉRY Tibor: A befejezetlen mondat,Federal Republic of Germany,France
FÜST Milán: A feleségem története,Federal Republic of Germany,France
HERNÁDI Gyula: A péntek lépcsőin,Federal Republic of Germany,France
KESZI Imre: Elysium,Federal Republic of Germany,France
OTTLIK Géza: Iskola a határon,Federal Republic of Germany,France
SZABÓ Magda: Pilátus,Federal Republic of Germany,France
DÉRY Tibor: G. A. úr X-ben,Federal Republic of Germany,France
FEJES Endre: Rozsdatemető,Federal Republic of Germany,France
"SZABÓ Magda: Mózes egy, huszonkettő",Federal Republic of Germany,France
DÉRY Tibor: A kiközösítő,Federal Republic of Germany,France
MÉSZÖLY Miklós: Saulus,Federal Republic of Germany,France
SZABÓ Magda: Katalin utca,Federal Republic of Germany,France
KARDOS G. György: Avraham Bogatir hét napja,Federal Republic of Germany,France
MÉSZÖLY Miklós: Az atléta halála,Federal Republic of Germany,France
KONRÁD György: A látogató,Federal Republic of Germany,France
DÉRY Tibor: Kedves Bópeer...!,Federal Republic of Germany,France
LAKATOS Menyhért: Füstös képek,Federal Republic of Germany,France
HARSÁNYI Zsolt: Magyar rapszódia: Liszt életének regénye,Federal Republic of Germany,France
KONRÁD György: A városalapító,Federal Republic of Germany,France
ÖRKÉNY István: Rózsakiállítás,Federal Republic of Germany,France
DÉRY Tibor: Niki,Federal Republic of Germany,France
KONRÁD György: A cinkos,Federal Republic of Germany,France
ILLYÉS Gyula: Puszták népe,Federal Republic of Germany,France
SZÁSZ Béla: Minden kényszer nélkül,Federal Republic of Germany,France
MOLNÁR Ferenc: Liliom,Federal Republic of Germany,France
KONRÁD György: Antipolitika,Federal Republic of Germany,France
HERCZEG Ferenc: Az élet kapuja,Federal Republic of Germany,GDR
GÁRDONYI Géza: A láthatatlan ember,Federal Republic of Germany,GDR
NÉMETH László: Iszony,Federal Republic of Germany,GDR
PASSUTH László: A mantuai herceg muzsikusa,Federal Republic of Germany,GDR
SZABÓ Magda: Az őz,Federal Republic of Germany,GDR
SZABÓ Magda: Freskó,Federal Republic of Germany,GDR
DÉRY Tibor: A befejezetlen mondat,Federal Republic of Germany,GDR
FÜST Milán: A feleségem története,Federal Republic of Germany,GDR
OTTLIK Géza: Iskola a határon,Federal Republic of Germany,GDR
FEJES Endre: Rozsdatemető,Federal Republic of Germany,GDR
MÁNDY Iván: Csutak és a szürke ló,Federal Republic of Germany,GDR
MURÁNYI KOVÁCS Endre: A firenzei varázsló,Federal Republic of Germany,GDR
DÉRY Tibor: A kiközösítő,Federal Republic of Germany,GDR
HALASI Mária: Minden nap szenzáció,Federal Republic of Germany,GDR
MÉSZÖLY Miklós: Saulus,Federal Republic of Germany,GDR
SZABÓ Magda: Katalin utca,Federal Republic of Germany,GDR
DÉRY Tibor: Ítélet nincs,Federal Republic of Germany,GDR
KARDOS G. György: Avraham Bogatir hét napja,Federal Republic of Germany,GDR
NÉMETH László: Gyász,Federal Republic of Germany,GDR
DÉRY Tibor: Kedves Bópeer...!,Federal Republic of Germany,GDR
KERTÉSZ Ákos: Makra,Federal Republic of Germany,GDR
LAKATOS Menyhért: Füstös képek,Federal Republic of Germany,GDR
ÖRKÉNY István: Pisti a vérzivatarban,Federal Republic of Germany,GDR
HEGEDŰS Géza: A milétoszi hajós,Federal Republic of Germany,GDR
ÖRKÉNY István: Rózsakiállítás,Federal Republic of Germany,GDR
Márton Klára: Tessék engem elrabolni,Federal Republic of Germany,GDR
ILLYÉS Gyula: Puszták népe,Federal Republic of Germany,GDR
MOLNÁR Ferenc: Liliom,Federal Republic of Germany,GDR
GÁRDONYI Géza: Egri csillagok,Federal Republic of Germany,GDR
NÉMETH László: Irgalom,Federal Republic of Germany,GDR
HALASI Mária: Az utolsó padban,Federal Republic of Germany,Greece
GÁRDONYI Géza: Egri csillagok,Federal Republic of Germany,Greece
MOLNÁR Ferenc: A Pál utcai fiúk,Federal Republic of Germany,Hungary
GÁRDONYI Géza: A láthatatlan ember,Federal Republic of Germany,Hungary
FEKETE István: Bogáncs,Federal Republic of Germany,Hungary
FÜST Milán: A feleségem története,Federal Republic of Germany,Hungary
MURÁNYI KOVÁCS Endre: A firenzei varázsló,Federal Republic of Germany,Hungary
SÁNTA Ferenc: Húsz óra,Federal Republic of Germany,Hungary
BENEDEK István: Aranyketrec,Federal Republic of Germany,Hungary
NÉMETH László: Gyász,Federal Republic of Germany,Hungary
HEGEDŰS Géza: A milétoszi hajós,Federal Republic of Germany,Hungary
BABITS Mihály: A gólyakalifa,Federal Republic of Germany,Hungary
EÖRSI István: Az interjú,Federal Republic of Germany,Hungary
ILLYÉS Gyula: Puszták népe,Federal Republic of Germany,Hungary
ILLÉS Endre: Spanyol Izabella,Federal Republic of Germany,Hungary
KOSZTOLÁNYI Dezső: Édes Anna,Federal Republic of Germany,Hungary
Száva István: A szirakuzai óriás,Federal Republic of Germany,Hungary
GÁRDONYI Géza: Egri csillagok,Federal Republic of Germany,Hungary
KARINTHY Ferenc: Bösendorfer,Federal Republic of Germany,India
MOLNÁR Ferenc: A Pál utcai fiúk,Federal Republic of Germany,Israel
GÁRDONYI Géza: A láthatatlan ember,Federal Republic of Germany,Israel
KARDOS G. György: Avraham Bogatir hét napja,Federal Republic of Germany,Israel
HARSÁNYI Zsolt: Magyar rapszódia: Liszt életének regénye,Federal Republic of Germany,Israel
KONRÁD György: A cinkos,Federal Republic of Germany,Israel
HARSÁNYI Zsolt: Csak azért is,Federal Republic of Germany,Italy
HARSÁNYI Zsolt: És mégis mozog a föld,Federal Republic of Germany,Italy
MÁRAI Sándor: A szegények iskolája,Federal Republic of Germany,Italy
MOLNÁR Ferenc: A Pál utcai fiúk,Federal Republic of Germany,Italy
JUST Béla: Az eszelősök,Federal Republic of Germany,Italy
NÉMETH László: Iszony,Federal Republic of Germany,Italy
SZABÓ Magda: Az őz,Federal Republic of Germany,Italy
HERNÁDI Gyula: A péntek lépcsőin,Federal Republic of Germany,Italy
HALASI Mária: Az utolsó padban,Federal Republic of Germany,Italy
DÉRY Tibor: G. A. úr X-ben,Federal Republic of Germany,Italy
FEJES Endre: Rozsdatemető,Federal Republic of Germany,Italy
DÉRY Tibor: A kiközösítő,Federal Republic of Germany,Italy
MÉSZÖLY Miklós: Saulus,Federal Republic of Germany,Italy
SÁNTA Ferenc: Húsz óra,Federal Republic of Germany,Italy
KARDOS G. György: Avraham Bogatir hét napja,Federal Republic of Germany,Italy
KONRÁD György: A látogató,Federal Republic of Germany,Italy
DÉRY Tibor: Niki,Federal Republic of Germany,Italy
MOLNÁR Ferenc: Liliom,Federal Republic of Germany,Italy
ESTERHÁZY Péter: A szív segédigéi,Federal Republic of Germany,Italy
HARSÁNYI Zsolt: Élni jó. Rubens életének regénye,Federal Republic of Germany,Italy
GÁRDONYI Géza: Egri csillagok,Federal Republic of Germany,Italy
HARSÁNYI Zsolt: És mégis mozog a föld,Federal Republic of Germany,Japan
KESZI Imre: Elysium,Federal Republic of Germany,Japan
LENGYEL Péter: Ogg második bolygója,Federal Republic of Germany,Japan
KONRÁD György: A látogató,Federal Republic of Germany,Japan
KERTÉSZ Ákos: Makra,Federal Republic of Germany,Japan
MOLNÁR Ferenc: A hattyú,Federal Republic of Germany,Japan
ILLYÉS Gyula: Puszták népe,Federal Republic of Germany,Japan
MOLNÁR Ferenc: Liliom,Federal Republic of Germany,Japan
SZÉKELY László: Őserdőktől ültetvényekig,Federal Republic of Germany,Malaysia
HARSÁNYI Zsolt: És mégis mozog a föld,Federal Republic of Germany,Netherlands
HARSÁNYI Zsolt: Magdolna,Federal Republic of Germany,Netherlands
VASZARY Gábor: Monpti,Federal Republic of Germany,Netherlands
SEBESTYÉN György: Kilincs nélküli ajtók,Federal Republic of Germany,Netherlands
NÉMETH László: Iszony,Federal Republic of Germany,Netherlands
SZABÓ Magda: Az őz,Federal Republic of Germany,Netherlands
VASZARY Gábor: Alszik az Isten,Federal Republic of Germany,Netherlands
FÜST Milán: A feleségem története,Federal Republic of Germany,Netherlands
HERNÁDI Gyula: A péntek lépcsőin,Federal Republic of Germany,Netherlands
DÉRY Tibor: Ítélet nincs,Federal Republic of Germany,Netherlands
KONRÁD György: A látogató,Federal Republic of Germany,Netherlands
NÁDAS Péter: Egy családregény vége,Federal Republic of Germany,Netherlands
HARSÁNYI Zsolt: Magyar rapszódia: Liszt életének regénye,Federal Republic of Germany,Netherlands
KONRÁD György: A cinkos,Federal Republic of Germany,Netherlands
ILLYÉS Gyula: Puszták népe,Federal Republic of Germany,Netherlands
KONRÁD György: Kerti mulatság,Federal Republic of Germany,Netherlands
GALGÓCZI Erzsébet: Törvényen belül,Federal Republic of Germany,Netherlands
JUST Béla: Gortstrasse harmadik emelet (?),Federal Republic of Germany,Netherlands
HARSÁNYI Zsolt: Élni jó. Rubens életének regénye,Federal Republic of Germany,Netherlands
HARSÁNYI Zsolt: Whisky szódával,Federal Republic of Germany,Netherlands
GÁRDONYI Géza: Egri csillagok,Federal Republic of Germany,Netherlands
NÉMETH László: Iszony,Federal Republic of Germany,Norway
HALASI Mária: Az utolsó padban,Federal Republic of Germany,Norway
KARDOS G. György: Avraham Bogatir hét napja,Federal Republic of Germany,Norway
KONRÁD György: A látogató,Federal Republic of Germany,Norway
NÁDAS Péter: Egy családregény vége,Federal Republic of Germany,Norway
HARSÁNYI Zsolt: Magyar rapszódia: Liszt életének regénye,Federal Republic of Germany,Norway
ÖRKÉNY István: Rózsakiállítás,Federal Republic of Germany,Norway
DÉRY Tibor: Niki,Federal Republic of Germany,Norway
KOSZTOLÁNYI Dezső: Édes Anna,Federal Republic of Germany,Norway
MOLNÁR Ferenc: A Pál utcai fiúk,Federal Republic of Germany,Poland
JUST Béla: Az eszelősök,Federal Republic of Germany,Poland
GÁRDONYI Géza: A láthatatlan ember,Federal Republic of Germany,Poland
NÉMETH László: Iszony,Federal Republic of Germany,Poland
SZABÓ Magda: Az őz,Federal Republic of Germany,Poland
SZABÓ Magda: Freskó,Federal Republic of Germany,Poland
BÓKAY János: Bohémek és pillangók: Puccini életregénye,Federal Republic of Germany,Poland
FÜST Milán: A feleségem története,Federal Republic of Germany,Poland
OTTLIK Géza: Iskola a határon,Federal Republic of Germany,Poland
SZABÓ Magda: Disznótor,Federal Republic of Germany,Poland
FEJES Endre: Mocorgó,Federal Republic of Germany,Poland
SZABÓ Magda: Pilátus,Federal Republic of Germany,Poland
DÉRY Tibor: G. A. úr X-ben,Federal Republic of Germany,Poland
FEJES Endre: Rozsdatemető,Federal Republic of Germany,Poland
FEKETE István: Tüskevár,Federal Republic of Germany,Poland
MÁNDY Iván: Csutak és a szürke ló,Federal Republic of Germany,Poland
"SZABÓ Magda: Mózes egy, huszonkettő",Federal Republic of Germany,Poland
DÉRY Tibor: A kiközösítő,Federal Republic of Germany,Poland
MÉSZÖLY Miklós: Saulus,Federal Republic of Germany,Poland
SÁNTA Ferenc: Húsz óra,Federal Republic of Germany,Poland
LENGYEL Péter: Ogg második bolygója,Federal Republic of Germany,Poland
MÉSZÖLY Miklós: Az atléta halála,Federal Republic of Germany,Poland
NÉMETH László: Gyász,Federal Republic of Germany,Poland
KERTÉSZ Ákos: Makra,Federal Republic of Germany,Poland
LAKATOS Menyhért: Füstös képek,Federal Republic of Germany,Poland
NÁDAS Péter: Egy családregény vége,Federal Republic of Germany,Poland
ZSOLDOS Péter: A feladat,Federal Republic of Germany,Poland
HEGEDŰS Géza: A milétoszi hajós,Federal Republic of Germany,Poland
ÖRKÉNY István: Rózsakiállítás,Federal Republic of Germany,Poland
BABITS Mihály: A gólyakalifa,Federal Republic of Germany,Poland
DÉRY Tibor: Niki,Federal Republic of Germany,Poland
Márton Klára: Tessék engem elrabolni,Federal Republic of Germany,Poland
ILLYÉS Gyula: Puszták népe,Federal Republic of Germany,Poland
SZÁSZ Imre: Felhőfejes,Federal Republic of Germany,Poland
GÁRDONYI Géza: Egri csillagok,Federal Republic of Germany,Poland
NÉMETH László: Irgalom,Federal Republic of Germany,Poland
Dalos György: 1985,Federal Republic of Germany,Portugal
MOLNÁR Ferenc: A Pál utcai fiúk,Federal Republic of Germany,Romania
MIKSZÁTH Kálmán: A szelistyei asszonyok,Federal Republic of Germany,Romania
NÉMETH László: Iszony,Federal Republic of Germany,Romania
PASSUTH László: A mantuai herceg muzsikusa,Federal Republic of Germany,Romania
FÜST Milán: A feleségem története,Federal Republic of Germany,Romania
OTTLIK Géza: Iskola a határon,Federal Republic of Germany,Romania
SZABÓ Magda: Pilátus,Federal Republic of Germany,Romania
FEJES Endre: Rozsdatemető,Federal Republic of Germany,Romania
DÉRY Tibor: A kiközösítő,Federal Republic of Germany,Romania
KERTÉSZ Ákos: Makra,Federal Republic of Germany,Romania
ILLYÉS Gyula: Puszták népe,Federal Republic of Germany,Romania
GÁRDONYI Géza: Egri csillagok,Federal Republic of Germany,Romania
NÉMETH László: Irgalom,Federal Republic of Germany,Romania
SZÉKELY László: Őserdőktől ültetvényekig,Federal Republic of Germany,Singapore
VASZARY Gábor: Monpti,Federal Republic of Germany,South Korea
BÓKAY János: Megvédtem egy asszonyt,Federal Republic of Germany,Spain
HARSÁNYI Zsolt: Magdolna,Federal Republic of Germany,Spain
KÖRMENDI Ferenc: A boldog emberöltő,Federal Republic of Germany,Spain
MÁRAI Sándor: Az igazi,Federal Republic of Germany,Spain
MÁRAI Sándor: Vendégjáték Bolzanóban,Federal Republic of Germany,Spain
MOLNÁR Ferenc: A Pál utcai fiúk,Federal Republic of Germany,Spain
VASZARY Gábor: Monpti,Federal Republic of Germany,Spain
VASZARY Gábor: Ő,Federal Republic of Germany,Spain
VASZARY János: Angyalt vettem feleségül,Federal Republic of Germany,Spain
HARSÁNYI Zsolt: Az aranyalma,Federal Republic of Germany,Spain
NÉMETH László: Iszony,Federal Republic of Germany,Spain
PASSUTH László: A mantuai herceg muzsikusa,Federal Republic of Germany,Spain
SZABÓ Magda: Az őz,Federal Republic of Germany,Spain
ZILAHY Lajos: (NA),Federal Republic of Germany,Spain
FÜST Milán: A feleségem története,Federal Republic of Germany,Spain
OTTLIK Géza: Iskola a határon,Federal Republic of Germany,Spain
HALASI Mária: Az utolsó padban,Federal Republic of Germany,Spain
KODOLÁNYI János: Az égő csipkebokor,Federal Republic of Germany,Spain
DÉRY Tibor: G. A. úr X-ben,Federal Republic of Germany,Spain
FEJES Endre: Rozsdatemető,Federal Republic of Germany,Spain
HALASI Mária: Minden nap szenzáció,Federal Republic of Germany,Spain
MÉSZÖLY Miklós: Saulus,Federal Republic of Germany,Spain
HALASI Mária: A lépcsőháztól balra,Federal Republic of Germany,Spain
DÉRY Tibor: Kedves Bópeer...!,Federal Republic of Germany,Spain
KERTÉSZ Ákos: Makra,Federal Republic of Germany,Spain
KONRÁD György: A cinkos,Federal Republic of Germany,Spain
HARSÁNYI Zsolt: Whisky szódával,Federal Republic of Germany,Spain
MOLNÁR Ferenc: A Pál utcai fiúk,Federal Republic of Germany,Sweden
NÉMETH László: Iszony,Federal Republic of Germany,Sweden
SZABÓ Magda: Az őz,Federal Republic of Germany,Sweden
FÜST Milán: A feleségem története,Federal Republic of Germany,Sweden
OTTLIK Géza: Iskola a határon,Federal Republic of Germany,Sweden
SZABÓ Magda: Pilátus,Federal Republic of Germany,Sweden
"SZABÓ Magda: Mózes egy, huszonkettő",Federal Republic of Germany,Sweden
DÉRY Tibor: A kiközösítő,Federal Republic of Germany,Sweden
SZABÓ Magda: Katalin utca,Federal Republic of Germany,Sweden
KARDOS G. György: Avraham Bogatir hét napja,Federal Republic of Germany,Sweden
KONRÁD György: A látogató,Federal Republic of Germany,Sweden
NÉMETH László: Gyász,Federal Republic of Germany,Sweden
KERTÉSZ Ákos: Makra,Federal Republic of Germany,Sweden
NÁDAS Péter: Egy családregény vége,Federal Republic of Germany,Sweden
HARSÁNYI Zsolt: Magyar rapszódia: Liszt életének regénye,Federal Republic of Germany,Sweden
KONRÁD György: A városalapító,Federal Republic of Germany,Sweden
Dalos György: 1985,Federal Republic of Germany,Sweden
ÖRKÉNY István: Rózsakiállítás,Federal Republic of Germany,Sweden
DÉRY Tibor: Niki,Federal Republic of Germany,Sweden
KONRÁD György: A cinkos,Federal Republic of Germany,Sweden
ILLYÉS Gyula: Puszták népe,Federal Republic of Germany,Sweden
KONRÁD György: Kerti mulatság,Federal Republic of Germany,Sweden
GALGÓCZI Erzsébet: Törvényen belül,Federal Republic of Germany,Sweden
KONRÁD György: Antipolitika,Federal Republic of Germany,Sweden
ESTERHÁZY Péter: A szív segédigéi,Federal Republic of Germany,Sweden
HARSÁNYI Zsolt: És mégis mozog a föld,Federal Republic of Germany,Switzerland
MÁRAI Sándor: Válás Budán,Federal Republic of Germany,Switzerland
PERLAKY Lajos: A savonai fogoly,Federal Republic of Germany,Switzerland
BALÁZS Béla: Álmodó ifjúság,Federal Republic of Germany,Switzerland
MOLNÁR Ferenc: A Pál utcai fiúk,Federal Republic of Germany,Turkey
GÁRDONYI Géza: A láthatatlan ember,Federal Republic of Germany,Turkey
HARSÁNYI Zsolt: Magyar rapszódia: Liszt életének regénye,Federal Republic of Germany,Turkey
DÉRY Tibor: Niki,Federal Republic of Germany,Turkey
MOLNÁR Ferenc: Liliom,Federal Republic of Germany,Turkey
MOLNÁR Ferenc: Útitárs a száműzetésben,Federal Republic of Germany,UK
GÁRDONYI Géza: A láthatatlan ember,Federal Republic of Germany,UK
NÉMETH László: Iszony,Federal Republic of Germany,UK
SZABÓ Magda: Az őz,Federal Republic of Germany,UK
FÜST Milán: A feleségem története,Federal Republic of Germany,UK
SZABÓ Magda: Disznótor,Federal Republic of Germany,UK
FALUDY György: Pokolbéli vig napjaim,Federal Republic of Germany,UK
KONRÁD György: A látogató,Federal Republic of Germany,UK
KONRÁD György: A városalapító,Federal Republic of Germany,UK
Dalos György: 1985,Federal Republic of Germany,UK
DÉRY Tibor: Niki,Federal Republic of Germany,UK
KONRÁD György: A cinkos,Federal Republic of Germany,UK
SZÁSZ Béla: Minden kényszer nélkül,Federal Republic of Germany,UK
KOSZTOLÁNYI Dezső: Édes Anna,Federal Republic of Germany,UK
SEBESTYÉN György: Kilincs nélküli ajtók,Federal Republic of Germany,USA
NÉMETH László: Iszony,Federal Republic of Germany,USA
SZABÓ Magda: Az őz,Federal Republic of Germany,USA
FÜST Milán: A feleségem története,Federal Republic of Germany,USA
OTTLIK Géza: Iskola a határon,Federal Republic of Germany,USA
FEJES Endre: Rozsdatemető,Federal Republic of Germany,USA
KARDOS G. György: Avraham Bogatir hét napja,Federal Republic of Germany,USA
KONRÁD György: A látogató,Federal Republic of Germany,USA
KONRÁD György: A városalapító,Federal Republic of Germany,USA
Dalos György: 1985,Federal Republic of Germany,USA
DÉRY Tibor: Niki,Federal Republic of Germany,USA
KONRÁD György: A cinkos,Federal Republic of Germany,USA
SZÁSZ Béla: Minden kényszer nélkül,Federal Republic of Germany,USA
KONRÁD György: Antipolitika,Federal Republic of Germany,USA
KARINTHY Ferenc: Bösendorfer,Federal Republic of Germany,USA
SZABÓ Magda: Katalin utca,Federal Republic of Germany,USSR-azerbajdzsán
DÉRY Tibor: Kedves Bópeer...!,Federal Republic of Germany,USSR-fehérorosz
MOLNÁR Ferenc: A Pál utcai fiúk,Federal Republic of Germany,USSR-grúz
DÉRY Tibor: Kedves Bópeer...!,Federal Republic of Germany,USSR-grúz
ÖRKÉNY István: Rózsakiállítás,Federal Republic of Germany,USSR-grúz
FEJES Endre: Rozsdatemető,Federal Republic of Germany,USSR-lett
FEKETE István: Tüskevár,Federal Republic of Germany,USSR-lett
NÉMETH László: Gyász,Federal Republic of Germany,USSR-lett
MOLNÁR Ferenc: A Pál utcai fiúk,Federal Republic of Germany,USSR-litván
FÜST Milán: A feleségem története,Federal Republic of Germany,USSR-litván
FEJES Endre: Rozsdatemető,Federal Republic of Germany,USSR-litván
MÁNDY Iván: Csutak és a szürke ló,Federal Republic of Germany,USSR-litván
NÉMETH László: Gyász,Federal Republic of Germany,USSR-litván
KOSZTOLÁNYI Dezső: Édes Anna,Federal Republic of Germany,USSR-litván
GÁRDONYI Géza: Egri csillagok,Federal Republic of Germany,USSR-litván
MOLNÁR Ferenc: A Pál utcai fiúk,Federal Republic of Germany,USSR-moldva
DÉRY Tibor: Kedves Bópeer...!,Federal Republic of Germany,USSR-moldva
MOLNÁR Ferenc: A Pál utcai fiúk,Federal Republic of Germany,USSR-orosz
NÉMETH László: Égető Eszter,Federal Republic of Germany,USSR-orosz
OTTLIK Géza: Iskola a határon,Federal Republic of Germany,USSR-orosz
HALASI Mária: Az utolsó padban,Federal Republic of Germany,USSR-orosz
FEJES Endre: Rozsdatemető,Federal Republic of Germany,USSR-orosz
FEKETE István: Tüskevár,Federal Republic of Germany,USSR-orosz
MURÁNYI KOVÁCS Endre: A firenzei varázsló,Federal Republic of Germany,USSR-orosz
SÁNTA Ferenc: Húsz óra,Federal Republic of Germany,USSR-orosz
HALASI Mária: Egyszer csak csöngetnek,Federal Republic of Germany,USSR-orosz
NÉMETH László: Gyász,Federal Republic of Germany,USSR-orosz
DÉRY Tibor: Kedves Bópeer...!,Federal Republic of Germany,USSR-orosz
MOLNÁR Ferenc: Liliom,Federal Republic of Germany,USSR-orosz
GÁRDONYI Géza: Egri csillagok,Federal Republic of Germany,USSR-orosz
NÉMETH László: Irgalom,Federal Republic of Germany,USSR-orosz
MOLNÁR Ferenc: A Pál utcai fiúk,Federal Republic of Germany,USSR-ukrán
SZABÓ Magda: Freskó,Federal Republic of Germany,USSR-ukrán
SÁNTA Ferenc: Húsz óra,Federal Republic of Germany,USSR-ukrán
ILLYÉS Gyula: Puszták népe,Federal Republic of Germany,USSR-ukrán
Száva István: A szirakuzai óriás,Federal Republic of Germany,USSR-ukrán
GÁRDONYI Géza: Egri csillagok,Federal Republic of Germany,USSR-ukrán
MOLNÁR Ferenc: A Pál utcai fiúk,Federal Republic of Germany,USSR-észt
GÁRDONYI Géza: A láthatatlan ember,Federal Republic of Germany,USSR-észt
NÉMETH László: Iszony,Federal Republic of Germany,USSR-észt
FEJES Endre: Rozsdatemető,Federal Republic of Germany,USSR-észt
SZABÓ Magda: Katalin utca,Federal Republic of Germany,USSR-észt
BOTOND-BOLICS György: Redivivus tüzet kér,Federal Republic of Germany,USSR-észt
DÉRY Tibor: Kedves Bópeer...!,Federal Republic of Germany,USSR-észt
BABITS Mihály: A gólyakalifa,Federal Republic of Germany,USSR-észt
GÁRDONYI Géza: Egri csillagok,Federal Republic of Germany,USSR-észt
MOLNÁR Ferenc: A Pál utcai fiúk,Federal Republic of Germany,USSR-örmény
NÉMETH László: Gyász,Federal Republic of Germany,USSR-üzbég
HERNÁDI Gyula: A péntek lépcsőin,Federal Republic of Germany,Venezuela
SZABÓ Magda: Katalin utca,Federal Republic of Germany,Venezuela
GÁRDONYI Géza: Egri csillagok,Federal Republic of Germany,Vietnam
HARSÁNYI Zsolt: És mégis mozog a föld,Federal Republic of Germany,Yugoslavia
MOLNÁR Ferenc: A Pál utcai fiúk,Federal Republic of Germany,Yugoslavia
GÁRDONYI Géza: A láthatatlan ember,Federal Republic of Germany,Yugoslavia
NÉMETH László: Iszony,Federal Republic of Germany,Yugoslavia
SZABÓ Magda: Az őz,Federal Republic of Germany,Yugoslavia
SZABÓ Magda: Freskó,Federal Republic of Germany,Yugoslavia
BÓKAY János: Bohémek és pillangók: Puccini életregénye,Federal Republic of Germany,Yugoslavia
DÉRY Tibor: A befejezetlen mondat,Federal Republic of Germany,Yugoslavia
FÜST Milán: A feleségem története,Federal Republic of Germany,Yugoslavia
NÉMETH László: Égető Eszter,Federal Republic of Germany,Yugoslavia
OTTLIK Géza: Iskola a határon,Federal Republic of Germany,Yugoslavia
DÉRY Tibor: G. A. úr X-ben,Federal Republic of Germany,Yugoslavia
FEJES Endre: Rozsdatemető,Federal Republic of Germany,Yugoslavia
KARDOS G. György: Avraham Bogatir hét napja,Federal Republic of Germany,Yugoslavia
NÉMETH László: Gyász,Federal Republic of Germany,Yugoslavia
DÉRY Tibor: Kedves Bópeer...!,Federal Republic of Germany,Yugoslavia
KERTÉSZ Ákos: Makra,Federal Republic of Germany,Yugoslavia
NÁDAS Péter: Egy családregény vége,Federal Republic of Germany,Yugoslavia
HARSÁNYI Zsolt: Magyar rapszódia: Liszt életének regénye,Federal Republic of Germany,Yugoslavia
ÖRKÉNY István: Rózsakiállítás,Federal Republic of Germany,Yugoslavia
DÉRY Tibor: Niki,Federal Republic of Germany,Yugoslavia
KONRÁD György: A cinkos,Federal Republic of Germany,Yugoslavia
ILLYÉS Gyula: Puszták népe,Federal Republic of Germany,Yugoslavia
GALGÓCZI Erzsébet: Törvényen belül,Federal Republic of Germany,Yugoslavia
ESTERHÁZY Péter: A szív segédigéi,Federal Republic of Germany,Yugoslavia
GALGÓCZI Erzsébet: Vidravas,Federal Republic of Germany,Yugoslavia
GÁRDONYI Géza: Egri csillagok,Federal Republic of Germany,Yugoslavia
KARINTHY Ferenc: Bösendorfer,Federal Republic of Germany,Yugoslavia
MOLNÁR Ferenc: A Pál utcai fiúk,Finland,France
VERES Péter: Próbatétel,Finland,France
ZILAHY Lajos: A fegyverek visszanéznek,Finland,France
ZILAHY Lajos: Ararát,Finland,France
HARSÁNYI Zsolt: Magyar rapszódia: Liszt életének regénye,Finland,France
NÉMETH László: Iszony,Finland,France
FEJES Endre: Rozsdatemető,Finland,France
DÉRY Tibor: Niki,Finland,France
SZABÓ Magda: Az őz,Finland,France
ILLYÉS Gyula: Puszták népe,Finland,France
KONRÁD György: A látogató,Finland,France
DÉRY Tibor: Kedves Bópeer...!,Finland,France
ILLYÉS Gyula: Kháron ladikján,Finland,France
LAKATOS Menyhért: Füstös képek,Finland,France
KONRÁD György: A cinkos,Finland,France
MÉSZÖLY Miklós: Saulus,Finland,France
VERES Péter: Próbatétel,Finland,GDR
NÉMETH László: Iszony,Finland,GDR
FEJES Endre: Rozsdatemető,Finland,GDR
SZABÓ Magda: Az őz,Finland,GDR
ILLYÉS Gyula: Puszták népe,Finland,GDR
DÉRY Tibor: Kedves Bópeer...!,Finland,GDR
ILLYÉS Gyula: Kháron ladikján,Finland,GDR
KERTÉSZ Ákos: Makra,Finland,GDR
LAKATOS Menyhért: Füstös képek,Finland,GDR
GÁRDONYI Géza: Egri csillagok,Finland,GDR
MÉSZÖLY Miklós: Saulus,Finland,GDR
DÉRY Tibor: Képzelt riport egy amerikai pop-fesztiválról,Finland,GDR
HALASI Mária: Az utolsó padban,Finland,Greece
GÁRDONYI Géza: Egri csillagok,Finland,Greece
SZAKONYI Károly: Adáshiba,Finland,Greece
MOLNÁR Ferenc: A Pál utcai fiúk,Finland,Hungary
MOLDOVA György: Sötét angyal,Finland,Hungary
ILLYÉS Gyula: Puszták népe,Finland,Hungary
BABITS Mihály: A gólyakalifa,Finland,Hungary
SÁNTA Ferenc: Isten a szekéren,Finland,Hungary
GÁRDONYI Géza: Egri csillagok,Finland,Hungary
VERES Péter: Próbatétel,Finland,Iran
MOLNÁR Ferenc: A Pál utcai fiúk,Finland,Israel
HARSÁNYI Zsolt: Magyar rapszódia: Liszt életének regénye,Finland,Israel
KONRÁD György: A cinkos,Finland,Israel
MOLNÁR Ferenc: A Pál utcai fiúk,Finland,Italy
VERES Péter: Próbatétel,Finland,Italy
NÉMETH László: Iszony,Finland,Italy
FEJES Endre: Rozsdatemető,Finland,Italy
DÉRY Tibor: Niki,Finland,Italy
SZABÓ Magda: Az őz,Finland,Italy
HALASI Mária: Az utolsó padban,Finland,Italy
KONRÁD György: A látogató,Finland,Italy
GÁRDONYI Géza: Egri csillagok,Finland,Italy
MÉSZÖLY Miklós: Saulus,Finland,Italy
HARSÁNYI Zsolt: Élni jó. Rubens életének regénye,Finland,Italy
DÉRY Tibor: Képzelt riport egy amerikai pop-fesztiválról,Finland,Italy
ILLYÉS Gyula: Puszták népe,Finland,Japan
KONRÁD György: A látogató,Finland,Japan
KERTÉSZ Ákos: Makra,Finland,Japan
KARINTHY Ferenc: Epepe,Finland,Japan
HARSÁNYI Zsolt: Magyar rapszódia: Liszt életének regénye,Finland,Netherlands
NÉMETH László: Iszony,Finland,Netherlands
SZABÓ Magda: Az őz,Finland,Netherlands
ILLYÉS Gyula: Puszták népe,Finland,Netherlands
KONRÁD György: A látogató,Finland,Netherlands
GÁRDONYI Géza: Egri csillagok,Finland,Netherlands
KONRÁD György: A cinkos,Finland,Netherlands
HARSÁNYI Zsolt: Élni jó. Rubens életének regénye,Finland,Netherlands
ZILAHY Lajos: Ararát,Finland,Norway
HARSÁNYI Zsolt: Magyar rapszódia: Liszt életének regénye,Finland,Norway
NÉMETH László: Iszony,Finland,Norway
DÉRY Tibor: Niki,Finland,Norway
HALASI Mária: Az utolsó padban,Finland,Norway
KONRÁD György: A látogató,Finland,Norway
KARINTHY Ferenc: Epepe,Finland,Norway
MOLNÁR Ferenc: A Pál utcai fiúk,Finland,Poland
VERES Péter: Próbatétel,Finland,Poland
NÉMETH László: Iszony,Finland,Poland
FEJES Endre: Rozsdatemető,Finland,Poland
DÉRY Tibor: Niki,Finland,Poland
MOLDOVA György: Sötét angyal,Finland,Poland
SZABÓ Magda: Az őz,Finland,Poland
SZABÓ Magda: Disznótor,Finland,Poland
ILLYÉS Gyula: Puszták népe,Finland,Poland
SZÁSZ Imre: Felhőfejes,Finland,Poland
BABITS Mihály: A gólyakalifa,Finland,Poland
ILLYÉS Gyula: Kháron ladikján,Finland,Poland
KERTÉSZ Ákos: Makra,Finland,Poland
LAKATOS Menyhért: Füstös képek,Finland,Poland
GÁRDONYI Géza: Egri csillagok,Finland,Poland
KARINTHY Ferenc: Epepe,Finland,Poland
MÉSZÖLY Miklós: Saulus,Finland,Poland
DÉRY Tibor: Képzelt riport egy amerikai pop-fesztiválról,Finland,Poland
MOLNÁR Ferenc: A Pál utcai fiúk,Finland,Romania
VERES Péter: Próbatétel,Finland,Romania
NÉMETH László: Iszony,Finland,Romania
FEJES Endre: Rozsdatemető,Finland,Romania
MOLDOVA György: Sötét angyal,Finland,Romania
ILLYÉS Gyula: Puszták népe,Finland,Romania
KERTÉSZ Ákos: Makra,Finland,Romania
GÁRDONYI Géza: Egri csillagok,Finland,Romania
MOLNÁR Ferenc: A Pál utcai fiúk,Finland,Spain
ZILAHY Lajos: A fegyverek visszanéznek,Finland,Spain
ZILAHY Lajos: Ararát,Finland,Spain
ZILAHY Lajos: Valamit visz a víz,Finland,Spain
NÉMETH László: Iszony,Finland,Spain
FEJES Endre: Rozsdatemető,Finland,Spain
SZABÓ Magda: Az őz,Finland,Spain
HALASI Mária: Az utolsó padban,Finland,Spain
DÉRY Tibor: Kedves Bópeer...!,Finland,Spain
KERTÉSZ Ákos: Makra,Finland,Spain
KONRÁD György: A cinkos,Finland,Spain
MÉSZÖLY Miklós: Saulus,Finland,Spain
MÁRAI Sándor: Az igazi,Finland,Spain
MOLNÁR Ferenc: A Pál utcai fiúk,Finland,Sweden
ZILAHY Lajos: Ararát,Finland,Sweden
HARSÁNYI Zsolt: Magyar rapszódia: Liszt életének regénye,Finland,Sweden
NÉMETH László: Iszony,Finland,Sweden
DÉRY Tibor: Niki,Finland,Sweden
SZABÓ Magda: Az őz,Finland,Sweden
ILLYÉS Gyula: Puszták népe,Finland,Sweden
KONRÁD György: A látogató,Finland,Sweden
ILLYÉS Gyula: Kháron ladikján,Finland,Sweden
KERTÉSZ Ákos: Makra,Finland,Sweden
KARINTHY Ferenc: Epepe,Finland,Sweden
KONRÁD György: A cinkos,Finland,Sweden
HARSÁNYI Zsolt: Galgó három felesége,Finland,Sweden
MOLNÁR Ferenc: A Pál utcai fiúk,Finland,Turkey
HARSÁNYI Zsolt: Magyar rapszódia: Liszt életének regénye,Finland,Turkey
MÓRA Ferenc: Ének a búzamezőkről,Finland,Turkey
DÉRY Tibor: Niki,Finland,Turkey
NÉMETH László: Iszony,Finland,UK
DÉRY Tibor: Niki,Finland,UK
SZABÓ Magda: Az őz,Finland,UK
SZABÓ Magda: Disznótor,Finland,UK
KONRÁD György: A látogató,Finland,UK
KONRÁD György: A cinkos,Finland,UK
ZILAHY Lajos: Ararát,Finland,USA
NÉMETH László: Iszony,Finland,USA
FEJES Endre: Rozsdatemető,Finland,USA
DÉRY Tibor: Niki,Finland,USA
SZABÓ Magda: Az őz,Finland,USA
KONRÁD György: A látogató,Finland,USA
KONRÁD György: A cinkos,Finland,USA
DÉRY Tibor: Kedves Bópeer...!,Finland,USSR-fehérorosz
MOLNÁR Ferenc: A Pál utcai fiúk,Finland,USSR-grúz
DÉRY Tibor: Kedves Bópeer...!,Finland,USSR-grúz
FEJES Endre: Rozsdatemető,Finland,USSR-lett
MOLNÁR Ferenc: A Pál utcai fiúk,Finland,USSR-litván
FEJES Endre: Rozsdatemető,Finland,USSR-litván
GÁRDONYI Géza: Egri csillagok,Finland,USSR-litván
MOLNÁR Ferenc: A Pál utcai fiúk,Finland,USSR-moldva
DÉRY Tibor: Kedves Bópeer...!,Finland,USSR-moldva
MOLNÁR Ferenc: A Pál utcai fiúk,Finland,USSR-orosz
VERES Péter: Próbatétel,Finland,USSR-orosz
FEJES Endre: Rozsdatemető,Finland,USSR-orosz
HALASI Mária: Az utolsó padban,Finland,USSR-orosz
DÉRY Tibor: Kedves Bópeer...!,Finland,USSR-orosz
GÁRDONYI Géza: Egri csillagok,Finland,USSR-orosz
MOLNÁR Ferenc: A Pál utcai fiúk,Finland,USSR-ukrán
ILLYÉS Gyula: Puszták népe,Finland,USSR-ukrán
GÁRDONYI Géza: Egri csillagok,Finland,USSR-ukrán
MOLNÁR Ferenc: A Pál utcai fiúk,Finland,USSR-észt
NÉMETH László: Iszony,Finland,USSR-észt
FEJES Endre: Rozsdatemető,Finland,USSR-észt
BABITS Mihály: A gólyakalifa,Finland,USSR-észt
DÉRY Tibor: Kedves Bópeer...!,Finland,USSR-észt
GÁRDONYI Géza: Egri csillagok,Finland,USSR-észt
MOLNÁR Ferenc: A Pál utcai fiúk,Finland,USSR-örmény
GÁRDONYI Géza: Egri csillagok,Finland,Vietnam
MOLNÁR Ferenc: A Pál utcai fiúk,Finland,Yugoslavia
ZILAHY Lajos: A fegyverek visszanéznek,Finland,Yugoslavia
ZILAHY Lajos: Ararát,Finland,Yugoslavia
ZILAHY Lajos: Valamit visz a víz,Finland,Yugoslavia
HARSÁNYI Zsolt: Magyar rapszódia: Liszt életének regénye,Finland,Yugoslavia
NÉMETH László: Iszony,Finland,Yugoslavia
FEJES Endre: Rozsdatemető,Finland,Yugoslavia
DÉRY Tibor: Niki,Finland,Yugoslavia
MOLDOVA György: Sötét angyal,Finland,Yugoslavia
SZABÓ Magda: Az őz,Finland,Yugoslavia
ILLYÉS Gyula: Puszták népe,Finland,Yugoslavia
DÉRY Tibor: Kedves Bópeer...!,Finland,Yugoslavia
KERTÉSZ Ákos: Makra,Finland,Yugoslavia
GÁRDONYI Géza: Egri csillagok,Finland,Yugoslavia
KONRÁD György: A cinkos,Finland,Yugoslavia
KARINTHY Frigyes: Utazás a koponyám körül,France,GDR
MOLNÁR Ferenc: Liliom,France,GDR
PETŐFI Sándor: János vitéz,France,GDR
VERES Péter: Próbatétel,France,GDR
MÓRICZ Zsigmond: Rokonok,France,GDR
FÜST Milán: A feleségem története,France,GDR
MÓRICZ Zsigmond: A boldog ember,France,GDR
SZABÓ Magda: Az őz,France,GDR
ILLYÉS Gyula: Petőfi,France,GDR
JÓKAI Mór: A kőszívű ember fiai,France,GDR
NÉMETH László: Iszony,France,GDR
OTTLIK Géza: Iskola a határon,France,GDR
SZABÓ Magda: Freskó,France,GDR
DÉRY Tibor: A befejezetlen mondat,France,GDR
FEJES Endre: Rozsdatemető,France,GDR
DÉRY Tibor: A kiközösítő,France,GDR
ÖRKÉNY István: Egyperces novellák,France,GDR
CSERES Tibor: Hideg napok,France,GDR
MÉSZÖLY Miklós: Saulus,France,GDR
SÁNTA Ferenc: Az ötödik pecsét,France,GDR
ILLYÉS Gyula: Puszták népe,France,GDR
ILLYÉS Gyula: Kháron ladikján,France,GDR
KARDOS G. György: Avraham Bogatir hét napja,France,GDR
ÖRKÉNY István: Macskajáték,France,GDR
SZABÓ Magda: Katalin utca,France,GDR
DÉRY Tibor: Kedves Bópeer...!,France,GDR
VÖRÖSMARTY Mihály: Csongor és Tünde,France,GDR
ÖRKÉNY István: Rózsakiállítás,France,GDR
LAKATOS Menyhért: Füstös képek,France,GDR
TERSÁNSZKY Józsi Jenő: Kakuk Marci,France,GDR
"HÁY Gyula: Isten, császár, paraszt",France,GDR
MÓRICZ Zsigmond: Légy jó mindhalálig,France,Greece
PETŐFI Sándor: János vitéz,France,Hungary
MOLNÁR Ferenc: A Pál utcai fiúk,France,Hungary
MÓRICZ Zsigmond: Rokonok,France,Hungary
FÜST Milán: A feleségem története,France,Hungary
SZATHMÁRI Sándor: Kazohinia,France,Hungary
ILLYÉS Gyula: Petőfi,France,Hungary
REJTŐ Jenő: Vesztegzár a Grand Hotelben,France,Hungary
SZABÓ Magda: Sziget-kék,France,Hungary
MÓRICZ Zsigmond: Légy jó mindhalálig,France,Hungary
SÁNTA Ferenc: Az ötödik pecsét,France,Hungary
ILLYÉS Gyula: Puszták népe,France,Hungary
TERSÁNSZKY Józsi Jenő: Kakuk Marci,France,Hungary
VERES Péter: Próbatétel,France,Iran
HARSÁNYI Zsolt: Magyar rapszódia: Liszt életének regénye,France,Israel
MOLNÁR Ferenc: A Pál utcai fiúk,France,Israel
MÓRICZ Zsigmond: Légy jó mindhalálig,France,Israel
KARDOS G. György: Avraham Bogatir hét napja,France,Israel
KONRÁD György: A cinkos,France,Israel
NYISZLI Miklós: Dr Mengele boncolóorvosa voltam,France,Israel
HARSÁNYI Zsolt: És mégis mozog a föld,France,Italy
JUST Béla: Az eszelősök,France,Italy
MOLNÁR Ferenc: Liliom,France,Italy
VERES Péter: Próbatétel,France,Italy
ZILAHY Lajos: A dühödt angyal,France,Italy
MOLNÁR Ferenc: A Pál utcai fiúk,France,Italy
DÉRY Tibor: Niki,France,Italy
SZABÓ Magda: Az őz,France,Italy
ILLYÉS Gyula: Petőfi,France,Italy
NÉMETH László: Iszony,France,Italy
DÉRY Tibor: G. A. úr X-ben,France,Italy
FEJES Endre: Rozsdatemető,France,Italy
HERNÁDI Gyula: A péntek lépcsőin,France,Italy
DÉRY Tibor: A kiközösítő,France,Italy
ÖRKÉNY István: Egyperces novellák,France,Italy
MÉSZÖLY Miklós: Saulus,France,Italy
KARDOS G. György: Avraham Bogatir hét napja,France,Italy
KONRÁD György: A látogató,France,Italy
NYISZLI Miklós: Dr Mengele boncolóorvosa voltam,France,Italy
HARSÁNYI Zsolt: És mégis mozog a föld,France,Japan
MOLNÁR Ferenc: Liliom,France,Japan
MOLNÁR Ferenc: A jó tündér,France,Japan
KESZI Imre: Elysium,France,Japan
ÖRKÉNY István: Tóték,France,Japan
ILLYÉS Gyula: Puszták népe,France,Japan
KONRÁD György: A látogató,France,Japan
PASSUTH László: Esőisten siratja Mexikót,France,Mexico
HARSÁNYI Zsolt: És mégis mozog a föld,France,Netherlands
HARSÁNYI Zsolt: Magyar rapszódia: Liszt életének regénye,France,Netherlands
FÖLDES Jolán: A halászó macska uccája,France,Netherlands
FÜST Milán: A feleségem története,France,Netherlands
SZABÓ Magda: Az őz,France,Netherlands
NÉMETH László: Iszony,France,Netherlands
HERNÁDI Gyula: A péntek lépcsőin,France,Netherlands
ILLYÉS Gyula: Puszták népe,France,Netherlands
KONRÁD György: A látogató,France,Netherlands
KONRÁD György: A cinkos,France,Netherlands
HARSÁNYI Zsolt: Magyar rapszódia: Liszt életének regénye,France,Norway
ZILAHY Lajos: Ararát,France,Norway
DÉRY Tibor: Niki,France,Norway
NÉMETH László: Iszony,France,Norway
KARDOS G. György: Avraham Bogatir hét napja,France,Norway
KONRÁD György: A látogató,France,Norway
ÖRKÉNY István: Rózsakiállítás,France,Norway
RÓNAY György: A párduc és a gödölye,France,Norway
JUST Béla: Az eszelősök,France,Poland
VERES Péter: Próbatétel,France,Poland
FÖLDES Jolán: A halászó macska uccája,France,Poland
MOLNÁR Ferenc: A Pál utcai fiúk,France,Poland
MÓRICZ Zsigmond: Rokonok,France,Poland
FÜST Milán: A feleségem története,France,Poland
DÉRY Tibor: Niki,France,Poland
SZABÓ Magda: Az őz,France,Poland
ILLYÉS Gyula: Petőfi,France,Poland
JÓKAI Mór: A kőszívű ember fiai,France,Poland
NÉMETH László: Iszony,France,Poland
OTTLIK Géza: Iskola a határon,France,Poland
SZABÓ Magda: Freskó,France,Poland
DÉRY Tibor: G. A. úr X-ben,France,Poland
FEJES Endre: Rozsdatemető,France,Poland
MÉSZÖLY Miklós: Az atléta halála,France,Poland
DÉRY Tibor: A kiközösítő,France,Poland
SZABÓ Magda: Pilátus,France,Poland
MÓRICZ Zsigmond: Légy jó mindhalálig,France,Poland
"SZABÓ Magda: Mózes egy, huszonkettő",France,Poland
CSERES Tibor: Hideg napok,France,Poland
MÉSZÖLY Miklós: Saulus,France,Poland
SÁNTA Ferenc: Az ötödik pecsét,France,Poland
ILLYÉS Gyula: Puszták népe,France,Poland
ILLYÉS Gyula: Kháron ladikján,France,Poland
"BÁRÁNY Tamás: Város, esti fényben",France,Poland
ÖRKÉNY István: Rózsakiállítás,France,Poland
RÓNAY György: A párduc és a gödölye,France,Poland
LAKATOS Menyhért: Füstös képek,France,Poland
NYISZLI Miklós: Dr Mengele boncolóorvosa voltam,France,Poland
"HÁY Gyula: Isten, császár, paraszt",France,Poland
FÖLDES Jolán: A halászó macska uccája,France,Portugal
ÖRKÉNY István: Egyperces novellák,France,Portugal
KARINTHY Frigyes: Utazás a koponyám körül,France,Romania
PETŐFI Sándor: János vitéz,France,Romania
VERES Péter: Próbatétel,France,Romania
MOLNÁR Ferenc: A Pál utcai fiúk,France,Romania
MÓRICZ Zsigmond: Rokonok,France,Romania
FÜST Milán: A feleségem története,France,Romania
MÓRICZ Zsigmond: A boldog ember,France,Romania
JÓKAI Mór: A kőszívű ember fiai,France,Romania
NÉMETH László: Iszony,France,Romania
OTTLIK Géza: Iskola a határon,France,Romania
FEJES Endre: Rozsdatemető,France,Romania
DÉRY Tibor: A kiközösítő,France,Romania
SZABÓ Magda: Pilátus,France,Romania
MÓRICZ Zsigmond: Légy jó mindhalálig,France,Romania
ÖRKÉNY István: Egyperces novellák,France,Romania
CSERES Tibor: Hideg napok,France,Romania
SÁNTA Ferenc: Az ötödik pecsét,France,Romania
ILLYÉS Gyula: Puszták népe,France,Romania
NYISZLI Miklós: Dr Mengele boncolóorvosa voltam,France,Romania
ZILAHY Lajos: A dühödt angyal,France,Spain
ZILAHY Lajos: A fegyverek visszanéznek,France,Spain
ZILAHY Lajos: A lélek kialszik,France,Spain
ZILAHY Lajos: Ararát,France,Spain
PASSUTH László: Esőisten siratja Mexikót,France,Spain
MÁRAI Sándor: A gyertyák csonkig égnek,France,Spain
MOLNÁR Ferenc: A Pál utcai fiúk,France,Spain
FÜST Milán: A feleségem története,France,Spain
SZABÓ Magda: Az őz,France,Spain
NÉMETH László: Iszony,France,Spain
OTTLIK Géza: Iskola a határon,France,Spain
DÉRY Tibor: G. A. úr X-ben,France,Spain
FEJES Endre: Rozsdatemető,France,Spain
MÉSZÖLY Miklós: Saulus,France,Spain
DÉRY Tibor: Kedves Bópeer...!,France,Spain
KONRÁD György: A cinkos,France,Spain
HARSÁNYI Zsolt: Magyar rapszódia: Liszt életének regénye,France,Sweden
ZILAHY Lajos: Ararát,France,Sweden
MOLNÁR Ferenc: A Pál utcai fiúk,France,Sweden
FÜST Milán: A feleségem története,France,Sweden
DÉRY Tibor: Niki,France,Sweden
SZABÓ Magda: Az őz,France,Sweden
NÉMETH László: Iszony,France,Sweden
OTTLIK Géza: Iskola a határon,France,Sweden
DÉRY Tibor: A kiközösítő,France,Sweden
SZABÓ Magda: Pilátus,France,Sweden
ÖRKÉNY István: Egyperces novellák,France,Sweden
"SZABÓ Magda: Mózes egy, huszonkettő",France,Sweden
ILLYÉS Gyula: Puszták népe,France,Sweden
ILLYÉS Gyula: Kháron ladikján,France,Sweden
KARDOS G. György: Avraham Bogatir hét napja,France,Sweden
KONRÁD György: A látogató,France,Sweden
SZABÓ Magda: Katalin utca,France,Sweden
KONRÁD György: A cinkos,France,Sweden
ÖRKÉNY István: Rózsakiállítás,France,Sweden
KONRÁD György: Antipolitika,France,Sweden
KONRÁD György: A városalapító,France,Sweden
HARSÁNYI Zsolt: És mégis mozog a föld,France,Switzerland
ZILAHY Lajos: A dühödt angyal,France,Switzerland
RAB Gusztáv: Utazás az ismeretlenbe,France,Switzerland
NYISZLI Miklós: Dr Mengele boncolóorvosa voltam,France,Switzerland
HARSÁNYI Zsolt: Magyar rapszódia: Liszt életének regénye,France,Turkey
MOLNÁR Ferenc: Liliom,France,Turkey
MOLNÁR Ferenc: A Pál utcai fiúk,France,Turkey
DÉRY Tibor: Niki,France,Turkey
ZILAHY Lajos: A dühödt angyal,France,UK
PASSUTH László: Esőisten siratja Mexikót,France,UK
FÜST Milán: A feleségem története,France,UK
DÉRY Tibor: Niki,France,UK
SZABÓ Magda: Az őz,France,UK
NÉMETH László: Iszony,France,UK
KONRÁD György: A látogató,France,UK
ÖRKÉNY István: Macskajáték,France,UK
KONRÁD György: A cinkos,France,UK
NYISZLI Miklós: Dr Mengele boncolóorvosa voltam,France,UK
SZÁSZ Béla: Minden kényszer nélkül,France,UK
KONRÁD György: A városalapító,France,UK
ZILAHY Lajos: A dühödt angyal,France,USA
ZILAHY Lajos: Ararát,France,USA
PASSUTH László: Esőisten siratja Mexikót,France,USA
FÜST Milán: A feleségem története,France,USA
DÉRY Tibor: Niki,France,USA
SZABÓ Magda: Az őz,France,USA
NÉMETH László: Iszony,France,USA
OTTLIK Géza: Iskola a határon,France,USA
FEJES Endre: Rozsdatemető,France,USA
KARDOS G. György: Avraham Bogatir hét napja,France,USA
KONRÁD György: A látogató,France,USA
KONRÁD György: A cinkos,France,USA
KONRÁD György: Antipolitika,France,USA
NYISZLI Miklós: Dr Mengele boncolóorvosa voltam,France,USA
SZÁSZ Béla: Minden kényszer nélkül,France,USA
VAJDA István: Az AA 338-as esete,France,USA
KONRÁD György: A városalapító,France,USA
SZABÓ Magda: Katalin utca,France,USSR-azerbajdzsán
DÉRY Tibor: Kedves Bópeer...!,France,USSR-fehérorosz
KARINTHY Frigyes: Utazás a koponyám körül,France,USSR-grúz
PETŐFI Sándor: János vitéz,France,USSR-grúz
MOLNÁR Ferenc: A Pál utcai fiúk,France,USSR-grúz
DÉRY Tibor: Kedves Bópeer...!,France,USSR-grúz
ÖRKÉNY István: Rózsakiállítás,France,USSR-grúz
ÖRKÉNY István: Tóték,France,USSR-kirgiz
MÓRICZ Zsigmond: A boldog ember,France,USSR-lett
ILLYÉS Gyula: Petőfi,France,USSR-lett
JÓKAI Mór: A kőszívű ember fiai,France,USSR-lett
FEJES Endre: Rozsdatemető,France,USSR-lett
MOLNÁR Ferenc: A Pál utcai fiúk,France,USSR-litván
MÓRICZ Zsigmond: Rokonok,France,USSR-litván
FÜST Milán: A feleségem története,France,USSR-litván
JÓKAI Mór: A kőszívű ember fiai,France,USSR-litván
FEJES Endre: Rozsdatemető,France,USSR-litván
MOLNÁR Ferenc: A Pál utcai fiúk,France,USSR-moldva
SÁNTA Ferenc: Az ötödik pecsét,France,USSR-moldva
DÉRY Tibor: Kedves Bópeer...!,France,USSR-moldva
MOLNÁR Ferenc: Liliom,France,USSR-orosz
PETŐFI Sándor: János vitéz,France,USSR-orosz
VERES Péter: Próbatétel,France,USSR-orosz
MOLNÁR Ferenc: A Pál utcai fiúk,France,USSR-orosz
MÓRICZ Zsigmond: Rokonok,France,USSR-orosz
ILLYÉS Gyula: Petőfi,France,USSR-orosz
JÓKAI Mór: A kőszívű ember fiai,France,USSR-orosz
OTTLIK Géza: Iskola a határon,France,USSR-orosz
FEJES Endre: Rozsdatemető,France,USSR-orosz
MÓRICZ Zsigmond: Légy jó mindhalálig,France,USSR-orosz
ÖRKÉNY István: Egyperces novellák,France,USSR-orosz
CSERES Tibor: Hideg napok,France,USSR-orosz
ÖRKÉNY István: Macskajáték,France,USSR-orosz
"BÁRÁNY Tamás: Város, esti fényben",France,USSR-orosz
DÉRY Tibor: Kedves Bópeer...!,France,USSR-orosz
VÖRÖSMARTY Mihály: Csongor és Tünde,France,USSR-orosz
SÁNTA Ferenc: Az ötödik pecsét,France,USSR-türkmén
PETŐFI Sándor: János vitéz,France,USSR-ukrán
MOLNÁR Ferenc: A Pál utcai fiúk,France,USSR-ukrán
JÓKAI Mór: A kőszívű ember fiai,France,USSR-ukrán
SZABÓ Magda: Freskó,France,USSR-ukrán
ILLYÉS Gyula: Puszták népe,France,USSR-ukrán
MOLNÁR Ferenc: A Pál utcai fiúk,France,USSR-észt
NÉMETH László: Iszony,France,USSR-észt
FEJES Endre: Rozsdatemető,France,USSR-észt
ÖRKÉNY István: Tóték,France,USSR-észt
ÖRKÉNY István: Macskajáték,France,USSR-észt
SZABÓ Magda: Katalin utca,France,USSR-észt
DÉRY Tibor: Kedves Bópeer...!,France,USSR-észt
MOLNÁR Ferenc: A Pál utcai fiúk,France,USSR-örmény
SÁNTA Ferenc: Az ötödik pecsét,France,USSR-örmény
PETŐFI Sándor: János vitéz,France,USSR-üzbég
HERNÁDI Gyula: A péntek lépcsőin,France,Venezuela
SZABÓ Magda: Katalin utca,France,Venezuela
MÓRICZ Zsigmond: Rokonok,France,Vietnam
HARSÁNYI Zsolt: És mégis mozog a föld,France,Yugoslavia
HARSÁNYI Zsolt: Magyar rapszódia: Liszt életének regénye,France,Yugoslavia
ZILAHY Lajos: A dühödt angyal,France,Yugoslavia
ZILAHY Lajos: A fegyverek visszanéznek,France,Yugoslavia
ZILAHY Lajos: A lélek kialszik,France,Yugoslavia
ZILAHY Lajos: Ararát,France,Yugoslavia
PASSUTH László: Esőisten siratja Mexikót,France,Yugoslavia
MOLNÁR Ferenc: A Pál utcai fiúk,France,Yugoslavia
FÜST Milán: A feleségem története,France,Yugoslavia
DÉRY Tibor: Niki,France,Yugoslavia
SZABÓ Magda: Az őz,France,Yugoslavia
ILLYÉS Gyula: Petőfi,France,Yugoslavia
NÉMETH László: Iszony,France,Yugoslavia
OTTLIK Géza: Iskola a határon,France,Yugoslavia
SZABÓ Magda: Freskó,France,Yugoslavia
DÉRY Tibor: G. A. úr X-ben,France,Yugoslavia
DÉRY Tibor: A befejezetlen mondat,France,Yugoslavia
FEJES Endre: Rozsdatemető,France,Yugoslavia
SZABÓ Magda: Sziget-kék,France,Yugoslavia
MÓRICZ Zsigmond: Légy jó mindhalálig,France,Yugoslavia
ÖRKÉNY István: Egyperces novellák,France,Yugoslavia
CSERES Tibor: Hideg napok,France,Yugoslavia
ILLYÉS Gyula: Puszták népe,France,Yugoslavia
KARDOS G. György: Avraham Bogatir hét napja,France,Yugoslavia
DÉRY Tibor: Kedves Bópeer...!,France,Yugoslavia
KONRÁD György: A cinkos,France,Yugoslavia
ÖRKÉNY István: Rózsakiállítás,France,Yugoslavia
GÁRDONYI Géza: Egri csillagok,GDR,Greece
ILLÉS Béla: Kárpáti rapszódia,GDR,Hungary
ILLYÉS Gyula: Puszták népe,GDR,Hungary
MIKSZÁTH Kálmán: A fekete város,GDR,Hungary
MIKSZÁTH Kálmán: Különös házasság,GDR,Hungary
MÓRICZ Zsigmond: Rokonok,GDR,Hungary
MIKSZÁTH Kálmán: Beszterce ostroma,GDR,Hungary
TAMÁSI Áron: Ábel a rengetegben,GDR,Hungary
MÓRA Ferenc: Kincskereső kisködmön,GDR,Hungary
PETŐFI Sándor: János vitéz,GDR,Hungary
MESTERHÁZI Lajos: Pár lépés a határ,GDR,Hungary
MURÁNYI KOVÁCS Endre: A firenzei varázsló,GDR,Hungary
GÁRDONYI Géza: A láthatatlan ember,GDR,Hungary
HEGEDŰS Géza: A milétoszi hajós,GDR,Hungary
MIKSZÁTH Kálmán: Szent Péter esernyője,GDR,Hungary
FÖLDES Péter: A túlsó partról,GDR,Hungary
GELLÉRI Andor Endre: A nagymosoda,GDR,Hungary
JÓKAI Mór: Az arany ember,GDR,Hungary
MÓRICZ Zsigmond: Forró mezők,GDR,Hungary
FEKETE Gyula: Az orvos halála,GDR,Hungary
GÁRDONYI Géza: Egri csillagok,GDR,Hungary
KARINTHY Ferenc: Budapesti tavasz,GDR,Hungary
NÉMETH László: Gyász,GDR,Hungary
MÓRICZ Zsigmond: Tündérkert,GDR,Hungary
FÜST Milán: A feleségem története,GDR,Hungary
ILLYÉS Gyula: Petőfi,GDR,Hungary
MÓRICZ Zsigmond: A nap árnyéka,GDR,Hungary
"TERSÁNSZKY Józsi Jenő: Viszontlátásra, drága",GDR,Hungary
KASSÁK Lajos: Csavargások,GDR,Hungary
KOSZTOLÁNYI Dezső: A véres költő (Nero),GDR,Hungary
GÁRDONYI Géza: Isten rabjai,GDR,Hungary
PAP Károly: Azarel,GDR,Hungary
LENGYEL József: Három hídépítő,GDR,Hungary
KARINTHY Frigyes: Utazás Faremidóba; Capillária,GDR,Hungary
"MÁNDY Iván: Arnold, a bálnavadász",GDR,Hungary
KESZI Imre: A végtelen dallam: Wagner életregénye,GDR,Hungary
SÁNTA Ferenc: Az ötödik pecsét,GDR,Hungary
SZABÓ Magda: Abigél,GDR,Hungary
SZABÓ Magda: Régimódi történet,GDR,Hungary
KRÚDY Gyula: A vörös postakocsi,GDR,Hungary
NÉMETH László: Bűn,GDR,Hungary
HEVESI Lajos: Jelky András kalandjai,GDR,Hungary
TERSÁNSZKY Józsi Jenő: Kakuk Marci,GDR,Hungary
CSIKY Gergely: A proletárok,GDR,Iran
VERES Péter: Próbatétel,GDR,Iran
ILLÉS Béla: Kárpáti rapszódia,GDR,Israel
GÁRDONYI Géza: A láthatatlan ember,GDR,Israel
KARDOS G. György: Avraham Bogatir hét napja,GDR,Israel
HÁY Gyula: Erő,GDR,Italy
VERES Péter: Próbatétel,GDR,Italy
JÓKAI Mór: Sárga rózsa,GDR,Italy
MIKSZÁTH Kálmán: Szent Péter esernyője,GDR,Italy
GÁRDONYI Géza: Egri csillagok,GDR,Italy
FEJES Endre: Rozsdatemető,GDR,Italy
ILLYÉS Gyula: Petőfi,GDR,Italy
MÉSZÖLY Miklós: Saulus,GDR,Italy
DÉRY Tibor: Képzelt riport egy amerikai pop-fesztiválról,GDR,Italy
DÉRY Tibor: A kiközösítő,GDR,Italy
GÁRDONYI Géza: Isten rabjai,GDR,Italy
MOLNÁR Ferenc: Liliom,GDR,Italy
ÖRKÉNY István: Egyperces novellák,GDR,Italy
SZABÓ Magda: Az őz,GDR,Italy
KARDOS G. György: Avraham Bogatir hét napja,GDR,Italy
NÉMETH László: Iszony,GDR,Italy
KODOLÁNYI János: Julianus barát,GDR,Italy
ILLYÉS Gyula: Puszták népe,GDR,Japan
MESTERHÁZI Lajos: Pár lépés a határ,GDR,Japan
KARINTHY Ferenc: Budapesti tavasz,GDR,Japan
KERTÉSZ Ákos: Makra,GDR,Japan
MOLNÁR Ferenc: Liliom,GDR,Japan
JÓKAI Mór: Sárga rózsa,GDR,Mexico
NAGY Sándor: Megbékélés,GDR,Mongolia
KARINTHY Ferenc: Budapesti tavasz,GDR,Mongolia
ILLÉS Béla: Kárpáti rapszódia,GDR,Netherlands
ILLYÉS Gyula: Puszták népe,GDR,Netherlands
ILLÉS Béla: Fegyvert s vitézt éneklek,GDR,Netherlands
MIKSZÁTH Kálmán: Szent Péter esernyője,GDR,Netherlands
GÁRDONYI Géza: Egri csillagok,GDR,Netherlands
FÜST Milán: A feleségem története,GDR,Netherlands
SZABÓ Magda: Az őz,GDR,Netherlands
NÉMETH László: Iszony,GDR,Netherlands
DÉRY Tibor: Ítélet nincs,GDR,Netherlands
HEVESI Lajos: Jelky András kalandjai,GDR,Netherlands
KARDOS G. György: Avraham Bogatir hét napja,GDR,Norway
ÖRKÉNY István: Rózsakiállítás,GDR,Norway
NÉMETH László: Iszony,GDR,Norway
Tóth Judith: Kifutópálya,GDR,Norway
ASZTALOS István: Szél fúvatlan nem indul,GDR,Poland
DÉRY Tibor: Felelet,GDR,Poland
HÁY Gyula: Tiszazug,GDR,Poland
ILLÉS Béla: Kárpáti rapszódia,GDR,Poland
ILLYÉS Gyula: Puszták népe,GDR,Poland
MIKSZÁTH Kálmán: A fekete város,GDR,Poland
MIKSZÁTH Kálmán: A gavallérok,GDR,Poland
MIKSZÁTH Kálmán: A Noszty fiú esete Tóth Marival,GDR,Poland
MIKSZÁTH Kálmán: Különös házasság,GDR,Poland
MÓRICZ Zsigmond: Rokonok,GDR,Poland
VERES Péter: Pályamunkások,GDR,Poland
VERES Péter: Próbatétel,GDR,Poland
VERES Péter: Három nemzedék − Szolgaság,GDR,Poland
ZALKA Máté: Doberdo,GDR,Poland
ILLÉS Béla: Ég a Tisza,GDR,Poland
ILLÉS Béla: Fegyvert s vitézt éneklek,GDR,Poland
KAFFKA Margit: Színek és évek,GDR,Poland
MIKSZÁTH Kálmán: Beszterce ostroma,GDR,Poland
TAMÁSI Áron: Ábel a rengetegben,GDR,Poland
JÓKAI Mór: A kőszívű ember fiai,GDR,Poland
GÁRDONYI Géza: A láthatatlan ember,GDR,Poland
HEGEDŰS Géza: A milétoszi hajós,GDR,Poland
MIKSZÁTH Kálmán: Szent Péter esernyője,GDR,Poland
NÉMETH Imre: Őserdők mélyén: Magyar László regényes életrajza,GDR,Poland
"HÁY Gyula: Isten, császár, paraszt",GDR,Poland
JÓKAI Mór: Az arany ember,GDR,Poland
TATAY Sándor: Puskák és galambok,GDR,Poland
GÁRDONYI Géza: Egri csillagok,GDR,Poland
CSERES Tibor: Hideg napok,GDR,Poland
FEJES Endre: Rozsdatemető,GDR,Poland
KARINTHY Ferenc: Budapesti tavasz,GDR,Poland
FEHÉR Klára: Bezzeg az én időmben,GDR,Poland
NÉMETH László: Gyász,GDR,Poland
NÉMETH László: Irgalom,GDR,Poland
MEZEI András: A csodatevő,GDR,Poland
PASSUTH László: Madrigál: Carlo Gesualdo életregénye,GDR,Poland
FÜST Milán: A feleségem története,GDR,Poland
ILLYÉS Gyula: Petőfi,GDR,Poland
MÉSZÖLY Miklós: Saulus,GDR,Poland
DÉRY Tibor: Képzelt riport egy amerikai pop-fesztiválról,GDR,Poland
PASSUTH László: Lagúnák,GDR,Poland
SZERB Antal: VII. Olivér,GDR,Poland
KERTÉSZ Ákos: Makra,GDR,Poland
BOLDIZSÁR Iván: Halálaim,GDR,Poland
DÉRY Tibor: A kiközösítő,GDR,Poland
SZABÓ Magda: Freskó,GDR,Poland
DARVAS József: Város az ingoványon,GDR,Poland
LAKATOS Menyhért: Füstös képek,GDR,Poland
GÁRDONYI Géza: Isten rabjai,GDR,Poland
SZABÓ Magda: Az őz,GDR,Poland
BALÁZS József: Magyarok,GDR,Poland
ÖRKÉNY István: Rózsakiállítás,GDR,Poland
SÜTŐ András: Anyám könnyű álmot ígér,GDR,Poland
Márton Klára: Tessék engem elrabolni,GDR,Poland
NÉMETH László: Iszony,GDR,Poland
ILLYÉS Gyula: Kháron ladikján,GDR,Poland
KESZI Imre: A végtelen dallam: Wagner életregénye,GDR,Poland
KOLOZSVÁRI GRANDPIERRE Emil: Nők apróban,GDR,Poland
SÁNTA Ferenc: Az ötödik pecsét,GDR,Poland
MUNKÁCSI Miklós: Kihívás,GDR,Poland
MÁNDY Iván: Csutak és a szürke ló,GDR,Poland
SZABÓ Magda: Régimódi történet,GDR,Poland
GÖNCZ Árpád: Sarusok,GDR,Poland
OTTLIK Géza: Iskola a határon,GDR,Poland
NÉMETH László: Bűn,GDR,Poland
HEVESI Lajos: Jelky András kalandjai,GDR,Poland
SOMOGYI TÓTH Sándor: A gyerekek kétszer születnek,GDR,Poland
NAGY Lajos: Pincenapló,GDR,Poland
JÓKAI Anna: Tartozik és követel,GDR,Poland
HELTAI Jenő: Álmokháza,GDR,Poland
KARINTHY Ferenc: Budapesti tavasz,GDR,Portugal
ÖRKÉNY István: Egyperces novellák,GDR,Portugal
ASZTALOS István: Szél fúvatlan nem indul,GDR,Romania
ILLÉS Béla: Kárpáti rapszódia,GDR,Romania
ILLYÉS Gyula: Puszták népe,GDR,Romania
MIKSZÁTH Kálmán: Különös házasság,GDR,Romania
MÓRICZ Zsigmond: A boldog ember,GDR,Romania
MÓRICZ Zsigmond: Rokonok,GDR,Romania
ÖRKÉNY István: Házastársak,GDR,Romania
VERES Péter: Próbatétel,GDR,Romania
ILLÉS Béla: Ég a Tisza,GDR,Romania
ILLÉS Béla: Fegyvert s vitézt éneklek,GDR,Romania
ILLÉS Béla: Honfoglalás,GDR,Romania
KAFFKA Margit: Színek és évek,GDR,Romania
TAMÁSI Áron: Ábel a rengetegben,GDR,Romania
JÓKAI Mór: A kőszívű ember fiai,GDR,Romania
PETŐFI Sándor: János vitéz,GDR,Romania
MIKSZÁTH Kálmán: Szent Péter esernyője,GDR,Romania
JÓKAI Mór: Az arany ember,GDR,Romania
FEKETE Gyula: Az orvos halála,GDR,Romania
GÁRDONYI Géza: Egri csillagok,GDR,Romania
CSERES Tibor: Hideg napok,GDR,Romania
FEJES Endre: Rozsdatemető,GDR,Romania
NÉMETH László: Irgalom,GDR,Romania
PASSUTH László: Madrigál: Carlo Gesualdo életregénye,GDR,Romania
FÜST Milán: A feleségem története,GDR,Romania
KERTÉSZ Ákos: Makra,GDR,Romania
DÉRY Tibor: A kiközösítő,GDR,Romania
KOSZTOLÁNYI Dezső: A véres költő (Nero),GDR,Romania
ÖRKÉNY István: Egyperces novellák,GDR,Romania
SÜTŐ András: Anyám könnyű álmot ígér,GDR,Romania
NÉMETH László: Iszony,GDR,Romania
PASSUTH László: A mantuai herceg muzsikusa,GDR,Romania
SZILÁGYI István: Kő hull apadó kútba,GDR,Romania
SÁNTA Ferenc: Az ötödik pecsét,GDR,Romania
MUNKÁCSI Miklós: Kihívás,GDR,Romania
KARINTHY Frigyes: Utazás a koponyám körül,GDR,Romania
OTTLIK Géza: Iskola a határon,GDR,Romania
BETLEN Oszkár: Élet a halál földjén,GDR,Romania
MIKSZÁTH Kálmán: Szent Péter esernyője,GDR,Spain
JÓKAI Mór: Az arany ember,GDR,Spain
FEJES Endre: Rozsdatemető,GDR,Spain
PASSUTH László: Madrigál: Carlo Gesualdo életregénye,GDR,Spain
FÜST Milán: A feleségem története,GDR,Spain
MÉSZÖLY Miklós: Saulus,GDR,Spain
PASSUTH László: Lagúnák,GDR,Spain
DÉRY Tibor: Kedves Bópeer...!,GDR,Spain
KERTÉSZ Ákos: Makra,GDR,Spain
SZABÓ Magda: Az őz,GDR,Spain
NÉMETH László: Iszony,GDR,Spain
PASSUTH László: A mantuai herceg muzsikusa,GDR,Spain
HALASI Mária: Minden nap szenzáció,GDR,Spain
OTTLIK Géza: Iskola a határon,GDR,Spain
ILLYÉS Gyula: Puszták népe,GDR,Sweden
JÓKAI Mór: Az arany ember,GDR,Sweden
NÉMETH László: Gyász,GDR,Sweden
FÜST Milán: A feleségem története,GDR,Sweden
KERTÉSZ Ákos: Makra,GDR,Sweden
DÉRY Tibor: A kiközösítő,GDR,Sweden
ÖRKÉNY István: Egyperces novellák,GDR,Sweden
SZABÓ Magda: Az őz,GDR,Sweden
BALÁZS József: Magyarok,GDR,Sweden
KARDOS G. György: Avraham Bogatir hét napja,GDR,Sweden
ÖRKÉNY István: Rózsakiállítás,GDR,Sweden
NÉMETH László: Iszony,GDR,Sweden
ILLYÉS Gyula: Kháron ladikján,GDR,Sweden
Tóth Judith: Kifutópálya,GDR,Sweden
SZABÓ Magda: Katalin utca,GDR,Sweden
OTTLIK Géza: Iskola a határon,GDR,Sweden
MIKSZÁTH Kálmán: A Noszty fiú esete Tóth Marival,GDR,Switzerland
MIKSZÁTH Kálmán: Szent Péter esernyője,GDR,Switzerland
JÓKAI Mór: Az arany ember,GDR,Switzerland
BALÁZS József: Magyarok,GDR,Switzerland
JÓKAI Mór: Egész az északi pólusig,GDR,Switzerland
GÁRDONYI Géza: A láthatatlan ember,GDR,Turkey
JÓKAI Mór: Az arany ember,GDR,Turkey
KARINTHY Ferenc: Budapesti tavasz,GDR,Turkey
MOLNÁR Ferenc: Liliom,GDR,Turkey
BALÁZS József: Magyarok,GDR,Turkey
GÁRDONYI Géza: A láthatatlan ember,GDR,UK
MIKSZÁTH Kálmán: Szent Péter esernyője,GDR,UK
LENGYEL József: Prenn Ferenc hányatott élete,GDR,UK
FÜST Milán: A feleségem története,GDR,UK
KOSZTOLÁNYI Dezső: A véres költő (Nero),GDR,UK
SZABÓ Magda: Az őz,GDR,UK
NÉMETH László: Iszony,GDR,UK
KARINTHY Frigyes: Utazás Faremidóba; Capillária,GDR,UK
ÖRKÉNY István: Macskajáték,GDR,UK
NÉMETH László: Bűn,GDR,UK
SZÉKELY János (John Pen): Kísértés,GDR,USA
FEJES Endre: Rozsdatemető,GDR,USA
FÜST Milán: A feleségem története,GDR,USA
SZABÓ Magda: Az őz,GDR,USA
KARDOS G. György: Avraham Bogatir hét napja,GDR,USA
NÉMETH László: Iszony,GDR,USA
KARINTHY Frigyes: Utazás Faremidóba; Capillária,GDR,USA
OTTLIK Géza: Iskola a határon,GDR,USA
NAGY Sándor: Megbékélés,GDR,USSR-altaji
NAGY Sándor: Megbékélés,GDR,USSR-azerbajdzsán
JÓKAI Mór: Sárga rózsa,GDR,USSR-azerbajdzsán
RADÓ Sándor: Dóra jelenti,GDR,USSR-azerbajdzsán
SZABÓ Magda: Katalin utca,GDR,USSR-azerbajdzsán
NAGY Sándor: Megbékélés,GDR,USSR-csuvas
NAGY Sándor: Megbékélés,GDR,USSR-fehérorosz
DÉRY Tibor: Kedves Bópeer...!,GDR,USSR-fehérorosz
NAGY Sándor: Megbékélés,GDR,USSR-finn
NAGY Sándor: Megbékélés,GDR,USSR-grúz
HELTAI Jenő: Jaguár,GDR,USSR-grúz
MIKSZÁTH Kálmán: Beszterce ostroma,GDR,USSR-grúz
MÓRA Ferenc: Kincskereső kisködmön,GDR,USSR-grúz
PETŐFI Sándor: János vitéz,GDR,USSR-grúz
FEHÉR Klára: A tenger,GDR,USSR-grúz
MIKSZÁTH Kálmán: Szent Péter esernyője,GDR,USSR-grúz
JÓKAI Mór: Az arany ember,GDR,USSR-grúz
BERKESI András: Sellő a pecsétgyűrűn,GDR,USSR-grúz
DÉRY Tibor: Kedves Bópeer...!,GDR,USSR-grúz
RADÓ Sándor: Dóra jelenti,GDR,USSR-grúz
ÖRKÉNY István: Rózsakiállítás,GDR,USSR-grúz
KARINTHY Frigyes: Utazás a koponyám körül,GDR,USSR-grúz
MIKSZÁTH Kálmán: Különös házasság,GDR,USSR-kazah
NAGY Sándor: Megbékélés,GDR,USSR-kazah
MIKSZÁTH Kálmán: Szent Péter esernyője,GDR,USSR-kazah
TATAY Sándor: Puskák és galambok,GDR,USSR-kazah
RADÓ Sándor: Dóra jelenti,GDR,USSR-kazah
TATAY Sándor: Puskák és galambok,GDR,USSR-kirgiz
ILLÉS Béla: Kárpáti rapszódia,GDR,USSR-lett
MIKSZÁTH Kálmán: Különös házasság,GDR,USSR-lett
MÓRICZ Zsigmond: A boldog ember,GDR,USSR-lett
ZALKA Máté: Doberdo,GDR,USSR-lett
THURY Zsuzsa: A francia kislány,GDR,USSR-lett
JÓKAI Mór: A kőszívű ember fiai,GDR,USSR-lett
MIKSZÁTH Kálmán: Szent Péter esernyője,GDR,USSR-lett
FEKETE Gyula: Az orvos halála,GDR,USSR-lett
FEJES Endre: Rozsdatemető,GDR,USSR-lett
NÉMETH László: Gyász,GDR,USSR-lett
ILLYÉS Gyula: Petőfi,GDR,USSR-lett
BERKESI András: Sellő a pecsétgyűrűn,GDR,USSR-lett
RADÓ Sándor: Dóra jelenti,GDR,USSR-lett
ILLÉS Béla: Kárpáti rapszódia,GDR,USSR-litván
MIKSZÁTH Kálmán: Különös házasság,GDR,USSR-litván
MÓRICZ Zsigmond: Rokonok,GDR,USSR-litván
JÓKAI Mór: A kőszívű ember fiai,GDR,USSR-litván
JÓKAI Mór: Sárga rózsa,GDR,USSR-litván
MÓRA Ferenc: Kincskereső kisködmön,GDR,USSR-litván
JÓKAI Mór: Az arany ember,GDR,USSR-litván
TATAY Sándor: Puskák és galambok,GDR,USSR-litván
GÁRDONYI Géza: Egri csillagok,GDR,USSR-litván
FEJES Endre: Rozsdatemető,GDR,USSR-litván
NÉMETH László: Gyász,GDR,USSR-litván
ÖRSI Ferenc: A Tenkes kapitánya,GDR,USSR-litván
FÜST Milán: A feleségem története,GDR,USSR-litván
BERKESI András: Sellő a pecsétgyűrűn,GDR,USSR-litván
RADÓ Sándor: Dóra jelenti,GDR,USSR-litván
MÁNDY Iván: Csutak és a szürke ló,GDR,USSR-litván
SOMOGYI TÓTH Sándor: A gyerekek kétszer születnek,GDR,USSR-litván
NAGY Sándor: Megbékélés,GDR,USSR-moldva
SZABÓ Magda: Születésnap,GDR,USSR-moldva
DÉRY Tibor: Kedves Bópeer...!,GDR,USSR-moldva
RADÓ Sándor: Dóra jelenti,GDR,USSR-moldva
SÁNTA Ferenc: Az ötödik pecsét,GDR,USSR-moldva
DÉRY Tibor: Felelet,GDR,USSR-orosz
ILLÉS Béla: Kárpáti rapszódia,GDR,USSR-orosz
MIKSZÁTH Kálmán: A fekete város,GDR,USSR-orosz
MIKSZÁTH Kálmán: A gavallérok,GDR,USSR-orosz
MIKSZÁTH Kálmán: Különös házasság,GDR,USSR-orosz
MÓRICZ Zsigmond: Rokonok,GDR,USSR-orosz
NAGY Sándor: Megbékélés,GDR,USSR-orosz
SZABÓ Pál: Talpalatnyi föld,GDR,USSR-orosz
THURY Zsuzsa: Egy fedél alatt,GDR,USSR-orosz
VERES Péter: Próbatétel,GDR,USSR-orosz
VÖRÖSMARTY Mihály: Csongor és Tünde,GDR,USSR-orosz
ZALKA Máté: Doberdo,GDR,USSR-orosz
HELTAI Jenő: Jaguár,GDR,USSR-orosz
ILLÉS Béla: Ég a Tisza,GDR,USSR-orosz
ILLÉS Béla: Honfoglalás,GDR,USSR-orosz
KAFFKA Margit: Színek és évek,GDR,USSR-orosz
MIKSZÁTH Kálmán: Beszterce ostroma,GDR,USSR-orosz
TAMÁSI Áron: Ábel a rengetegben,GDR,USSR-orosz
THURY Zsuzsa: A francia kislány,GDR,USSR-orosz
JÓKAI Mór: A kőszívű ember fiai,GDR,USSR-orosz
JÓKAI Mór: Sárga rózsa,GDR,USSR-orosz
MÓRA Ferenc: Kincskereső kisködmön,GDR,USSR-orosz
PETŐFI Sándor: János vitéz,GDR,USSR-orosz
MESTERHÁZI Lajos: Pár lépés a határ,GDR,USSR-orosz
MURÁNYI KOVÁCS Endre: A firenzei varázsló,GDR,USSR-orosz
BÓKA László: Alázatosan jelentem,GDR,USSR-orosz
FEHÉR Klára: A tenger,GDR,USSR-orosz
GODA Gábor: Panoptikum,GDR,USSR-orosz
MIKSZÁTH Kálmán: Szent Péter esernyője,GDR,USSR-orosz
MESTERHÁZI Lajos: A tizenegyedik parancsolat,GDR,USSR-orosz
JÓKAI Mór: Az arany ember,GDR,USSR-orosz
MESTERHÁZI Lajos: Az ártatlanság kora,GDR,USSR-orosz
MESTERHÁZI Lajos: Pesti emberek,GDR,USSR-orosz
MÓRICZ Zsigmond: Forró mezők,GDR,USSR-orosz
TATAY Sándor: Puskák és galambok,GDR,USSR-orosz
FEHÉR Klára: A teremtés koronája,GDR,USSR-orosz
FEKETE Gyula: Az orvos halála,GDR,USSR-orosz
GÁRDONYI Géza: Egri csillagok,GDR,USSR-orosz
CSERES Tibor: Hideg napok,GDR,USSR-orosz
FEJES Endre: Rozsdatemető,GDR,USSR-orosz
LENGYEL József: Prenn Ferenc hányatott élete,GDR,USSR-orosz
SZABÓ Magda: Születésnap,GDR,USSR-orosz
PASSUTH László: Aranyködben fáznak az istenek,GDR,USSR-orosz
NÉMETH László: Gyász,GDR,USSR-orosz
NÉMETH László: Irgalom,GDR,USSR-orosz
ILLYÉS Gyula: Petőfi,GDR,USSR-orosz
BERKESI András: Sellő a pecsétgyűrűn,GDR,USSR-orosz
HIDAS Antal: Ficzek úr,GDR,USSR-orosz
SZAMOS Rudolf: Kántor nyomoz,GDR,USSR-orosz
DÉRY Tibor: Kedves Bópeer...!,GDR,USSR-orosz
BERTHA Bulcsu: A kenguru,GDR,USSR-orosz
KOSZTOLÁNYI Dezső: A véres költő (Nero),GDR,USSR-orosz
MOLNÁR Ferenc: Liliom,GDR,USSR-orosz
ÖRKÉNY István: Egyperces novellák,GDR,USSR-orosz
KARINTHY Frigyes: Utazás Faremidóba; Capillária,GDR,USSR-orosz
"MÁNDY Iván: Arnold, a bálnavadász",GDR,USSR-orosz
ZALKA Miklós: Ostrom,GDR,USSR-orosz
SZAKONYI Károly: Szép nyár*,GDR,USSR-orosz
DOBOZY Imre: Hatalom nélkül,GDR,USSR-orosz
SZABÓ Magda: Régimódi történet,GDR,USSR-orosz
ÖRKÉNY István: Macskajáték,GDR,USSR-orosz
OTTLIK Géza: Iskola a határon,GDR,USSR-orosz
KERTÉSZ Ákos: Özvegyek,GDR,USSR-orosz
JÓKAI Mór: Sárga rózsa,GDR,USSR-tadzsik
RADÓ Sándor: Dóra jelenti,GDR,USSR-tadzsik
JÓKAI Mór: Sárga rózsa,GDR,USSR-türkmén
KARINTHY Ferenc: Budapesti tavasz,GDR,USSR-türkmén
RADÓ Sándor: Dóra jelenti,GDR,USSR-türkmén
SÁNTA Ferenc: Az ötödik pecsét,GDR,USSR-türkmén
NAGY Sándor: Megbékélés,GDR,USSR-udmurt
ILLÉS Béla: Kárpáti rapszódia,GDR,USSR-ukrán
ILLYÉS Gyula: Puszták népe,GDR,USSR-ukrán
MIKSZÁTH Kálmán: Különös házasság,GDR,USSR-ukrán
ZALKA Máté: Doberdo,GDR,USSR-ukrán
JÓKAI Mór: A kőszívű ember fiai,GDR,USSR-ukrán
JÓKAI Mór: Sárga rózsa,GDR,USSR-ukrán
PETŐFI Sándor: János vitéz,GDR,USSR-ukrán
MIKSZÁTH Kálmán: Szent Péter esernyője,GDR,USSR-ukrán
TATAY Sándor: Puskák és galambok,GDR,USSR-ukrán
GÁRDONYI Géza: Egri csillagok,GDR,USSR-ukrán
SZABÓ Magda: Születésnap,GDR,USSR-ukrán
DOBOZY Imre: A tizedes meg a többiek,GDR,USSR-ukrán
THURY Zsuzsa: Angéla,GDR,USSR-ukrán
HIDAS Antal: Ficzek úr,GDR,USSR-ukrán
BERTHA Bulcsu: A kenguru,GDR,USSR-ukrán
SZABÓ Magda: Freskó,GDR,USSR-ukrán
CSUKÁS István: Keménykalap és krumpliorr,GDR,USSR-ukrán
RADÓ Sándor: Dóra jelenti,GDR,USSR-ukrán
DOBOZY Imre: Hatalom nélkül,GDR,USSR-ukrán
SZABÓ Magda: Régimódi történet,GDR,USSR-ukrán
JÓKAI Mór: Egész az északi pólusig,GDR,USSR-ukrán
NÉMETH László: Bűn,GDR,USSR-ukrán
JÓKAI Anna: Tartozik és követel,GDR,USSR-ukrán
MÓRA Ferenc: Kincskereső kisködmön,GDR,USSR-észt
MESTERHÁZI Lajos: Pár lépés a határ,GDR,USSR-észt
GÁRDONYI Géza: A láthatatlan ember,GDR,USSR-észt
MIKSZÁTH Kálmán: Szent Péter esernyője,GDR,USSR-észt
JÓKAI Mór: Az arany ember,GDR,USSR-észt
TATAY Sándor: Puskák és galambok,GDR,USSR-észt
GÁRDONYI Géza: Egri csillagok,GDR,USSR-észt
FEJES Endre: Rozsdatemető,GDR,USSR-észt
DÉRY Tibor: Kedves Bópeer...!,GDR,USSR-észt
NÉMETH László: Iszony,GDR,USSR-észt
ÖRKÉNY István: Macskajáték,GDR,USSR-észt
SZABÓ Magda: Katalin utca,GDR,USSR-észt
MÓRA Ferenc: Kincskereső kisködmön,GDR,USSR-örmény
JÓKAI Mór: Az arany ember,GDR,USSR-örmény
MÓRICZ Zsigmond: Forró mezők,GDR,USSR-örmény
TATAY Sándor: Puskák és galambok,GDR,USSR-örmény
BERKESI András: Sellő a pecsétgyűrűn,GDR,USSR-örmény
KOSZTOLÁNYI Dezső: A véres költő (Nero),GDR,USSR-örmény
RADÓ Sándor: Dóra jelenti,GDR,USSR-örmény
SÁNTA Ferenc: Az ötödik pecsét,GDR,USSR-örmény
ILLÉS Béla: Kárpáti rapszódia,GDR,USSR-üzbég
MIKSZÁTH Kálmán: Különös házasság,GDR,USSR-üzbég
MÓRA Ferenc: Kincskereső kisködmön,GDR,USSR-üzbég
PETŐFI Sándor: János vitéz,GDR,USSR-üzbég
NÉMETH László: Gyász,GDR,USSR-üzbég
SZABÓ Magda: Katalin utca,GDR,Venezuela
MÓRICZ Zsigmond: Rokonok,GDR,Vietnam
GÁRDONYI Géza: Egri csillagok,GDR,Vietnam
KOSZTOLÁNYI Dezső: A véres költő (Nero),GDR,Vietnam
DÉRY Tibor: A befejezetlen mondat,GDR,Yugoslavia
ILLÉS Béla: Kárpáti rapszódia,GDR,Yugoslavia
ILLYÉS Gyula: Puszták népe,GDR,Yugoslavia
MIKSZÁTH Kálmán: Különös házasság,GDR,Yugoslavia
MIKSZÁTH Kálmán: Beszterce ostroma,GDR,Yugoslavia
GÁRDONYI Géza: A láthatatlan ember,GDR,Yugoslavia
MIKSZÁTH Kálmán: Szent Péter esernyője,GDR,Yugoslavia
JÓKAI Mór: Az arany ember,GDR,Yugoslavia
GÁRDONYI Géza: Egri csillagok,GDR,Yugoslavia
CSERES Tibor: Hideg napok,GDR,Yugoslavia
FEJES Endre: Rozsdatemető,GDR,Yugoslavia
KARINTHY Ferenc: Budapesti tavasz,GDR,Yugoslavia
SZABÓ Magda: Születésnap,GDR,Yugoslavia
NÉMETH László: Gyász,GDR,Yugoslavia
FÜST Milán: A feleségem története,GDR,Yugoslavia
ILLYÉS Gyula: Petőfi,GDR,Yugoslavia
DÉRY Tibor: Kedves Bópeer...!,GDR,Yugoslavia
KERTÉSZ Ákos: Makra,GDR,Yugoslavia
JÓKAI Mór: Kárpáthy Zoltán,GDR,Yugoslavia
SZABÓ Magda: Freskó,GDR,Yugoslavia
GÁRDONYI Géza: Isten rabjai,GDR,Yugoslavia
ÖRKÉNY István: Egyperces novellák,GDR,Yugoslavia
SZABÓ Magda: Az őz,GDR,Yugoslavia
KARDOS G. György: Avraham Bogatir hét napja,GDR,Yugoslavia
ÖRKÉNY István: Rózsakiállítás,GDR,Yugoslavia
NÉMETH László: Iszony,GDR,Yugoslavia
KOLOZSVÁRI GRANDPIERRE Emil: Nők apróban,GDR,Yugoslavia
SZABÓ Magda: Régimódi történet,GDR,Yugoslavia
OTTLIK Géza: Iskola a határon,GDR,Yugoslavia
NÉMETH László: Bűn,GDR,Yugoslavia
MÓRICZ Zsigmond: Légy jó mindhalálig,Greece,Hungary
GÁRDONYI Géza: Egri csillagok,Greece,Hungary
MÓRICZ Zsigmond: Légy jó mindhalálig,Greece,Israel
HALASI Mária: Az utolsó padban,Greece,Italy
GÁRDONYI Géza: Egri csillagok,Greece,Italy
GÁRDONYI Géza: Egri csillagok,Greece,Netherlands
HALASI Mária: Az utolsó padban,Greece,Norway
MÓRICZ Zsigmond: Légy jó mindhalálig,Greece,Poland
GÁRDONYI Géza: Egri csillagok,Greece,Poland
MÓRICZ Zsigmond: Légy jó mindhalálig,Greece,Romania
GÁRDONYI Géza: Egri csillagok,Greece,Romania
HALASI Mária: Az utolsó padban,Greece,Spain
GÁRDONYI Géza: Egri csillagok,Greece,USSR-litván
HALASI Mária: Az utolsó padban,Greece,USSR-orosz
MÓRICZ Zsigmond: Légy jó mindhalálig,Greece,USSR-orosz
GÁRDONYI Géza: Egri csillagok,Greece,USSR-orosz
GÁRDONYI Géza: Egri csillagok,Greece,USSR-ukrán
GÁRDONYI Géza: Egri csillagok,Greece,USSR-észt
GÁRDONYI Géza: Egri csillagok,Greece,Vietnam
MÓRICZ Zsigmond: Légy jó mindhalálig,Greece,Yugoslavia
GÁRDONYI Géza: Egri csillagok,Greece,Yugoslavia
GÁRDONYI Géza: A láthatatlan ember,Hungary,Israel
PETŐFI Sándor: Az apostol,Hungary,Israel
MÓRICZ Zsigmond: Légy jó mindhalálig,Hungary,Israel
ILLÉS Béla: Kárpáti rapszódia,Hungary,Israel
KARINTHY Frigyes: Tanár úr kérem,Hungary,Israel
MOLNÁR Ferenc: A Pál utcai fiúk,Hungary,Israel
MADÁCH Imre: Az ember tragédiája,Hungary,Italy
MIKSZÁTH Kálmán: Szent Péter esernyője,Hungary,Italy
"MIKSZÁTH Kálmán: Prakovszky, a siket kovács",Hungary,Italy
GÁRDONYI Géza: Egri csillagok,Hungary,Italy
SÁNTA Ferenc: Húsz óra,Hungary,Italy
ILLYÉS Gyula: Petőfi,Hungary,Italy
MOLNÁR Ferenc: A Pál utcai fiúk,Hungary,Italy
GÁRDONYI Géza: Isten rabjai,Hungary,Italy
MADÁCH Imre: Az ember tragédiája,Hungary,Japan
MESTERHÁZI Lajos: Pár lépés a határ,Hungary,Japan
KARINTHY Ferenc: Budapesti tavasz,Hungary,Japan
ILLYÉS Gyula: Puszták népe,Hungary,Japan
KARINTHY Ferenc: Budapesti tavasz,Hungary,Mongolia
MIKSZÁTH Kálmán: Szent Péter esernyője,Hungary,Netherlands
GERGELY Márta: Szöszi,Hungary,Netherlands
HEVESI Lajos: Jelky András kalandjai,Hungary,Netherlands
ILLÉS Béla: Kárpáti rapszódia,Hungary,Netherlands
GÁRDONYI Géza: Egri csillagok,Hungary,Netherlands
ILLYÉS Gyula: Puszták népe,Hungary,Netherlands
FÜST Milán: A feleségem története,Hungary,Netherlands
MADÁCH Imre: Az ember tragédiája,Hungary,Norway
KOSZTOLÁNYI Dezső: Édes Anna,Hungary,Norway
GYÁRFÁS Miklós: Mesterfogás,Hungary,Norway
MADÁCH Imre: Az ember tragédiája,Hungary,Poland
GÁRDONYI Géza: A láthatatlan ember,Hungary,Poland
HEGEDŰS Géza: A milétoszi hajós,Hungary,Poland
MIKSZÁTH Kálmán: Szent Péter esernyője,Hungary,Poland
MÓRICZ Zsigmond: Rokonok,Hungary,Poland
HEVESI Lajos: Jelky András kalandjai,Hungary,Poland
SZABÓ Magda: Mondják meg Zsófikának,Hungary,Poland
SZÁVA István: A szirakuzai óriás,Hungary,Poland
GERGELY Sándor: Rögös út,Hungary,Poland
JÓKAI Mór: Az arany ember,Hungary,Poland
MIKSZÁTH Kálmán: Beszterce ostroma,Hungary,Poland
MÓRICZ Zsigmond: Légy jó mindhalálig,Hungary,Poland
ILLÉS Béla: Kárpáti rapszódia,Hungary,Poland
KARINTHY Ferenc: Budapesti tavasz,Hungary,Poland
MIKSZÁTH Kálmán: A fekete város,Hungary,Poland
SZABÓ Magda: Álarcosbál,Hungary,Poland
SZERB Antal: A Pendragon legenda,Hungary,Poland
MIKSZÁTH Kálmán: Különös házasság,Hungary,Poland
BABITS Mihály: A gólyakalifa,Hungary,Poland
GÁRDONYI Géza: Egri csillagok,Hungary,Poland
NÉMETH László: Bűn,Hungary,Poland
SÁNTA Ferenc: Húsz óra,Hungary,Poland
TAMÁSI Áron: Ábel a rengetegben,Hungary,Poland
MIKSZÁTH Kálmán: A két koldusdiák,Hungary,Poland
MOLDOVA György: Sötét angyal,Hungary,Poland
ILLYÉS Gyula: Puszták népe,Hungary,Poland
KOSZTOLÁNYI Dezső: Esti Kornél,Hungary,Poland
"DÉKÁNY András: Matrózok, hajók, kapitányok",Hungary,Poland
ILLYÉS Gyula: Petőfi,Hungary,Poland
JÓKAI Mór: Szegény gazdagok,Hungary,Poland
PALOTAI Boris: Zöld dió,Hungary,Poland
SZERB Antal: Utas és holdvilág,Hungary,Poland
MOLNÁR Ferenc: A Pál utcai fiúk,Hungary,Poland
SZABÓ Magda: Régimódi történet,Hungary,Poland
ILLYÉS Gyula: Tűz vagyok,Hungary,Poland
KESZI Imre: A végtelen dallam: Wagner életregénye,Hungary,Poland
FÜST Milán: A feleségem története,Hungary,Poland
SÁNTA Ferenc: Az ötödik pecsét,Hungary,Poland
GÁRDONYI Géza: Isten rabjai,Hungary,Poland
NÉMETH László: Gyász,Hungary,Poland
KARINTHY Ferenc: Budapesti tavasz,Hungary,Portugal
KATONA József: Bánk bán,Hungary,Romania
MADÁCH Imre: Az ember tragédiája,Hungary,Romania
PETŐFI Sándor: János vitéz,Hungary,Romania
MIKSZÁTH Kálmán: Szent Péter esernyője,Hungary,Romania
MÓRICZ Zsigmond: Rokonok,Hungary,Romania
PETŐFI Sándor: Az apostol,Hungary,Romania
JÓKAI Mór: Az arany ember,Hungary,Romania
MÓRICZ Zsigmond: Légy jó mindhalálig,Hungary,Romania
ILLÉS Béla: Kárpáti rapszódia,Hungary,Romania
JÓKAI Mór: Fekete gyémántok,Hungary,Romania
KOSZTOLÁNYI Dezső: A véres költő (Nero),Hungary,Romania
MIKSZÁTH Kálmán: Különös házasság,Hungary,Romania
FEKETE Gyula: Az orvos halála,Hungary,Romania
GÁRDONYI Géza: Egri csillagok,Hungary,Romania
TAMÁSI Áron: Ábel a rengetegben,Hungary,Romania
MOLDOVA György: Sötét angyal,Hungary,Romania
ILLYÉS Gyula: Puszták népe,Hungary,Romania
KOSZTOLÁNYI Dezső: Esti Kornél,Hungary,Romania
DÉKÁNY András: Robinson utolsó kalandja,Hungary,Romania
MOLNÁR Ferenc: A Pál utcai fiúk,Hungary,Romania
SZABÓ Lőrinc: A huszonhatodik év,Hungary,Romania
FÜST Milán: A feleségem története,Hungary,Romania
SÁNTA Ferenc: Az ötödik pecsét,Hungary,Romania
FEHÉR Klára: A földrengések szigete,Hungary,Romania
MIKSZÁTH Kálmán: Szent Péter esernyője,Hungary,Spain
JÓKAI Mór: Az arany ember,Hungary,Spain
MOLNÁR Ferenc: A Pál utcai fiúk,Hungary,Spain
FÜST Milán: A feleségem története,Hungary,Spain
JÓKAI Mór: Az arany ember,Hungary,Sweden
ILLYÉS Gyula: Puszták népe,Hungary,Sweden
MOLNÁR Ferenc: A Pál utcai fiúk,Hungary,Sweden
FÜST Milán: A feleségem története,Hungary,Sweden
NÉMETH László: Gyász,Hungary,Sweden
MIKSZÁTH Kálmán: Szent Péter esernyője,Hungary,Switzerland
JÓKAI Mór: Az arany ember,Hungary,Switzerland
JÓKAI Mór: Egy hírhedett kalandor,Hungary,Switzerland
KATONA József: Bánk bán,Hungary,Turkey
MADÁCH Imre: Az ember tragédiája,Hungary,Turkey
GÁRDONYI Géza: A láthatatlan ember,Hungary,Turkey
JÓKAI Mór: Az arany ember,Hungary,Turkey
KARINTHY Ferenc: Budapesti tavasz,Hungary,Turkey
MOLNÁR Ferenc: A Pál utcai fiúk,Hungary,Turkey
GÁRDONYI Géza: A láthatatlan ember,Hungary,UK
MIKSZÁTH Kálmán: Szent Péter esernyője,Hungary,UK
KOSZTOLÁNYI Dezső: Édes Anna,Hungary,UK
KOSZTOLÁNYI Dezső: A véres költő (Nero),Hungary,UK
KARINTHY Frigyes: Utazás Faremidóba; Capillária,Hungary,UK
NÉMETH László: Bűn,Hungary,UK
FÜST Milán: A feleségem története,Hungary,UK
MADÁCH Imre: Az ember tragédiája,Hungary,USA
KARINTHY Frigyes: Utazás Faremidóba; Capillária,Hungary,USA
BÖLÖNI FARKAS Sándor: Utazás Észak-Amerikában,Hungary,USA
FÜST Milán: A feleségem története,Hungary,USA
KARINTHY Frigyes: Tanár úr kérem,Hungary,USSR-azerbajdzsán
MADÁCH Imre: Az ember tragédiája,Hungary,USSR-grúz
PETŐFI Sándor: János vitéz,Hungary,USSR-grúz
MÓRA Ferenc: Kincskereső kisködmön,Hungary,USSR-grúz
MIKSZÁTH Kálmán: Szent Péter esernyője,Hungary,USSR-grúz
JÓKAI Mór: Az arany ember,Hungary,USSR-grúz
MIKSZÁTH Kálmán: Beszterce ostroma,Hungary,USSR-grúz
JÓKAI Mór: Fekete gyémántok,Hungary,USSR-grúz
MOLNÁR Ferenc: A Pál utcai fiúk,Hungary,USSR-grúz
MIKSZÁTH Kálmán: Szent Péter esernyője,Hungary,USSR-kazah
MIKSZÁTH Kálmán: Különös házasság,Hungary,USSR-kazah
MIKSZÁTH Kálmán: Szent Péter esernyője,Hungary,USSR-lett
GERGELY Márta: Szöszi,Hungary,USSR-lett
SZABÓ Magda: Mondják meg Zsófikának,Hungary,USSR-lett
ILLÉS Béla: Kárpáti rapszódia,Hungary,USSR-lett
MIKSZÁTH Kálmán: Különös házasság,Hungary,USSR-lett
FEKETE Gyula: Az orvos halála,Hungary,USSR-lett
ILLYÉS Gyula: Petőfi,Hungary,USSR-lett
NÉMETH László: Gyász,Hungary,USSR-lett
MÓRA Ferenc: Kincskereső kisködmön,Hungary,USSR-litván
MÓRICZ Zsigmond: Rokonok,Hungary,USSR-litván
SZABÓ Magda: Mondják meg Zsófikának,Hungary,USSR-litván
JÓKAI Mór: Az arany ember,Hungary,USSR-litván
ILLÉS Béla: Kárpáti rapszódia,Hungary,USSR-litván
JÓKAI Mór: Fekete gyémántok,Hungary,USSR-litván
KOSZTOLÁNYI Dezső: Édes Anna,Hungary,USSR-litván
SZABÓ Magda: Álarcosbál,Hungary,USSR-litván
MIKSZÁTH Kálmán: Különös házasság,Hungary,USSR-litván
GÁRDONYI Géza: Egri csillagok,Hungary,USSR-litván
MOLNÁR Ferenc: A Pál utcai fiúk,Hungary,USSR-litván
FÜST Milán: A feleségem története,Hungary,USSR-litván
NÉMETH László: Gyász,Hungary,USSR-litván
GERGELY Márta: Szöszi,Hungary,USSR-moldva
MOLNÁR Ferenc: A Pál utcai fiúk,Hungary,USSR-moldva
SÁNTA Ferenc: Az ötödik pecsét,Hungary,USSR-moldva
MADÁCH Imre: Az ember tragédiája,Hungary,USSR-orosz
PETŐFI Sándor: János vitéz,Hungary,USSR-orosz
MÓRA Ferenc: Kincskereső kisködmön,Hungary,USSR-orosz
MIKSZÁTH Kálmán: Szent Péter esernyője,Hungary,USSR-orosz
MÓRICZ Zsigmond: Rokonok,Hungary,USSR-orosz
GERGELY Márta: Szöszi,Hungary,USSR-orosz
MESTERHÁZI Lajos: Pár lépés a határ,Hungary,USSR-orosz
SZABÓ Magda: Mondják meg Zsófikának,Hungary,USSR-orosz
DARVAS József: A törökverő,Hungary,USSR-orosz
MÓRA Ferenc: Aranykoporsó,Hungary,USSR-orosz
MURÁNYI KOVÁCS Endre: A firenzei varázsló,Hungary,USSR-orosz
JÓKAI Mór: Az arany ember,Hungary,USSR-orosz
MIKSZÁTH Kálmán: Beszterce ostroma,Hungary,USSR-orosz
MÓRICZ Zsigmond: Légy jó mindhalálig,Hungary,USSR-orosz
ILLÉS Béla: Kárpáti rapszódia,Hungary,USSR-orosz
JÓKAI Mór: Fekete gyémántok,Hungary,USSR-orosz
MIKSZÁTH Kálmán: A fekete város,Hungary,USSR-orosz
SZABÓ Magda: Álarcosbál,Hungary,USSR-orosz
KOSZTOLÁNYI Dezső: A véres költő (Nero),Hungary,USSR-orosz
MIKSZÁTH Kálmán: Különös házasság,Hungary,USSR-orosz
FEKETE Gyula: Az orvos halála,Hungary,USSR-orosz
GÁRDONYI Géza: Egri csillagok,Hungary,USSR-orosz
KARINTHY Frigyes: Utazás Faremidóba; Capillária,Hungary,USSR-orosz
SÁNTA Ferenc: Húsz óra,Hungary,USSR-orosz
TAMÁSI Áron: Ábel a rengetegben,Hungary,USSR-orosz
KARINTHY Frigyes: Tanár úr kérem,Hungary,USSR-orosz
ILLYÉS Gyula: Petőfi,Hungary,USSR-orosz
MOLNÁR Ferenc: A Pál utcai fiúk,Hungary,USSR-orosz
SZABÓ Magda: Régimódi történet,Hungary,USSR-orosz
"MÁNDY Iván: Arnold, a bálnavadász",Hungary,USSR-orosz
MÓRICZ Zsigmond: Forró mezők,Hungary,USSR-orosz
NÉMETH László: Gyász,Hungary,USSR-orosz
KARINTHY Ferenc: Budapesti tavasz,Hungary,USSR-türkmén
SÁNTA Ferenc: Az ötödik pecsét,Hungary,USSR-türkmén
MADÁCH Imre: Az ember tragédiája,Hungary,USSR-ukrán
PETŐFI Sándor: János vitéz,Hungary,USSR-ukrán
MIKSZÁTH Kálmán: Szent Péter esernyője,Hungary,USSR-ukrán
PETŐFI Sándor: Az apostol,Hungary,USSR-ukrán
ILLÉS Béla: Kárpáti rapszódia,Hungary,USSR-ukrán
MIKSZÁTH Kálmán: Különös házasság,Hungary,USSR-ukrán
GÁRDONYI Géza: Egri csillagok,Hungary,USSR-ukrán
NÉMETH László: Bűn,Hungary,USSR-ukrán
SÁNTA Ferenc: Húsz óra,Hungary,USSR-ukrán
ILLYÉS Gyula: Puszták népe,Hungary,USSR-ukrán
KARINTHY Frigyes: Tanár úr kérem,Hungary,USSR-ukrán
MOLNÁR Ferenc: A Pál utcai fiúk,Hungary,USSR-ukrán
SZABÓ Magda: Régimódi történet,Hungary,USSR-ukrán
Száva István: A szirakuzai óriás,Hungary,USSR-ukrán
MÓRA Ferenc: Kincskereső kisködmön,Hungary,USSR-észt
GÁRDONYI Géza: A láthatatlan ember,Hungary,USSR-észt
MIKSZÁTH Kálmán: Szent Péter esernyője,Hungary,USSR-észt
MESTERHÁZI Lajos: Pár lépés a határ,Hungary,USSR-észt
JÓKAI Mór: Az arany ember,Hungary,USSR-észt
BABITS Mihály: A gólyakalifa,Hungary,USSR-észt
GÁRDONYI Géza: Egri csillagok,Hungary,USSR-észt
KARINTHY Frigyes: Tanár úr kérem,Hungary,USSR-észt
MOLNÁR Ferenc: A Pál utcai fiúk,Hungary,USSR-észt
MÓRA Ferenc: Kincskereső kisködmön,Hungary,USSR-örmény
GERGELY Márta: Szöszi,Hungary,USSR-örmény
JÓKAI Mór: Az arany ember,Hungary,USSR-örmény
KOSZTOLÁNYI Dezső: A véres költő (Nero),Hungary,USSR-örmény
MOLNÁR Ferenc: A Pál utcai fiúk,Hungary,USSR-örmény
SÁNTA Ferenc: Az ötödik pecsét,Hungary,USSR-örmény
MÓRICZ Zsigmond: Forró mezők,Hungary,USSR-örmény
PETŐFI Sándor: János vitéz,Hungary,USSR-üzbég
MÓRA Ferenc: Kincskereső kisködmön,Hungary,USSR-üzbég
ILLÉS Béla: Kárpáti rapszódia,Hungary,USSR-üzbég
MIKSZÁTH Kálmán: Különös házasság,Hungary,USSR-üzbég
NÉMETH László: Gyász,Hungary,USSR-üzbég
MÓRICZ Zsigmond: Rokonok,Hungary,Vietnam
KOSZTOLÁNYI Dezső: A véres költő (Nero),Hungary,Vietnam
GÁRDONYI Géza: Egri csillagok,Hungary,Vietnam
GÁRDONYI Géza: A láthatatlan ember,Hungary,Yugoslavia
MIKSZÁTH Kálmán: Szent Péter esernyője,Hungary,Yugoslavia
JÓKAI Mór: Az arany ember,Hungary,Yugoslavia
MIKSZÁTH Kálmán: Beszterce ostroma,Hungary,Yugoslavia
MÓRICZ Zsigmond: Légy jó mindhalálig,Hungary,Yugoslavia
ILLÉS Béla: Kárpáti rapszódia,Hungary,Yugoslavia
JÓKAI Mór: Fekete gyémántok,Hungary,Yugoslavia
KARINTHY Ferenc: Budapesti tavasz,Hungary,Yugoslavia
SZABÓ Magda: Álarcosbál,Hungary,Yugoslavia
SZERB Antal: A Pendragon legenda,Hungary,Yugoslavia
MIKSZÁTH Kálmán: Különös házasság,Hungary,Yugoslavia
SZABÓ Magda: Sziget-kék,Hungary,Yugoslavia
GÁRDONYI Géza: Egri csillagok,Hungary,Yugoslavia
NÉMETH László: Bűn,Hungary,Yugoslavia
MOLDOVA György: Sötét angyal,Hungary,Yugoslavia
ILLYÉS Gyula: Puszták népe,Hungary,Yugoslavia
KARINTHY Frigyes: Tanár úr kérem,Hungary,Yugoslavia
ILLYÉS Gyula: Petőfi,Hungary,Yugoslavia
JÓKAI Mór: Szegény gazdagok,Hungary,Yugoslavia
MOLNÁR Ferenc: A Pál utcai fiúk,Hungary,Yugoslavia
SZABÓ Magda: Régimódi történet,Hungary,Yugoslavia
FÜST Milán: A feleségem története,Hungary,Yugoslavia
GÁRDONYI Géza: Isten rabjai,Hungary,Yugoslavia
NÉMETH László: Gyász,Hungary,Yugoslavia
KARINTHY Ferenc: Bösendorfer,India,USA
KARINTHY Ferenc: Bösendorfer,India,Yugoslavia
VERES Péter: Próbatétel,Iran,Italy
VERES Péter: Próbatétel,Iran,Poland
VERES Péter: Próbatétel,Iran,Romania
VERES Péter: Próbatétel,Iran,USSR-orosz
MOLNÁR Ferenc: A Pál utcai fiúk,Israel,Italy
KARDOS G. György: Avraham Bogatir hét napja,Israel,Italy
NYISZLI Miklós: Dr Mengele boncolóorvosa voltam,Israel,Italy
BABITS Mihály: Jónás könyve,Israel,Italy
ILLÉS Béla: Kárpáti rapszódia,Israel,Netherlands
HARSÁNYI Zsolt: Magyar rapszódia: Liszt életének regénye,Israel,Netherlands
KONRÁD György: A cinkos,Israel,Netherlands
HARSÁNYI Zsolt: Magyar rapszódia: Liszt életének regénye,Israel,Norway
KARDOS G. György: Avraham Bogatir hét napja,Israel,Norway
ILLÉS Béla: Kárpáti rapszódia,Israel,Poland
MOLNÁR Ferenc: A Pál utcai fiúk,Israel,Poland
MÓRICZ Zsigmond: Légy jó mindhalálig,Israel,Poland
GÁRDONYI Géza: A láthatatlan ember,Israel,Poland
GYURKÓ László: Faustus doktor boldogságos pokoljárása,Israel,Poland
NYISZLI Miklós: Dr Mengele boncolóorvosa voltam,Israel,Poland
PETŐFI Sándor: Az apostol,Israel,Romania
ILLÉS Béla: Kárpáti rapszódia,Israel,Romania
MOLNÁR Ferenc: A Pál utcai fiúk,Israel,Romania
MÓRICZ Zsigmond: Légy jó mindhalálig,Israel,Romania
NYISZLI Miklós: Dr Mengele boncolóorvosa voltam,Israel,Romania
KONRÁD György: A cinkos,Israel,Spain
MOLNÁR Ferenc: A Pál utcai fiúk,Israel,Spain
HARSÁNYI Zsolt: Magyar rapszódia: Liszt életének regénye,Israel,Sweden
KONRÁD György: A cinkos,Israel,Sweden
MOLNÁR Ferenc: A Pál utcai fiúk,Israel,Sweden
KARDOS G. György: Avraham Bogatir hét napja,Israel,Sweden
NYISZLI Miklós: Dr Mengele boncolóorvosa voltam,Israel,Switzerland
HARSÁNYI Zsolt: Magyar rapszódia: Liszt életének regénye,Israel,Turkey
MOLNÁR Ferenc: A Pál utcai fiúk,Israel,Turkey
GÁRDONYI Géza: A láthatatlan ember,Israel,Turkey
KONRÁD György: A cinkos,Israel,UK
GÁRDONYI Géza: A láthatatlan ember,Israel,UK
KACZÉR Illés: Jerichó ostroma,Israel,UK
"KACZÉR Illés: Ne félj szolgám, Jákob",Israel,UK
NYISZLI Miklós: Dr Mengele boncolóorvosa voltam,Israel,UK
KONRÁD György: A cinkos,Israel,USA
KARDOS G. György: Avraham Bogatir hét napja,Israel,USA
KACZÉR Illés: Jerichó ostroma,Israel,USA
NYISZLI Miklós: Dr Mengele boncolóorvosa voltam,Israel,USA
KARINTHY Frigyes: Tanár úr kérem,Israel,USSR-azerbajdzsán
MOLNÁR Ferenc: A Pál utcai fiúk,Israel,USSR-grúz
ILLÉS Béla: Kárpáti rapszódia,Israel,USSR-lett
ILLÉS Béla: Kárpáti rapszódia,Israel,USSR-litván
MOLNÁR Ferenc: A Pál utcai fiúk,Israel,USSR-litván
MOLNÁR Ferenc: A Pál utcai fiúk,Israel,USSR-moldva
ILLÉS Béla: Kárpáti rapszódia,Israel,USSR-orosz
KARINTHY Frigyes: Tanár úr kérem,Israel,USSR-orosz
MOLNÁR Ferenc: A Pál utcai fiúk,Israel,USSR-orosz
MÓRICZ Zsigmond: Légy jó mindhalálig,Israel,USSR-orosz
PETŐFI Sándor: Az apostol,Israel,USSR-ukrán
ILLÉS Béla: Kárpáti rapszódia,Israel,USSR-ukrán
KARINTHY Frigyes: Tanár úr kérem,Israel,USSR-ukrán
MOLNÁR Ferenc: A Pál utcai fiúk,Israel,USSR-ukrán
KARINTHY Frigyes: Tanár úr kérem,Israel,USSR-észt
MOLNÁR Ferenc: A Pál utcai fiúk,Israel,USSR-észt
GÁRDONYI Géza: A láthatatlan ember,Israel,USSR-észt
MOLNÁR Ferenc: A Pál utcai fiúk,Israel,USSR-örmény
ILLÉS Béla: Kárpáti rapszódia,Israel,USSR-üzbég
ILLÉS Béla: Kárpáti rapszódia,Israel,Yugoslavia
HARSÁNYI Zsolt: Magyar rapszódia: Liszt életének regénye,Israel,Yugoslavia
KARINTHY Frigyes: Tanár úr kérem,Israel,Yugoslavia
KONRÁD György: A cinkos,Israel,Yugoslavia
MOLNÁR Ferenc: A Pál utcai fiúk,Israel,Yugoslavia
MÓRICZ Zsigmond: Légy jó mindhalálig,Israel,Yugoslavia
GÁRDONYI Géza: A láthatatlan ember,Israel,Yugoslavia
KARDOS G. György: Avraham Bogatir hét napja,Israel,Yugoslavia
MOLNÁR Ferenc: Liliom,Italy,Japan
MADÁCH Imre: Az ember tragédiája,Italy,Japan
KONRÁD György: A látogató,Italy,Japan
HARSÁNYI Zsolt: És mégis mozog a föld,Italy,Japan
JÓKAI Mór: Sárga rózsa,Italy,Mexico
HARSÁNYI Zsolt: Élni jó. Rubens életének regénye,Italy,Netherlands
MIKSZÁTH Kálmán: Szent Péter esernyője,Italy,Netherlands
SZABÓ Magda: Az őz,Italy,Netherlands
HERNÁDI Gyula: A péntek lépcsőin,Italy,Netherlands
NÉMETH László: Iszony,Italy,Netherlands
KONRÁD György: A látogató,Italy,Netherlands
KÖRMENDI Ferenc: Bűnösök,Italy,Netherlands
HARSÁNYI Zsolt: És mégis mozog a föld,Italy,Netherlands
GÁRDONYI Géza: Egri csillagok,Italy,Netherlands
MADÁCH Imre: Az ember tragédiája,Italy,Norway
NÉMETH László: Iszony,Italy,Norway
DÉRY Tibor: Niki,Italy,Norway
HALASI Mária: Az utolsó padban,Italy,Norway
KONRÁD György: A látogató,Italy,Norway
KARDOS G. György: Avraham Bogatir hét napja,Italy,Norway
MIKSZÁTH Kálmán: Szent Péter esernyője,Italy,Poland
MOLNÁR Ferenc: A Pál utcai fiúk,Italy,Poland
VERES Péter: Próbatétel,Italy,Poland
JUST Béla: Az eszelősök,Italy,Poland
GÁRDONYI Géza: Isten rabjai,Italy,Poland
ILLYÉS Gyula: Petőfi,Italy,Poland
SZABÓ Magda: Az őz,Italy,Poland
MADÁCH Imre: Az ember tragédiája,Italy,Poland
DÉRY Tibor: G. A. úr X-ben,Italy,Poland
NÉMETH László: Iszony,Italy,Poland
DÉRY Tibor: Niki,Italy,Poland
FEJES Endre: Rozsdatemető,Italy,Poland
SÁNTA Ferenc: Húsz óra,Italy,Poland
DÉRY Tibor: A kiközösítő,Italy,Poland
DÉRY Tibor: Képzelt riport egy amerikai pop-fesztiválról,Italy,Poland
DÉRY Tibor: A félfülű,Italy,Poland
MÉSZÖLY Miklós: Saulus,Italy,Poland
NYISZLI Miklós: Dr Mengele boncolóorvosa voltam,Italy,Poland
GÁRDONYI Géza: Egri csillagok,Italy,Poland
ÖRKÉNY István: Egyperces novellák,Italy,Portugal
ACZÉL Tamás: A szabadság árnyékában,Italy,Romania
MIKSZÁTH Kálmán: Szent Péter esernyője,Italy,Romania
MOLNÁR Ferenc: A Pál utcai fiúk,Italy,Romania
VERES Péter: Próbatétel,Italy,Romania
BRÓDY Sándor: A tanítónő,Italy,Romania
MADÁCH Imre: Az ember tragédiája,Italy,Romania
NÉMETH László: Iszony,Italy,Romania
FEJES Endre: Rozsdatemető,Italy,Romania
DÉRY Tibor: A kiközösítő,Italy,Romania
ÖRKÉNY István: Egyperces novellák,Italy,Romania
NYISZLI Miklós: Dr Mengele boncolóorvosa voltam,Italy,Romania
GÁRDONYI Géza: Egri csillagok,Italy,Romania
MIKSZÁTH Kálmán: Szent Péter esernyője,Italy,Spain
MOLNÁR Ferenc: A Pál utcai fiúk,Italy,Spain
TÖRÖK Sándor: Valaki kopog: tizenkét szoba regénye,Italy,Spain
ZILAHY Lajos: A dühödt angyal,Italy,Spain
SZABÓ Magda: Az őz,Italy,Spain
DÉRY Tibor: G. A. úr X-ben,Italy,Spain
NÉMETH László: Iszony,Italy,Spain
FEJES Endre: Rozsdatemető,Italy,Spain
HALASI Mária: Az utolsó padban,Italy,Spain
MÉSZÖLY Miklós: Saulus,Italy,Spain
MOLNÁR Ferenc: A Pál utcai fiúk,Italy,Sweden
SZABÓ Magda: Az őz,Italy,Sweden
NÉMETH László: Iszony,Italy,Sweden
DÉRY Tibor: Niki,Italy,Sweden
DÉRY Tibor: A kiközösítő,Italy,Sweden
KONRÁD György: A látogató,Italy,Sweden
KARDOS G. György: Avraham Bogatir hét napja,Italy,Sweden
ESTERHÁZY Péter: A szív segédigéi,Italy,Sweden
ÖRKÉNY István: Egyperces novellák,Italy,Sweden
MIKSZÁTH Kálmán: Szent Péter esernyője,Italy,Switzerland
ZILAHY Lajos: A dühödt angyal,Italy,Switzerland
NYISZLI Miklós: Dr Mengele boncolóorvosa voltam,Italy,Switzerland
HARSÁNYI Zsolt: És mégis mozog a föld,Italy,Switzerland
MOLNÁR Ferenc: A Pál utcai fiúk,Italy,Turkey
MOLNÁR Ferenc: Liliom,Italy,Turkey
MADÁCH Imre: Az ember tragédiája,Italy,Turkey
DÉRY Tibor: Niki,Italy,Turkey
MIKSZÁTH Kálmán: Szent Péter esernyője,Italy,UK
ZILAHY Lajos: A dühödt angyal,Italy,UK
SZABÓ Magda: Az őz,Italy,UK
NÉMETH László: Iszony,Italy,UK
DÉRY Tibor: Niki,Italy,UK
KONRÁD György: A látogató,Italy,UK
KÖRMENDI Ferenc: Bűnösök,Italy,UK
NYISZLI Miklós: Dr Mengele boncolóorvosa voltam,Italy,UK
KÖRMENDI Ferenc: Napfogyatkozás,Italy,USA
ZILAHY Lajos: A dühödt angyal,Italy,USA
SZABÓ Magda: Az őz,Italy,USA
MADÁCH Imre: Az ember tragédiája,Italy,USA
NÉMETH László: Iszony,Italy,USA
DÉRY Tibor: Niki,Italy,USA
FEJES Endre: Rozsdatemető,Italy,USA
KONRÁD György: A látogató,Italy,USA
KARDOS G. György: Avraham Bogatir hét napja,Italy,USA
NYISZLI Miklós: Dr Mengele boncolóorvosa voltam,Italy,USA
JÓKAI Mór: Sárga rózsa,Italy,USSR-azerbajdzsán
MIKSZÁTH Kálmán: Szent Péter esernyője,Italy,USSR-grúz
MOLNÁR Ferenc: A Pál utcai fiúk,Italy,USSR-grúz
MADÁCH Imre: Az ember tragédiája,Italy,USSR-grúz
ACZÉL Tamás: A szabadság árnyékában,Italy,USSR-kazah
MIKSZÁTH Kálmán: Szent Péter esernyője,Italy,USSR-kazah
MIKSZÁTH Kálmán: Szent Péter esernyője,Italy,USSR-lett
ILLYÉS Gyula: Petőfi,Italy,USSR-lett
FEJES Endre: Rozsdatemető,Italy,USSR-lett
JÓKAI Mór: Sárga rózsa,Italy,USSR-litván
MOLNÁR Ferenc: A Pál utcai fiúk,Italy,USSR-litván
FEJES Endre: Rozsdatemető,Italy,USSR-litván
GÁRDONYI Géza: Egri csillagok,Italy,USSR-litván
MOLNÁR Ferenc: A Pál utcai fiúk,Italy,USSR-moldva
ACZÉL Tamás: A szabadság árnyékában,Italy,USSR-orosz
JÓKAI Mór: Sárga rózsa,Italy,USSR-orosz
MIKSZÁTH Kálmán: Szent Péter esernyője,Italy,USSR-orosz
MOLNÁR Ferenc: A Pál utcai fiúk,Italy,USSR-orosz
VERES Péter: Próbatétel,Italy,USSR-orosz
MOLNÁR Ferenc: Liliom,Italy,USSR-orosz
ILLYÉS Gyula: Petőfi,Italy,USSR-orosz
MADÁCH Imre: Az ember tragédiája,Italy,USSR-orosz
FEJES Endre: Rozsdatemető,Italy,USSR-orosz
SÁNTA Ferenc: Húsz óra,Italy,USSR-orosz
HALASI Mária: Az utolsó padban,Italy,USSR-orosz
ÖRKÉNY István: Egyperces novellák,Italy,USSR-orosz
GÁRDONYI Géza: Egri csillagok,Italy,USSR-orosz
JÓKAI Mór: Sárga rózsa,Italy,USSR-tadzsik
JÓKAI Mór: Sárga rózsa,Italy,USSR-türkmén
ACZÉL Tamás: A szabadság árnyékában,Italy,USSR-ukrán
JÓKAI Mór: Sárga rózsa,Italy,USSR-ukrán
MIKSZÁTH Kálmán: Szent Péter esernyője,Italy,USSR-ukrán
MOLNÁR Ferenc: A Pál utcai fiúk,Italy,USSR-ukrán
MADÁCH Imre: Az ember tragédiája,Italy,USSR-ukrán
SÁNTA Ferenc: Húsz óra,Italy,USSR-ukrán
GÁRDONYI Géza: Egri csillagok,Italy,USSR-ukrán
MIKSZÁTH Kálmán: Szent Péter esernyője,Italy,USSR-észt
MOLNÁR Ferenc: A Pál utcai fiúk,Italy,USSR-észt
NÉMETH László: Iszony,Italy,USSR-észt
FEJES Endre: Rozsdatemető,Italy,USSR-észt
GÁRDONYI Géza: Egri csillagok,Italy,USSR-észt
MOLNÁR Ferenc: A Pál utcai fiúk,Italy,USSR-örmény
HERNÁDI Gyula: A péntek lépcsőin,Italy,Venezuela
GÁRDONYI Géza: Egri csillagok,Italy,Vietnam
MIKSZÁTH Kálmán: Szent Péter esernyője,Italy,Yugoslavia
MOLNÁR Ferenc: A Pál utcai fiúk,Italy,Yugoslavia
GÁRDONYI Géza: Isten rabjai,Italy,Yugoslavia
ZILAHY Lajos: A dühödt angyal,Italy,Yugoslavia
ILLYÉS Gyula: Petőfi,Italy,Yugoslavia
SZABÓ Magda: Az őz,Italy,Yugoslavia
DÉRY Tibor: G. A. úr X-ben,Italy,Yugoslavia
NÉMETH László: Iszony,Italy,Yugoslavia
DÉRY Tibor: Niki,Italy,Yugoslavia
FEJES Endre: Rozsdatemető,Italy,Yugoslavia
KARDOS G. György: Avraham Bogatir hét napja,Italy,Yugoslavia
ESTERHÁZY Péter: A szív segédigéi,Italy,Yugoslavia
ÖRKÉNY István: Egyperces novellák,Italy,Yugoslavia
HARSÁNYI Zsolt: És mégis mozog a föld,Italy,Yugoslavia
GÁRDONYI Géza: Egri csillagok,Italy,Yugoslavia
KARINTHY Ferenc: Budapesti tavasz,Japan,Mongolia
HARSÁNYI Zsolt: És mégis mozog a föld,Japan,Netherlands
ILLYÉS Gyula: Puszták népe,Japan,Netherlands
KONRÁD György: A látogató,Japan,Netherlands
MADÁCH Imre: Az ember tragédiája,Japan,Norway
KONRÁD György: A látogató,Japan,Norway
KARINTHY Ferenc: Epepe,Japan,Norway
MADÁCH Imre: Az ember tragédiája,Japan,Poland
ILLYÉS Gyula: Puszták népe,Japan,Poland
KARINTHY Ferenc: Budapesti tavasz,Japan,Poland
LENGYEL Péter: Ogg második bolygója,Japan,Poland
KERTÉSZ Ákos: Makra,Japan,Poland
KARINTHY Ferenc: Epepe,Japan,Poland
KARINTHY Ferenc: Budapesti tavasz,Japan,Portugal
MADÁCH Imre: Az ember tragédiája,Japan,Romania
ILLYÉS Gyula: Puszták népe,Japan,Romania
KERTÉSZ Ákos: Makra,Japan,Romania
ZILAHY Lajos: Halálos tavasz,Japan,Spain
KERTÉSZ Ákos: Makra,Japan,Spain
ILLYÉS Gyula: Puszták népe,Japan,Sweden
KONRÁD György: A látogató,Japan,Sweden
KERTÉSZ Ákos: Makra,Japan,Sweden
KARINTHY Ferenc: Epepe,Japan,Sweden
HARSÁNYI Zsolt: És mégis mozog a föld,Japan,Switzerland
MOLNÁR Ferenc: Liliom,Japan,Turkey
MADÁCH Imre: Az ember tragédiája,Japan,Turkey
KARINTHY Ferenc: Budapesti tavasz,Japan,Turkey
KONRÁD György: A látogató,Japan,UK
MADÁCH Imre: Az ember tragédiája,Japan,USA
KONRÁD György: A látogató,Japan,USA
MADÁCH Imre: Az ember tragédiája,Japan,USSR-grúz
ÖRKÉNY István: Tóték,Japan,USSR-kirgiz
MOLNÁR Ferenc: Liliom,Japan,USSR-orosz
MADÁCH Imre: Az ember tragédiája,Japan,USSR-orosz
MESTERHÁZI Lajos: Pár lépés a határ,Japan,USSR-orosz
KARINTHY Ferenc: Budapesti tavasz,Japan,USSR-türkmén
MADÁCH Imre: Az ember tragédiája,Japan,USSR-ukrán
ILLYÉS Gyula: Puszták népe,Japan,USSR-ukrán
MESTERHÁZI Lajos: Pár lépés a határ,Japan,USSR-észt
ÖRKÉNY István: Tóték,Japan,USSR-észt
ZILAHY Lajos: Halálos tavasz,Japan,Yugoslavia
HARSÁNYI Zsolt: És mégis mozog a föld,Japan,Yugoslavia
ILLYÉS Gyula: Puszták népe,Japan,Yugoslavia
KARINTHY Ferenc: Budapesti tavasz,Japan,Yugoslavia
KERTÉSZ Ákos: Makra,Japan,Yugoslavia
SZÉKELY László: Őserdőktől ültetvényekig,Malaysia,Singapore
PASSUTH László: Esőisten siratja Mexikót,Mexico,Spain
PASSUTH László: Esőisten siratja Mexikót,Mexico,UK
PASSUTH László: Esőisten siratja Mexikót,Mexico,USA
JÓKAI Mór: Sárga rózsa,Mexico,USSR-azerbajdzsán
JÓKAI Mór: Sárga rózsa,Mexico,USSR-litván
JÓKAI Mór: Sárga rózsa,Mexico,USSR-orosz
JÓKAI Mór: Sárga rózsa,Mexico,USSR-tadzsik
JÓKAI Mór: Sárga rózsa,Mexico,USSR-türkmén
JÓKAI Mór: Sárga rózsa,Mexico,USSR-ukrán
PASSUTH László: Esőisten siratja Mexikót,Mexico,Yugoslavia
KARINTHY Ferenc: Budapesti tavasz,Mongolia,Poland
KARINTHY Ferenc: Budapesti tavasz,Mongolia,Portugal
KARINTHY Ferenc: Budapesti tavasz,Mongolia,Turkey
NAGY Sándor: Megbékélés,Mongolia,USSR-altaji
NAGY Sándor: Megbékélés,Mongolia,USSR-azerbajdzsán
NAGY Sándor: Megbékélés,Mongolia,USSR-csuvas
NAGY Sándor: Megbékélés,Mongolia,USSR-fehérorosz
NAGY Sándor: Megbékélés,Mongolia,USSR-finn
NAGY Sándor: Megbékélés,Mongolia,USSR-grúz
NAGY Sándor: Megbékélés,Mongolia,USSR-kazah
NAGY Sándor: Megbékélés,Mongolia,USSR-moldva
NAGY Sándor: Megbékélés,Mongolia,USSR-orosz
KARINTHY Ferenc: Budapesti tavasz,Mongolia,USSR-türkmén
NAGY Sándor: Megbékélés,Mongolia,USSR-udmurt
KARINTHY Ferenc: Budapesti tavasz,Mongolia,Yugoslavia
HARSÁNYI Zsolt: Magyar rapszódia: Liszt életének regénye,Netherlands,Norway
NÉMETH László: Iszony,Netherlands,Norway
KONRÁD György: A látogató,Netherlands,Norway
NÁDAS Péter: Egy családregény vége,Netherlands,Norway
ILLÉS Béla: Fegyvert s vitézt éneklek,Netherlands,Poland
ILLÉS Béla: Kárpáti rapszódia,Netherlands,Poland
FÖLDES Jolán: A halászó macska uccája,Netherlands,Poland
MIKSZÁTH Kálmán: Szent Péter esernyője,Netherlands,Poland
FÜST Milán: A feleségem története,Netherlands,Poland
SZABÓ Magda: Az őz,Netherlands,Poland
NÉMETH László: Iszony,Netherlands,Poland
HEVESI Lajos: Jelky András kalandjai,Netherlands,Poland
ILLYÉS Gyula: Puszták népe,Netherlands,Poland
NÁDAS Péter: Egy családregény vége,Netherlands,Poland
ILLYÉS Gyula: Ebéd a kastélyban,Netherlands,Poland
GÁRDONYI Géza: Egri csillagok,Netherlands,Poland
FÖLDES Jolán: A halászó macska uccája,Netherlands,Portugal
ILLÉS Béla: Fegyvert s vitézt éneklek,Netherlands,Romania
ILLÉS Béla: Kárpáti rapszódia,Netherlands,Romania
MIKSZÁTH Kálmán: Szent Péter esernyője,Netherlands,Romania
FÜST Milán: A feleségem története,Netherlands,Romania
NÉMETH László: Iszony,Netherlands,Romania
ILLYÉS Gyula: Puszták népe,Netherlands,Romania
GÁRDONYI Géza: Egri csillagok,Netherlands,Romania
VASZARY Gábor: Monpti,Netherlands,South Korea
HARSÁNYI Zsolt: Magdolna,Netherlands,Spain
VASZARY Gábor: Monpti,Netherlands,Spain
HARSÁNYI Zsolt: Whisky szódával,Netherlands,Spain
MIKSZÁTH Kálmán: Szent Péter esernyője,Netherlands,Spain
FÜST Milán: A feleségem története,Netherlands,Spain
SZABÓ Magda: Az őz,Netherlands,Spain
NÉMETH László: Iszony,Netherlands,Spain
PASSUTH László: Fekete bársonyban,Netherlands,Spain
KONRÁD György: A cinkos,Netherlands,Spain
HARSÁNYI Zsolt: Magyar rapszódia: Liszt életének regénye,Netherlands,Sweden
FÜST Milán: A feleségem története,Netherlands,Sweden
SZABÓ Magda: Az őz,Netherlands,Sweden
NÉMETH László: Iszony,Netherlands,Sweden
ILLYÉS Gyula: Puszták népe,Netherlands,Sweden
GALGÓCZI Erzsébet: Törvényen belül,Netherlands,Sweden
KONRÁD György: A cinkos,Netherlands,Sweden
KONRÁD György: A látogató,Netherlands,Sweden
NÁDAS Péter: Egy családregény vége,Netherlands,Sweden
KONRÁD György: Kerti mulatság,Netherlands,Sweden
MIKSZÁTH Kálmán: Szent Péter esernyője,Netherlands,Switzerland
HARSÁNYI Zsolt: És mégis mozog a föld,Netherlands,Switzerland
HARSÁNYI Zsolt: Magyar rapszódia: Liszt életének regénye,Netherlands,Turkey
KÖRMENDI Ferenc: Bűnösök,Netherlands,UK
MIKSZÁTH Kálmán: Szent Péter esernyője,Netherlands,UK
FÜST Milán: A feleségem története,Netherlands,UK
SZABÓ Magda: Az őz,Netherlands,UK
NÉMETH László: Iszony,Netherlands,UK
KONRÁD György: A cinkos,Netherlands,UK
KONRÁD György: A látogató,Netherlands,UK
KÖRMENDI Ferenc: A tévedés,Netherlands,UK
FÜST Milán: A feleségem története,Netherlands,USA
SZABÓ Magda: Az őz,Netherlands,USA
NÉMETH László: Iszony,Netherlands,USA
KONRÁD György: A cinkos,Netherlands,USA
KONRÁD György: A látogató,Netherlands,USA
SEBESTYÉN György: Kilincs nélküli ajtók,Netherlands,USA
MIKSZÁTH Kálmán: Szent Péter esernyője,Netherlands,USSR-grúz
MIKSZÁTH Kálmán: Szent Péter esernyője,Netherlands,USSR-kazah
ILLÉS Béla: Kárpáti rapszódia,Netherlands,USSR-lett
MIKSZÁTH Kálmán: Szent Péter esernyője,Netherlands,USSR-lett
GERGELY Márta: Szöszi,Netherlands,USSR-lett
ILLÉS Béla: Kárpáti rapszódia,Netherlands,USSR-litván
FÜST Milán: A feleségem története,Netherlands,USSR-litván
GÁRDONYI Géza: Egri csillagok,Netherlands,USSR-litván
GERGELY Márta: Szöszi,Netherlands,USSR-moldva
ILLÉS Béla: Kárpáti rapszódia,Netherlands,USSR-orosz
MIKSZÁTH Kálmán: Szent Péter esernyője,Netherlands,USSR-orosz
GERGELY Márta: Szöszi,Netherlands,USSR-orosz
GÁRDONYI Géza: Egri csillagok,Netherlands,USSR-orosz
ILLÉS Béla: Kárpáti rapszódia,Netherlands,USSR-ukrán
MIKSZÁTH Kálmán: Szent Péter esernyője,Netherlands,USSR-ukrán
ILLYÉS Gyula: Puszták népe,Netherlands,USSR-ukrán
GÁRDONYI Géza: Egri csillagok,Netherlands,USSR-ukrán
MIKSZÁTH Kálmán: Szent Péter esernyője,Netherlands,USSR-észt
NÉMETH László: Iszony,Netherlands,USSR-észt
GÁRDONYI Géza: Egri csillagok,Netherlands,USSR-észt
GERGELY Márta: Szöszi,Netherlands,USSR-örmény
ILLÉS Béla: Kárpáti rapszódia,Netherlands,USSR-üzbég
HERNÁDI Gyula: A péntek lépcsőin,Netherlands,Venezuela
GÁRDONYI Géza: Egri csillagok,Netherlands,Vietnam
HARSÁNYI Zsolt: Magyar rapszódia: Liszt életének regénye,Netherlands,Yugoslavia
ILLÉS Béla: Kárpáti rapszódia,Netherlands,Yugoslavia
MIKSZÁTH Kálmán: Szent Péter esernyője,Netherlands,Yugoslavia
FÜST Milán: A feleségem története,Netherlands,Yugoslavia
SZABÓ Magda: Az őz,Netherlands,Yugoslavia
NÉMETH László: Iszony,Netherlands,Yugoslavia
ILLYÉS Gyula: Puszták népe,Netherlands,Yugoslavia
GALGÓCZI Erzsébet: Törvényen belül,Netherlands,Yugoslavia
KONRÁD György: A cinkos,Netherlands,Yugoslavia
NÁDAS Péter: Egy családregény vége,Netherlands,Yugoslavia
ILLYÉS Gyula: Ebéd a kastélyban,Netherlands,Yugoslavia
HARSÁNYI Zsolt: És mégis mozog a föld,Netherlands,Yugoslavia
GÁRDONYI Géza: Egri csillagok,Netherlands,Yugoslavia
DÉRY Tibor: Niki,Norway,Poland
NÉMETH László: Iszony,Norway,Poland
MADÁCH Imre: Az ember tragédiája,Norway,Poland
ÖRKÉNY István: Rózsakiállítás,Norway,Poland
NÁDAS Péter: Egy családregény vége,Norway,Poland
KARINTHY Ferenc: Epepe,Norway,Poland
RÓNAY György: A párduc és a gödölye,Norway,Poland
NÉMETH László: Iszony,Norway,Romania
MADÁCH Imre: Az ember tragédiája,Norway,Romania
ZILAHY Lajos: Ararát,Norway,Spain
NÉMETH László: Iszony,Norway,Spain
HALASI Mária: Az utolsó padban,Norway,Spain
HARSÁNYI Zsolt: Magyar rapszódia: Liszt életének regénye,Norway,Sweden
ZILAHY Lajos: Ararát,Norway,Sweden
DÉRY Tibor: Niki,Norway,Sweden
NÉMETH László: Iszony,Norway,Sweden
ÖRKÉNY István: Rózsakiállítás,Norway,Sweden
NÁDAS Péter: Egy családregény vége,Norway,Sweden
Tóth Judith: Kifutópálya,Norway,Sweden
KARINTHY Ferenc: Epepe,Norway,Sweden
VÁMOS Miklós: Zenga Zének,Norway,Sweden
KARDOS G. György: Avraham Bogatir hét napja,Norway,Sweden
KONRÁD György: A látogató,Norway,Sweden
HARSÁNYI Zsolt: Magyar rapszódia: Liszt életének regénye,Norway,Turkey
DÉRY Tibor: Niki,Norway,Turkey
MADÁCH Imre: Az ember tragédiája,Norway,Turkey
DÉRY Tibor: Niki,Norway,UK
NÉMETH László: Iszony,Norway,UK
KOSZTOLÁNYI Dezső: Édes Anna,Norway,UK
KONRÁD György: A látogató,Norway,UK
ZILAHY Lajos: Ararát,Norway,USA
DÉRY Tibor: Niki,Norway,USA
NÉMETH László: Iszony,Norway,USA
MADÁCH Imre: Az ember tragédiája,Norway,USA
KARDOS G. György: Avraham Bogatir hét napja,Norway,USA
KONRÁD György: A látogató,Norway,USA
MADÁCH Imre: Az ember tragédiája,Norway,USSR-grúz
ÖRKÉNY István: Rózsakiállítás,Norway,USSR-grúz
KOSZTOLÁNYI Dezső: Édes Anna,Norway,USSR-litván
HALASI Mária: Az utolsó padban,Norway,USSR-orosz
MADÁCH Imre: Az ember tragédiája,Norway,USSR-orosz
MADÁCH Imre: Az ember tragédiája,Norway,USSR-ukrán
NÉMETH László: Iszony,Norway,USSR-észt
HARSÁNYI Zsolt: Magyar rapszódia: Liszt életének regénye,Norway,Yugoslavia
ZILAHY Lajos: Ararát,Norway,Yugoslavia
DÉRY Tibor: Niki,Norway,Yugoslavia
NÉMETH László: Iszony,Norway,Yugoslavia
ÖRKÉNY István: Rózsakiállítás,Norway,Yugoslavia
NÁDAS Péter: Egy családregény vége,Norway,Yugoslavia
KARDOS G. György: Avraham Bogatir hét napja,Norway,Yugoslavia
KARINTHY Ferenc: Hangok az űrben,Norway,Yugoslavia
FÖLDES Jolán: A halászó macska uccája,Poland,Portugal
KARINTHY Ferenc: Budapesti tavasz,Poland,Portugal
ASZTALOS István: Szél fúvatlan nem indul,Poland,Romania
GERGELY Sándor: Farkasok*,Poland,Romania
GERGELY Sándor: Vitézek és hősök,Poland,Romania
ILLÉS Béla: Fegyvert s vitézt éneklek,Poland,Romania
ILLÉS Béla: Kárpáti rapszódia,Poland,Romania
ILLYÉS Gyula: Puszták népe,Poland,Romania
JÓKAI Mór: A kőszívű ember fiai,Poland,Romania
JÓKAI Mór: Az arany ember,Poland,Romania
JÓKAI Mór: És mégis mozog a föld: Eppur si muove,Poland,Romania
MÓRICZ Zsigmond: Rokonok,Poland,Romania
TAMÁSI Áron: Ábel a rengetegben,Poland,Romania
VERES Péter: Próbatétel,Poland,Romania
SZÁNTÓ György: Stradivari,Poland,Romania
MOLNÁR Ferenc: A Pál utcai fiúk,Poland,Romania
MÓRICZ Zsigmond: Légy jó mindhalálig,Poland,Romania
MIKSZÁTH Kálmán: Szent Péter esernyője,Poland,Romania
FÜST Milán: A feleségem története,Poland,Romania
ILLÉS Béla: Ég a Tisza,Poland,Romania
KAFFKA Margit: Színek és évek,Poland,Romania
MADÁCH Imre: Az ember tragédiája,Poland,Romania
NÉMETH László: Iszony,Poland,Romania
FEJES Endre: Rozsdatemető,Poland,Romania
NYISZLI Miklós: Dr Mengele boncolóorvosa voltam,Poland,Romania
MIKSZÁTH Kálmán: Különös házasság,Poland,Romania
SZABÓ Magda: Pilátus,Poland,Romania
SÁNTA Ferenc: Az ötödik pecsét,Poland,Romania
CSERES Tibor: Hideg napok,Poland,Romania
NÉMETH László: Irgalom,Poland,Romania
THURZÓ Gábor: A szent,Poland,Romania
KERTÉSZ Ákos: Makra,Poland,Romania
VIDOR Miklós: Önkéntes hajótöröttek,Poland,Romania
OTTLIK Géza: Iskola a határon,Poland,Romania
KOSZTOLÁNYI Dezső: Esti Kornél,Poland,Romania
PASSUTH László: Madrigál: Carlo Gesualdo életregénye,Poland,Romania
DÉRY Tibor: A kiközösítő,Poland,Romania
HERNÁDI Gyula: Az erőd,Poland,Romania
SÜTŐ András: Anyám könnyű álmot ígér,Poland,Romania
MUNKÁCSI Miklós: Kihívás,Poland,Romania
MOLDOVA György: Sötét angyal,Poland,Romania
BÁLINT Tibor: Zokogó majom,Poland,Romania
GÁRDONYI Géza: Egri csillagok,Poland,Romania
JÓKAI Mór: Az arany ember,Poland,Spain
MOLNÁR Ferenc: A Pál utcai fiúk,Poland,Spain
MIKSZÁTH Kálmán: Szent Péter esernyője,Poland,Spain
FÜST Milán: A feleségem története,Poland,Spain
SZABÓ Magda: Az őz,Poland,Spain
NÉMETH László: Iszony,Poland,Spain
FEJES Endre: Rozsdatemető,Poland,Spain
MÉSZÖLY Miklós: Saulus,Poland,Spain
KERTÉSZ Ákos: Makra,Poland,Spain
DÉRY Tibor: G. A. úr X-ben,Poland,Spain
PASSUTH László: Lagúnák,Poland,Spain
OTTLIK Géza: Iskola a határon,Poland,Spain
PASSUTH László: Madrigál: Carlo Gesualdo életregénye,Poland,Spain
ILLYÉS Gyula: Puszták népe,Poland,Sweden
JÓKAI Mór: Az arany ember,Poland,Sweden
MOLNÁR Ferenc: A Pál utcai fiúk,Poland,Sweden
FÜST Milán: A feleségem története,Poland,Sweden
SZABÓ Magda: Az őz,Poland,Sweden
NÉMETH László: Iszony,Poland,Sweden
SZABÓ Magda: Pilátus,Poland,Sweden
"SZABÓ Magda: Mózes egy, huszonkettő",Poland,Sweden
KERTÉSZ Ákos: Makra,Poland,Sweden
BALÁZS József: Magyarok,Poland,Sweden
KARINTHY Ferenc: Epepe,Poland,Sweden
DÉRY Tibor: Niki,Poland,Sweden
ILLYÉS Gyula: Kháron ladikján,Poland,Sweden
"SOMOGYI TÓTH Sándor: Próféta voltál, szívem",Poland,Sweden
NÉMETH László: Gyász,Poland,Sweden
OTTLIK Géza: Iskola a határon,Poland,Sweden
DÉRY Tibor: A kiközösítő,Poland,Sweden
ÖRKÉNY István: Rózsakiállítás,Poland,Sweden
NÁDAS Péter: Egy családregény vége,Poland,Sweden
JÓKAI Mór: Az arany ember,Poland,Switzerland
MIKSZÁTH Kálmán: A Noszty fiú esete Tóth Marival,Poland,Switzerland
MIKSZÁTH Kálmán: Szent Péter esernyője,Poland,Switzerland
NYISZLI Miklós: Dr Mengele boncolóorvosa voltam,Poland,Switzerland
BALÁZS József: Magyarok,Poland,Switzerland
JÓKAI Mór: Az arany ember,Poland,Turkey
MOLNÁR Ferenc: A Pál utcai fiúk,Poland,Turkey
GÁRDONYI Géza: A láthatatlan ember,Poland,Turkey
MADÁCH Imre: Az ember tragédiája,Poland,Turkey
BALÁZS József: Magyarok,Poland,Turkey
KARINTHY Ferenc: Budapesti tavasz,Poland,Turkey
DÉRY Tibor: Niki,Poland,Turkey
FÖLDES Jolán: Férjhez megyek,Poland,UK
ILLÉS Béla: Szkipetárok,Poland,UK
MIKSZÁTH Kálmán: Szent Péter esernyője,Poland,UK
FÜST Milán: A feleségem története,Poland,UK
SZABÓ Magda: Az őz,Poland,UK
GÁRDONYI Géza: A láthatatlan ember,Poland,UK
NÉMETH László: Iszony,Poland,UK
NYISZLI Miklós: Dr Mengele boncolóorvosa voltam,Poland,UK
NÉMETH László: Bűn,Poland,UK
SZABÓ Magda: Disznótor,Poland,UK
DÉRY Tibor: Niki,Poland,UK
FÜST Milán: A feleségem története,Poland,USA
SZABÓ Magda: Az őz,Poland,USA
MADÁCH Imre: Az ember tragédiája,Poland,USA
NÉMETH László: Iszony,Poland,USA
FEJES Endre: Rozsdatemető,Poland,USA
NYISZLI Miklós: Dr Mengele boncolóorvosa voltam,Poland,USA
DÉRY Tibor: Niki,Poland,USA
OTTLIK Géza: Iskola a határon,Poland,USA
JÓKAI Mór: Az arany ember,Poland,USSR-grúz
MIKSZÁTH Kálmán: Beszterce ostroma,Poland,USSR-grúz
MOLNÁR Ferenc: A Pál utcai fiúk,Poland,USSR-grúz
MIKSZÁTH Kálmán: Szent Péter esernyője,Poland,USSR-grúz
MADÁCH Imre: Az ember tragédiája,Poland,USSR-grúz
SARKADI Imre: A gyáva,Poland,USSR-grúz
ÖRKÉNY István: Rózsakiállítás,Poland,USSR-grúz
MIKSZÁTH Kálmán: Szent Péter esernyője,Poland,USSR-kazah
TATAY Sándor: Puskák és galambok,Poland,USSR-kazah
MIKSZÁTH Kálmán: Különös házasság,Poland,USSR-kazah
TATAY Sándor: Puskák és galambok,Poland,USSR-kirgiz
ILLÉS Béla: Kárpáti rapszódia,Poland,USSR-lett
JÓKAI Mór: A kőszívű ember fiai,Poland,USSR-lett
ZALKA Máté: Doberdo,Poland,USSR-lett
MIKSZÁTH Kálmán: Szent Péter esernyője,Poland,USSR-lett
FEJES Endre: Rozsdatemető,Poland,USSR-lett
SZABÓ Magda: Mondják meg Zsófikának,Poland,USSR-lett
MIKSZÁTH Kálmán: Különös házasság,Poland,USSR-lett
ILLYÉS Gyula: Petőfi,Poland,USSR-lett
FEKETE István: Tüskevár,Poland,USSR-lett
NÉMETH László: Gyász,Poland,USSR-lett
DÁNIEL Anna: Karambol,Poland,USSR-lett
ILLÉS Béla: Kárpáti rapszódia,Poland,USSR-litván
JÓKAI Mór: A kőszívű ember fiai,Poland,USSR-litván
JÓKAI Mór: Az arany ember,Poland,USSR-litván
MÓRICZ Zsigmond: Rokonok,Poland,USSR-litván
MOLNÁR Ferenc: A Pál utcai fiúk,Poland,USSR-litván
FÜST Milán: A feleségem története,Poland,USSR-litván
TATAY Sándor: Puskák és galambok,Poland,USSR-litván
MÁNDY Iván: Csutak és a szürke ló,Poland,USSR-litván
FEJES Endre: Rozsdatemető,Poland,USSR-litván
SZABÓ Magda: Mondják meg Zsófikának,Poland,USSR-litván
MIKSZÁTH Kálmán: Különös házasság,Poland,USSR-litván
SZABÓ Magda: Álarcosbál,Poland,USSR-litván
SOMOGYI TÓTH Sándor: A gyerekek kétszer születnek,Poland,USSR-litván
NÉMETH László: Gyász,Poland,USSR-litván
GÁL György Sándor: Liszt Ferenc életének regénye,Poland,USSR-litván
JÓKAI Mór: Egy magyar nábob,Poland,USSR-litván
GÁRDONYI Géza: Egri csillagok,Poland,USSR-litván
MOLNÁR Ferenc: A Pál utcai fiúk,Poland,USSR-moldva
SÁNTA Ferenc: Az ötödik pecsét,Poland,USSR-moldva
HÁY Gyula: Az élet hídja,Poland,USSR-orosz
ILLÉS Béla: Kárpáti rapszódia,Poland,USSR-orosz
JÓKAI Mór: A kőszívű ember fiai,Poland,USSR-orosz
JÓKAI Mór: Az arany ember,Poland,USSR-orosz
MIKSZÁTH Kálmán: A gavallérok,Poland,USSR-orosz
MIKSZÁTH Kálmán: Beszterce ostroma,Poland,USSR-orosz
MÓRICZ Zsigmond: Rokonok,Poland,USSR-orosz
TAMÁSI Áron: Ábel a rengetegben,Poland,USSR-orosz
VERES Péter: Próbatétel,Poland,USSR-orosz
ZALKA Máté: János a katona*,Poland,USSR-orosz
ZALKA Máté: Doberdo,Poland,USSR-orosz
MOLNÁR Ferenc: A Pál utcai fiúk,Poland,USSR-orosz
MÓRICZ Zsigmond: Légy jó mindhalálig,Poland,USSR-orosz
MIKSZÁTH Kálmán: Szent Péter esernyője,Poland,USSR-orosz
ILLÉS Béla: Ég a Tisza,Poland,USSR-orosz
KAFFKA Margit: Színek és évek,Poland,USSR-orosz
SÓS György: Pettyes kalandjai,Poland,USSR-orosz
MADÁCH Imre: Az ember tragédiája,Poland,USSR-orosz
TATAY Sándor: Puskák és galambok,Poland,USSR-orosz
DÉRY Tibor: Felelet,Poland,USSR-orosz
BERKESI András−KARDOS György: Kopjások,Poland,USSR-orosz
FEJES Endre: Rozsdatemető,Poland,USSR-orosz
SZABÓ Magda: Mondják meg Zsófikának,Poland,USSR-orosz
MIKSZÁTH Kálmán: Különös házasság,Poland,USSR-orosz
SZABÓ Magda: Álarcosbál,Poland,USSR-orosz
SÁNTA Ferenc: Húsz óra,Poland,USSR-orosz
CSERES Tibor: Hideg napok,Poland,USSR-orosz
NÉMETH László: Irgalom,Poland,USSR-orosz
ILLYÉS Gyula: Petőfi,Poland,USSR-orosz
FEKETE István: Tüskevár,Poland,USSR-orosz
MIKSZÁTH Kálmán: A fekete város,Poland,USSR-orosz
"BÁRÁNY Tamás: Város, esti fényben",Poland,USSR-orosz
NÉMETH László: Gyász,Poland,USSR-orosz
OTTLIK Géza: Iskola a határon,Poland,USSR-orosz
SZABÓ Magda: Régimódi történet,Poland,USSR-orosz
GÁL György Sándor: Liszt Ferenc életének regénye,Poland,USSR-orosz
JÓKAI Mór: Egy magyar nábob,Poland,USSR-orosz
URBÁN Ernő: Tűzkeresztség,Poland,USSR-orosz
GÁRDONYI Géza: Egri csillagok,Poland,USSR-orosz
SARKADI Imre: A gyáva,Poland,USSR-tadzsik
SÁNTA Ferenc: Az ötödik pecsét,Poland,USSR-türkmén
KARINTHY Ferenc: Budapesti tavasz,Poland,USSR-türkmén
ILKU Pál: Az osztály zendülői,Poland,USSR-ukrán
ILLÉS Béla: Kárpáti rapszódia,Poland,USSR-ukrán
ILLYÉS Gyula: Puszták népe,Poland,USSR-ukrán
JÓKAI Mór: A kőszívű ember fiai,Poland,USSR-ukrán
ZALKA Máté: Doberdo,Poland,USSR-ukrán
MOLNÁR Ferenc: A Pál utcai fiúk,Poland,USSR-ukrán
MIKSZÁTH Kálmán: Szent Péter esernyője,Poland,USSR-ukrán
SZABÓ Magda: Freskó,Poland,USSR-ukrán
MADÁCH Imre: Az ember tragédiája,Poland,USSR-ukrán
TATAY Sándor: Puskák és galambok,Poland,USSR-ukrán
BERKESI András−KARDOS György: Kopjások,Poland,USSR-ukrán
MIKSZÁTH Kálmán: Különös házasság,Poland,USSR-ukrán
SÁNTA Ferenc: Húsz óra,Poland,USSR-ukrán
NÉMETH László: Bűn,Poland,USSR-ukrán
JÓKAI Anna: Tartozik és követel,Poland,USSR-ukrán
SZABÓ Magda: Régimódi történet,Poland,USSR-ukrán
GÁRDONYI Géza: Egri csillagok,Poland,USSR-ukrán
JÓKAI Mór: Az arany ember,Poland,USSR-észt
MOLNÁR Ferenc: A Pál utcai fiúk,Poland,USSR-észt
MIKSZÁTH Kálmán: Szent Péter esernyője,Poland,USSR-észt
GÁRDONYI Géza: A láthatatlan ember,Poland,USSR-észt
TATAY Sándor: Puskák és galambok,Poland,USSR-észt
NÉMETH László: Iszony,Poland,USSR-észt
SARKADI Imre: A gyáva,Poland,USSR-észt
FEJES Endre: Rozsdatemető,Poland,USSR-észt
"SOMOGYI TÓTH Sándor: Próféta voltál, szívem",Poland,USSR-észt
BABITS Mihály: A gólyakalifa,Poland,USSR-észt
HERNÁDI Gyula: Az erőd,Poland,USSR-észt
GÁRDONYI Géza: Egri csillagok,Poland,USSR-észt
JÓKAI Mór: Az arany ember,Poland,USSR-örmény
MOLNÁR Ferenc: A Pál utcai fiúk,Poland,USSR-örmény
TATAY Sándor: Puskák és galambok,Poland,USSR-örmény
SZILVÁSI Lajos: Appassionata,Poland,USSR-örmény
SÁNTA Ferenc: Az ötödik pecsét,Poland,USSR-örmény
ILLÉS Béla: Kárpáti rapszódia,Poland,USSR-üzbég
MIKSZÁTH Kálmán: Különös házasság,Poland,USSR-üzbég
NÉMETH László: Gyász,Poland,USSR-üzbég
MÓRICZ Zsigmond: Rokonok,Poland,Vietnam
GÁRDONYI Géza: Egri csillagok,Poland,Vietnam
ILLÉS Béla: Kárpáti rapszódia,Poland,Yugoslavia
ILLYÉS Gyula: Puszták népe,Poland,Yugoslavia
JÓKAI Mór: Az arany ember,Poland,Yugoslavia
MIKSZÁTH Kálmán: Beszterce ostroma,Poland,Yugoslavia
MOLNÁR Ferenc: A Pál utcai fiúk,Poland,Yugoslavia
MÓRICZ Zsigmond: Légy jó mindhalálig,Poland,Yugoslavia
MIKSZÁTH Kálmán: Szent Péter esernyője,Poland,Yugoslavia
JÓKAI Mór: Szegény gazdagok,Poland,Yugoslavia
FÜST Milán: A feleségem története,Poland,Yugoslavia
SZABÓ Magda: Az őz,Poland,Yugoslavia
SZABÓ Magda: Freskó,Poland,Yugoslavia
GÁRDONYI Géza: A láthatatlan ember,Poland,Yugoslavia
NÉMETH László: Iszony,Poland,Yugoslavia
FEJES Endre: Rozsdatemető,Poland,Yugoslavia
ILLYÉS Gyula: Ebéd a kastélyban,Poland,Yugoslavia
KOSZTOLÁNYI Dezső: Pacsirta,Poland,Yugoslavia
MIKSZÁTH Kálmán: Különös házasság,Poland,Yugoslavia
SZABÓ Magda: Álarcosbál,Poland,Yugoslavia
CSERES Tibor: Hideg napok,Poland,Yugoslavia
NÉMETH László: Bűn,Poland,Yugoslavia
BÓKAY János: Bohémek és pillangók: Puccini életregénye,Poland,Yugoslavia
ILLYÉS Gyula: Petőfi,Poland,Yugoslavia
SZERB Antal: A Pendragon legenda,Poland,Yugoslavia
KERTÉSZ Ákos: Makra,Poland,Yugoslavia
DÉRY Tibor: G. A. úr X-ben,Poland,Yugoslavia
GÁRDONYI Géza: Isten rabjai,Poland,Yugoslavia
KARINTHY Ferenc: Budapesti tavasz,Poland,Yugoslavia
DÉRY Tibor: Niki,Poland,Yugoslavia
"SOMOGYI TÓTH Sándor: Próféta voltál, szívem",Poland,Yugoslavia
NÉMETH László: Gyász,Poland,Yugoslavia
OTTLIK Géza: Iskola a határon,Poland,Yugoslavia
SZABÓ Magda: Régimódi történet,Poland,Yugoslavia
KOLOZSVÁRI GRANDPIERRE Emil: Nők apróban,Poland,Yugoslavia
ÖRKÉNY István: Rózsakiállítás,Poland,Yugoslavia
BALÁZS József: Fábián Bálint találkozása Istennel,Poland,Yugoslavia
KAFFKA Margit: Hangyaboly,Poland,Yugoslavia
NÁDAS Péter: Egy családregény vége,Poland,Yugoslavia
GION Nándor: Latroknak is játszott,Poland,Yugoslavia
JÓKAI Mór: Egy magyar nábob,Poland,Yugoslavia
MOLDOVA György: Sötét angyal,Poland,Yugoslavia
G. SZABÓ Judit: A macskát visszafelé simogatják,Poland,Yugoslavia
GÁRDONYI Géza: Egri csillagok,Poland,Yugoslavia
JÓKAI Anna: Jákob lajtorjája,Poland,Yugoslavia
ÖRKÉNY István: Egyperces novellák,Portugal,Romania
Dalos György: 1985,Portugal,Sweden
ÖRKÉNY István: Egyperces novellák,Portugal,Sweden
KARINTHY Ferenc: Budapesti tavasz,Portugal,Turkey
Dalos György: 1985,Portugal,UK
Dalos György: 1985,Portugal,USA
ÖRKÉNY István: Egyperces novellák,Portugal,USSR-orosz
KARINTHY Ferenc: Budapesti tavasz,Portugal,USSR-türkmén
ÖRKÉNY István: Egyperces novellák,Portugal,Yugoslavia
KARINTHY Ferenc: Budapesti tavasz,Portugal,Yugoslavia
MOLNÁR Ferenc: A Pál utcai fiúk,Romania,Spain
JÓKAI Mór: Az arany ember,Romania,Spain
MIKSZÁTH Kálmán: Szent Péter esernyője,Romania,Spain
NÉMETH László: Iszony,Romania,Spain
PASSUTH László: A mantuai herceg muzsikusa,Romania,Spain
PASSUTH László: Madrigál: Carlo Gesualdo életregénye,Romania,Spain
FEJES Endre: Rozsdatemető,Romania,Spain
KERTÉSZ Ákos: Makra,Romania,Spain
OTTLIK Géza: Iskola a határon,Romania,Spain
FÜST Milán: A feleségem története,Romania,Spain
MOLNÁR Ferenc: A Pál utcai fiúk,Romania,Sweden
JÓKAI Mór: Az arany ember,Romania,Sweden
ILLYÉS Gyula: Puszták népe,Romania,Sweden
NÉMETH László: Iszony,Romania,Sweden
ÖRKÉNY István: Egyperces novellák,Romania,Sweden
DÉRY Tibor: A kiközösítő,Romania,Sweden
KERTÉSZ Ákos: Makra,Romania,Sweden
SZABÓ Magda: Pilátus,Romania,Sweden
OTTLIK Géza: Iskola a határon,Romania,Sweden
FÜST Milán: A feleségem története,Romania,Sweden
JÓKAI Mór: Az arany ember,Romania,Switzerland
MIKSZÁTH Kálmán: Szent Péter esernyője,Romania,Switzerland
SZAMOS Rudolf: Kántor nyomoz; Kántor a nagyvárosban,Romania,Switzerland
NYISZLI Miklós: Dr Mengele boncolóorvosa voltam,Romania,Switzerland
KATONA József: Bánk bán,Romania,Turkey
MOLNÁR Ferenc: A Pál utcai fiúk,Romania,Turkey
JÓKAI Mór: Az arany ember,Romania,Turkey
MADÁCH Imre: Az ember tragédiája,Romania,Turkey
KUNCZ Aladár: Fekete kolostor,Romania,Turkey
KEMÉNY Zsigmond: Özvegy és leánya,Romania,Turkey
MIKSZÁTH Kálmán: Szent Péter esernyője,Romania,UK
NÉMETH László: Iszony,Romania,UK
KOSZTOLÁNYI Dezső: A véres költő (Nero),Romania,UK
NYISZLI Miklós: Dr Mengele boncolóorvosa voltam,Romania,UK
FÜST Milán: A feleségem története,Romania,UK
MADÁCH Imre: Az ember tragédiája,Romania,USA
NÉMETH László: Iszony,Romania,USA
FEJES Endre: Rozsdatemető,Romania,USA
OTTLIK Géza: Iskola a határon,Romania,USA
NYISZLI Miklós: Dr Mengele boncolóorvosa voltam,Romania,USA
FÜST Milán: A feleségem története,Romania,USA
MOLNÁR Ferenc: A Pál utcai fiúk,Romania,USSR-grúz
JÓKAI Mór: Az arany ember,Romania,USSR-grúz
PETŐFI Sándor: János vitéz,Romania,USSR-grúz
KARINTHY Frigyes: Utazás a koponyám körül,Romania,USSR-grúz
MADÁCH Imre: Az ember tragédiája,Romania,USSR-grúz
JÓKAI Mór: Fekete gyémántok,Romania,USSR-grúz
MIKSZÁTH Kálmán: Szent Péter esernyője,Romania,USSR-grúz
BERKESI András: A 13. ügynök,Romania,USSR-grúz
ACZÉL Tamás: A szabadság árnyékában,Romania,USSR-kazah
MIKSZÁTH Kálmán: Különös házasság,Romania,USSR-kazah
MIKSZÁTH Kálmán: Szent Péter esernyője,Romania,USSR-kazah
ILLÉS Béla: Kárpáti rapszódia,Romania,USSR-lett
MIKSZÁTH Kálmán: Különös házasság,Romania,USSR-lett
MÓRICZ Zsigmond: A boldog ember,Romania,USSR-lett
MIKSZÁTH Kálmán: Szent Péter esernyője,Romania,USSR-lett
JÓKAI Mór: A kőszívű ember fiai,Romania,USSR-lett
FEJES Endre: Rozsdatemető,Romania,USSR-lett
FEKETE Gyula: Az orvos halála,Romania,USSR-lett
ILLÉS Béla: Kárpáti rapszódia,Romania,USSR-litván
MOLNÁR Ferenc: A Pál utcai fiúk,Romania,USSR-litván
MÓRICZ Zsigmond: Rokonok,Romania,USSR-litván
JÓKAI Mór: Az arany ember,Romania,USSR-litván
MIKSZÁTH Kálmán: Különös házasság,Romania,USSR-litván
GÁRDONYI Géza: Egri csillagok,Romania,USSR-litván
JÓKAI Mór: Fekete gyémántok,Romania,USSR-litván
JÓKAI Mór: A kőszívű ember fiai,Romania,USSR-litván
FEJES Endre: Rozsdatemető,Romania,USSR-litván
FÜST Milán: A feleségem története,Romania,USSR-litván
MOLNÁR Ferenc: A Pál utcai fiúk,Romania,USSR-moldva
SÁNTA Ferenc: Az ötödik pecsét,Romania,USSR-moldva
ACZÉL Tamás: A szabadság árnyékában,Romania,USSR-orosz
ILLÉS Béla: Kárpáti rapszódia,Romania,USSR-orosz
KARINTHY Ferenc: Kőművesek,Romania,USSR-orosz
MOLNÁR Ferenc: A Pál utcai fiúk,Romania,USSR-orosz
MÓRICZ Zsigmond: Rokonok,Romania,USSR-orosz
VERES Péter: Próbatétel,Romania,USSR-orosz
ILLÉS Béla: Honfoglalás,Romania,USSR-orosz
JÓKAI Mór: Az arany ember,Romania,USSR-orosz
PETŐFI Sándor: János vitéz,Romania,USSR-orosz
EÖTVÖS József: A falu jegyzője,Romania,USSR-orosz
MIKSZÁTH Kálmán: Különös házasság,Romania,USSR-orosz
MÓRICZ Zsigmond: Légy jó mindhalálig,Romania,USSR-orosz
MÓRICZ Zsigmond: Úri muri,Romania,USSR-orosz
GÁRDONYI Géza: Egri csillagok,Romania,USSR-orosz
MADÁCH Imre: Az ember tragédiája,Romania,USSR-orosz
JÓKAI Mór: Fekete gyémántok,Romania,USSR-orosz
CSERES Tibor: Hideg napok,Romania,USSR-orosz
MIKSZÁTH Kálmán: Szent Péter esernyője,Romania,USSR-orosz
ILLÉS Béla: Ég a Tisza,Romania,USSR-orosz
JÓKAI Mór: A kőszívű ember fiai,Romania,USSR-orosz
FEJES Endre: Rozsdatemető,Romania,USSR-orosz
ÖRKÉNY István: Egyperces novellák,Romania,USSR-orosz
GALAMBOS Lajos: Isten őszi csillaga,Romania,USSR-orosz
KOSZTOLÁNYI Dezső: A véres költő (Nero),Romania,USSR-orosz
FEKETE Gyula: Az orvos halála,Romania,USSR-orosz
KAFFKA Margit: Színek és évek,Romania,USSR-orosz
SZAMOS Rudolf: Kántor nyomoz; Kántor a nagyvárosban,Romania,USSR-orosz
NÉMETH László: Irgalom,Romania,USSR-orosz
TAMÁSI Áron: Ábel a rengetegben,Romania,USSR-orosz
OTTLIK Géza: Iskola a határon,Romania,USSR-orosz
KATONA József: Bánk Bán,Romania,USSR-orosz
SÁNTA Ferenc: Az ötödik pecsét,Romania,USSR-türkmén
ACZÉL Tamás: A szabadság árnyékában,Romania,USSR-ukrán
ILLÉS Béla: Kárpáti rapszódia,Romania,USSR-ukrán
KARINTHY Ferenc: Kőművesek,Romania,USSR-ukrán
MOLNÁR Ferenc: A Pál utcai fiúk,Romania,USSR-ukrán
PETŐFI Sándor: János vitéz,Romania,USSR-ukrán
MIKSZÁTH Kálmán: Különös házasság,Romania,USSR-ukrán
GÁRDONYI Géza: Egri csillagok,Romania,USSR-ukrán
ILLYÉS Gyula: Puszták népe,Romania,USSR-ukrán
MADÁCH Imre: Az ember tragédiája,Romania,USSR-ukrán
MIKSZÁTH Kálmán: Szent Péter esernyője,Romania,USSR-ukrán
JÓKAI Mór: A kőszívű ember fiai,Romania,USSR-ukrán
PETŐFI Sándor: Az apostol,Romania,USSR-ukrán
BERKESI András: A 13. ügynök,Romania,USSR-ukrán
MOLNÁR Ferenc: A Pál utcai fiúk,Romania,USSR-észt
JÓKAI Mór: Az arany ember,Romania,USSR-észt
GÁRDONYI Géza: Egri csillagok,Romania,USSR-észt
MIKSZÁTH Kálmán: Szent Péter esernyője,Romania,USSR-észt
NÉMETH László: Iszony,Romania,USSR-észt
FEJES Endre: Rozsdatemető,Romania,USSR-észt
HERNÁDI Gyula: Az erőd,Romania,USSR-észt
MOLNÁR Ferenc: A Pál utcai fiúk,Romania,USSR-örmény
JÓKAI Mór: Az arany ember,Romania,USSR-örmény
KOSZTOLÁNYI Dezső: A véres költő (Nero),Romania,USSR-örmény
SÁNTA Ferenc: Az ötödik pecsét,Romania,USSR-örmény
ILLÉS Béla: Kárpáti rapszódia,Romania,USSR-üzbég
PETŐFI Sándor: János vitéz,Romania,USSR-üzbég
MIKSZÁTH Kálmán: Különös házasság,Romania,USSR-üzbég
BERKESI András: A 13. ügynök,Romania,USSR-üzbég
MÓRICZ Zsigmond: Rokonok,Romania,Vietnam
GÁRDONYI Géza: Egri csillagok,Romania,Vietnam
KOSZTOLÁNYI Dezső: A véres költő (Nero),Romania,Vietnam
ILLÉS Béla: Kárpáti rapszódia,Romania,Yugoslavia
MOLNÁR Ferenc: A Pál utcai fiúk,Romania,Yugoslavia
MÓRICZ Zsigmond: Rózsa Sándor a lovát ugratja,Romania,Yugoslavia
JÓKAI Mór: Az arany ember,Romania,Yugoslavia
MIKSZÁTH Kálmán: Különös házasság,Romania,Yugoslavia
MÓRICZ Zsigmond: Légy jó mindhalálig,Romania,Yugoslavia
MÓRICZ Zsigmond: Úri muri,Romania,Yugoslavia
GÁRDONYI Géza: Egri csillagok,Romania,Yugoslavia
ILLYÉS Gyula: Puszták népe,Romania,Yugoslavia
JÓKAI Mór: Fekete gyémántok,Romania,Yugoslavia
CSERES Tibor: Hideg napok,Romania,Yugoslavia
MIKSZÁTH Kálmán: Szent Péter esernyője,Romania,Yugoslavia
NÉMETH László: Iszony,Romania,Yugoslavia
FEJES Endre: Rozsdatemető,Romania,Yugoslavia
ÖRKÉNY István: Egyperces novellák,Romania,Yugoslavia
MOLDOVA György: Sötét angyal,Romania,Yugoslavia
KERTÉSZ Ákos: Makra,Romania,Yugoslavia
OTTLIK Géza: Iskola a határon,Romania,Yugoslavia
FÜST Milán: A feleségem története,Romania,Yugoslavia
VASZARY Gábor: Monpti,South Korea,Spain
ZILAHY Lajos: Ararát,Spain,Sweden
MOLNÁR Ferenc: A Pál utcai fiúk,Spain,Sweden
NÉMETH László: Iszony,Spain,Sweden
SZABÓ Magda: Az őz,Spain,Sweden
JÓKAI Mór: Az arany ember,Spain,Sweden
OTTLIK Géza: Iskola a határon,Spain,Sweden
KONRÁD György: A cinkos,Spain,Sweden
KERTÉSZ Ákos: Makra,Spain,Sweden
FÜST Milán: A feleségem története,Spain,Sweden
MÁRAI Sándor: A féltékenyek,Spain,Switzerland
MIKSZÁTH Kálmán: Szent Péter esernyője,Spain,Switzerland
JÓKAI Mór: Az arany ember,Spain,Switzerland
ZILAHY Lajos: A dühödt angyal,Spain,Switzerland
ZILAHY Lajos: Két fogoly,Spain,Turkey
MÁRAI Sándor: A féltékenyek,Spain,Turkey
MOLNÁR Ferenc: A Pál utcai fiúk,Spain,Turkey
JÓKAI Mór: Az arany ember,Spain,Turkey
MIKSZÁTH Kálmán: Szent Péter esernyője,Spain,UK
NÉMETH László: Iszony,Spain,UK
SZABÓ Magda: Az őz,Spain,UK
PASSUTH László: Esőisten siratja Mexikót,Spain,UK
KONRÁD György: A cinkos,Spain,UK
ZILAHY Lajos: A dühödt angyal,Spain,UK
FÜST Milán: A feleségem története,Spain,UK
ZILAHY Lajos: Ararát,Spain,USA
ZILAHY Lajos: Két fogoly,Spain,USA
NÉMETH László: Iszony,Spain,USA
SZABÓ Magda: Az őz,Spain,USA
FEJES Endre: Rozsdatemető,Spain,USA
OTTLIK Géza: Iskola a határon,Spain,USA
PASSUTH László: Esőisten siratja Mexikót,Spain,USA
KONRÁD György: A cinkos,Spain,USA
ZILAHY Lajos: A dühödt angyal,Spain,USA
FÜST Milán: A feleségem története,Spain,USA
DÉRY Tibor: Kedves Bópeer...!,Spain,USSR-fehérorosz
MIKSZÁTH Kálmán: Szent Péter esernyője,Spain,USSR-grúz
MOLNÁR Ferenc: A Pál utcai fiúk,Spain,USSR-grúz
JÓKAI Mór: Az arany ember,Spain,USSR-grúz
DÉRY Tibor: Kedves Bópeer...!,Spain,USSR-grúz
MIKSZÁTH Kálmán: Szent Péter esernyője,Spain,USSR-kazah
MIKSZÁTH Kálmán: Szent Péter esernyője,Spain,USSR-lett
FEJES Endre: Rozsdatemető,Spain,USSR-lett
MOLNÁR Ferenc: A Pál utcai fiúk,Spain,USSR-litván
JÓKAI Mór: Az arany ember,Spain,USSR-litván
FEJES Endre: Rozsdatemető,Spain,USSR-litván
FÜST Milán: A feleségem története,Spain,USSR-litván
MOLNÁR Ferenc: A Pál utcai fiúk,Spain,USSR-moldva
DÉRY Tibor: Kedves Bópeer...!,Spain,USSR-moldva
MIKSZÁTH Kálmán: Szent Péter esernyője,Spain,USSR-orosz
MOLNÁR Ferenc: A Pál utcai fiúk,Spain,USSR-orosz
HALASI Mária: Az utolsó padban,Spain,USSR-orosz
JÓKAI Mór: Az arany ember,Spain,USSR-orosz
FEJES Endre: Rozsdatemető,Spain,USSR-orosz
DÉRY Tibor: Kedves Bópeer...!,Spain,USSR-orosz
OTTLIK Géza: Iskola a határon,Spain,USSR-orosz
MIKSZÁTH Kálmán: Szent Péter esernyője,Spain,USSR-ukrán
MOLNÁR Ferenc: A Pál utcai fiúk,Spain,USSR-ukrán
MIKSZÁTH Kálmán: Szent Péter esernyője,Spain,USSR-észt
MOLNÁR Ferenc: A Pál utcai fiúk,Spain,USSR-észt
NÉMETH László: Iszony,Spain,USSR-észt
JÓKAI Mór: Az arany ember,Spain,USSR-észt
FEJES Endre: Rozsdatemető,Spain,USSR-észt
DÉRY Tibor: Kedves Bópeer...!,Spain,USSR-észt
MOLNÁR Ferenc: A Pál utcai fiúk,Spain,USSR-örmény
JÓKAI Mór: Az arany ember,Spain,USSR-örmény
ZILAHY Lajos: Ararát,Spain,Yugoslavia
ZILAHY Lajos: Két fogoly,Spain,Yugoslavia
ZILAHY Lajos: Valamit visz a víz,Spain,Yugoslavia
MIKSZÁTH Kálmán: Szent Péter esernyője,Spain,Yugoslavia
MOLNÁR Ferenc: A Pál utcai fiúk,Spain,Yugoslavia
ZILAHY Lajos: A fegyverek visszanéznek,Spain,Yugoslavia
ZILAHY Lajos: A lélek kialszik,Spain,Yugoslavia
ZILAHY Lajos: A szökevény,Spain,Yugoslavia
ZILAHY Lajos: Halálos tavasz,Spain,Yugoslavia
NÉMETH László: Iszony,Spain,Yugoslavia
SZABÓ Magda: Az őz,Spain,Yugoslavia
DÉRY Tibor: G. A. úr X-ben,Spain,Yugoslavia
JÓKAI Mór: Az arany ember,Spain,Yugoslavia
FEJES Endre: Rozsdatemető,Spain,Yugoslavia
DÉRY Tibor: Kedves Bópeer...!,Spain,Yugoslavia
OTTLIK Géza: Iskola a határon,Spain,Yugoslavia
PASSUTH László: Esőisten siratja Mexikót,Spain,Yugoslavia
KONRÁD György: A cinkos,Spain,Yugoslavia
KERTÉSZ Ákos: Makra,Spain,Yugoslavia
ZILAHY Lajos: A dühödt angyal,Spain,Yugoslavia
FÜST Milán: A feleségem története,Spain,Yugoslavia
BALÁZS József: Magyarok,Sweden,Switzerland
JÓKAI Mór: Az arany ember,Sweden,Switzerland
DÉRY Tibor: Niki,Sweden,Turkey
MOLNÁR Ferenc: A Pál utcai fiúk,Sweden,Turkey
BALÁZS József: Magyarok,Sweden,Turkey
JÓKAI Mór: Az arany ember,Sweden,Turkey
HARSÁNYI Zsolt: Magyar rapszódia: Liszt életének regénye,Sweden,Turkey
DÉRY Tibor: Niki,Sweden,UK
SZABÓ Magda: Az őz,Sweden,UK
KONRÁD György: A látogató,Sweden,UK
Dalos György: 1985,Sweden,UK
KONRÁD György: A cinkos,Sweden,UK
KONRÁD György: A városalapító,Sweden,UK
NÉMETH László: Iszony,Sweden,UK
FÜST Milán: A feleségem története,Sweden,UK
ZILAHY Lajos: Ararát,Sweden,USA
DÉRY Tibor: Niki,Sweden,USA
SZABÓ Magda: Az őz,Sweden,USA
KONRÁD György: A látogató,Sweden,USA
OTTLIK Géza: Iskola a határon,Sweden,USA
Dalos György: 1985,Sweden,USA
KARDOS G. György: Avraham Bogatir hét napja,Sweden,USA
KONRÁD György: Antipolitika,Sweden,USA
KONRÁD György: A cinkos,Sweden,USA
KONRÁD György: A városalapító,Sweden,USA
NÉMETH László: Iszony,Sweden,USA
FÜST Milán: A feleségem története,Sweden,USA
SZABÓ Magda: Katalin utca,Sweden,USSR-azerbajdzsán
MOLNÁR Ferenc: A Pál utcai fiúk,Sweden,USSR-grúz
ÖRKÉNY István: Rózsakiállítás,Sweden,USSR-grúz
JÓKAI Mór: Az arany ember,Sweden,USSR-grúz
NÉMETH László: Gyász,Sweden,USSR-lett
MOLNÁR Ferenc: A Pál utcai fiúk,Sweden,USSR-litván
NÉMETH László: Gyász,Sweden,USSR-litván
JÓKAI Mór: Az arany ember,Sweden,USSR-litván
FÜST Milán: A feleségem története,Sweden,USSR-litván
MOLNÁR Ferenc: A Pál utcai fiúk,Sweden,USSR-moldva
MOLNÁR Ferenc: A Pál utcai fiúk,Sweden,USSR-orosz
NÉMETH László: Gyász,Sweden,USSR-orosz
OTTLIK Géza: Iskola a határon,Sweden,USSR-orosz
JÓKAI Mór: Az arany ember,Sweden,USSR-orosz
ÖRKÉNY István: Egyperces novellák,Sweden,USSR-orosz
MOLNÁR Ferenc: A Pál utcai fiúk,Sweden,USSR-ukrán
ILLYÉS Gyula: Puszták népe,Sweden,USSR-ukrán
MOLNÁR Ferenc: A Pál utcai fiúk,Sweden,USSR-észt
SZABÓ Magda: Katalin utca,Sweden,USSR-észt
JÓKAI Mór: Az arany ember,Sweden,USSR-észt
"SOMOGYI TÓTH Sándor: Próféta voltál, szívem",Sweden,USSR-észt
NÉMETH László: Iszony,Sweden,USSR-észt
MOLNÁR Ferenc: A Pál utcai fiúk,Sweden,USSR-örmény
JÓKAI Mór: Az arany ember,Sweden,USSR-örmény
NÉMETH László: Gyász,Sweden,USSR-üzbég
SZABÓ Magda: Katalin utca,Sweden,Venezuela
ZILAHY Lajos: Ararát,Sweden,Yugoslavia
DÉRY Tibor: Niki,Sweden,Yugoslavia
MOLNÁR Ferenc: A Pál utcai fiúk,Sweden,Yugoslavia
SZABÓ Magda: Az őz,Sweden,Yugoslavia
NÉMETH László: Gyász,Sweden,Yugoslavia
OTTLIK Géza: Iskola a határon,Sweden,Yugoslavia
ILLYÉS Gyula: Puszták népe,Sweden,Yugoslavia
ÖRKÉNY István: Rózsakiállítás,Sweden,Yugoslavia
NÁDAS Péter: Egy családregény vége,Sweden,Yugoslavia
GALGÓCZI Erzsébet: Törvényen belül,Sweden,Yugoslavia
JÓKAI Mór: Az arany ember,Sweden,Yugoslavia
KARDOS G. György: Avraham Bogatir hét napja,Sweden,Yugoslavia
ESTERHÁZY Péter: A szív segédigéi,Sweden,Yugoslavia
KERTÉSZ Ákos: Makra,Sweden,Yugoslavia
ÖRKÉNY István: Egyperces novellák,Sweden,Yugoslavia
"SOMOGYI TÓTH Sándor: Próféta voltál, szívem",Sweden,Yugoslavia
HARSÁNYI Zsolt: Magyar rapszódia: Liszt életének regénye,Sweden,Yugoslavia
KONRÁD György: A cinkos,Sweden,Yugoslavia
NÉMETH László: Iszony,Sweden,Yugoslavia
FÜST Milán: A feleségem története,Sweden,Yugoslavia
MÁRAI Sándor: A féltékenyek,Switzerland,Turkey
JÓKAI Mór: Az arany ember,Switzerland,Turkey
BALÁZS József: Magyarok,Switzerland,Turkey
JÓKAI Mór: Az új földesúr,Switzerland,Turkey
ZILAHY Lajos: A dühödt angyal,Switzerland,UK
NYISZLI Miklós: Dr Mengele boncolóorvosa voltam,Switzerland,UK
MIKSZÁTH Kálmán: Szent Péter esernyője,Switzerland,UK
SÜTŐ András: Csillag a máglyán,Switzerland,USA
ZILAHY Lajos: A dühödt angyal,Switzerland,USA
NYISZLI Miklós: Dr Mengele boncolóorvosa voltam,Switzerland,USA
JÓKAI Mór: Az arany ember,Switzerland,USSR-grúz
MIKSZÁTH Kálmán: Szent Péter esernyője,Switzerland,USSR-grúz
MIKSZÁTH Kálmán: Szent Péter esernyője,Switzerland,USSR-kazah
MIKSZÁTH Kálmán: Szent Péter esernyője,Switzerland,USSR-lett
JÓKAI Mór: Az arany ember,Switzerland,USSR-litván
JÓKAI Mór: Az arany ember,Switzerland,USSR-orosz
MIKSZÁTH Kálmán: Szent Péter esernyője,Switzerland,USSR-orosz
SZAMOS Rudolf: Kántor nyomoz; Kántor a nagyvárosban,Switzerland,USSR-orosz
JÓKAI Mór: Egész az északi pólusig,Switzerland,USSR-ukrán
MIKSZÁTH Kálmán: Szent Péter esernyője,Switzerland,USSR-ukrán
JÓKAI Mór: Az arany ember,Switzerland,USSR-észt
MIKSZÁTH Kálmán: Szent Péter esernyője,Switzerland,USSR-észt
JÓKAI Mór: Az arany ember,Switzerland,USSR-örmény
JÓKAI Mór: Az arany ember,Switzerland,Yugoslavia
JÓKAI Mór: Az új földesúr,Switzerland,Yugoslavia
HARSÁNYI Zsolt: És mégis mozog a föld,Switzerland,Yugoslavia
ZILAHY Lajos: A dühödt angyal,Switzerland,Yugoslavia
MIKSZÁTH Kálmán: Szent Péter esernyője,Switzerland,Yugoslavia
DÉRY Tibor: Niki,Turkey,UK
GÁRDONYI Géza: A láthatatlan ember,Turkey,UK
MADÁCH Imre: Az ember tragédiája,Turkey,USA
ZILAHY Lajos: Két fogoly,Turkey,USA
DÉRY Tibor: Niki,Turkey,USA
JÓKAI Mór: Az arany ember,Turkey,USSR-grúz
MADÁCH Imre: Az ember tragédiája,Turkey,USSR-grúz
MOLNÁR Ferenc: A Pál utcai fiúk,Turkey,USSR-grúz
JÓKAI Mór: Az arany ember,Turkey,USSR-litván
MOLNÁR Ferenc: A Pál utcai fiúk,Turkey,USSR-litván
MOLNÁR Ferenc: A Pál utcai fiúk,Turkey,USSR-moldva
JÓKAI Mór: Az arany ember,Turkey,USSR-orosz
MADÁCH Imre: Az ember tragédiája,Turkey,USSR-orosz
MOLNÁR Ferenc: Liliom,Turkey,USSR-orosz
MOLNÁR Ferenc: A Pál utcai fiúk,Turkey,USSR-orosz
KARINTHY Ferenc: Budapesti tavasz,Turkey,USSR-türkmén
MADÁCH Imre: Az ember tragédiája,Turkey,USSR-ukrán
MOLNÁR Ferenc: A Pál utcai fiúk,Turkey,USSR-ukrán
JÓKAI Mór: Az arany ember,Turkey,USSR-észt
MOLNÁR Ferenc: A Pál utcai fiúk,Turkey,USSR-észt
GÁRDONYI Géza: A láthatatlan ember,Turkey,USSR-észt
JÓKAI Mór: Az arany ember,Turkey,USSR-örmény
MOLNÁR Ferenc: A Pál utcai fiúk,Turkey,USSR-örmény
JÓKAI Mór: Az arany ember,Turkey,Yugoslavia
JÓKAI Mór: Az új földesúr,Turkey,Yugoslavia
HARSÁNYI Zsolt: Magyar rapszódia: Liszt életének regénye,Turkey,Yugoslavia
MOLNÁR Ferenc: A Pál utcai fiúk,Turkey,Yugoslavia
KARINTHY Ferenc: Budapesti tavasz,Turkey,Yugoslavia
ZILAHY Lajos: Két fogoly,Turkey,Yugoslavia
DÉRY Tibor: Niki,Turkey,Yugoslavia
GÁRDONYI Géza: A láthatatlan ember,Turkey,Yugoslavia
KACZÉR Illés: Jerichó ostroma,UK,USA
PASSUTH László: Esőisten siratja Mexikót,UK,USA
ZILAHY Lajos: A dühödt angyal,UK,USA
SZABÓ Magda: Az őz,UK,USA
NÉMETH László: Iszony,UK,USA
DÉRY Tibor: Niki,UK,USA
KONRÁD György: A városalapító,UK,USA
KONRÁD György: A cinkos,UK,USA
Dalos György: 1985,UK,USA
FÜST Milán: A feleségem története,UK,USA
KARINTHY Frigyes: Utazás Faremidóba; Capillária,UK,USA
NYISZLI Miklós: Dr Mengele boncolóorvosa voltam,UK,USA
SZÁSZ Béla: Minden kényszer nélkül,UK,USA
KONRÁD György: A látogató,UK,USA
MIKSZÁTH Kálmán: Szent Péter esernyője,UK,USSR-grúz
MIKSZÁTH Kálmán: Szent Péter esernyője,UK,USSR-kazah
MIKSZÁTH Kálmán: Szent Péter esernyője,UK,USSR-lett
KOSZTOLÁNYI Dezső: Édes Anna,UK,USSR-litván
FÜST Milán: A feleségem története,UK,USSR-litván
KOSZTOLÁNYI Dezső: A véres költő (Nero),UK,USSR-orosz
LENGYEL József: Prenn Ferenc hányatott élete,UK,USSR-orosz
ÖRKÉNY István: Macskajáték,UK,USSR-orosz
KARINTHY Frigyes: Utazás Faremidóba; Capillária,UK,USSR-orosz
MIKSZÁTH Kálmán: Szent Péter esernyője,UK,USSR-orosz
NÉMETH László: Bűn,UK,USSR-ukrán
MIKSZÁTH Kálmán: Szent Péter esernyője,UK,USSR-ukrán
NÉMETH László: Iszony,UK,USSR-észt
GÁRDONYI Géza: A láthatatlan ember,UK,USSR-észt
ÖRKÉNY István: Macskajáték,UK,USSR-észt
MIKSZÁTH Kálmán: Szent Péter esernyője,UK,USSR-észt
KOSZTOLÁNYI Dezső: A véres költő (Nero),UK,USSR-örmény
KOSZTOLÁNYI Dezső: A véres költő (Nero),UK,Vietnam
PASSUTH László: Esőisten siratja Mexikót,UK,Yugoslavia
ZILAHY Lajos: A dühödt angyal,UK,Yugoslavia
SZABÓ Magda: Az őz,UK,Yugoslavia
NÉMETH László: Iszony,UK,Yugoslavia
DÉRY Tibor: Niki,UK,Yugoslavia
GÁRDONYI Géza: A láthatatlan ember,UK,Yugoslavia
NÉMETH László: Bűn,UK,Yugoslavia
KONRÁD György: A cinkos,UK,Yugoslavia
FÜST Milán: A feleségem története,UK,Yugoslavia
MIKSZÁTH Kálmán: Szent Péter esernyője,UK,Yugoslavia
MADÁCH Imre: Az ember tragédiája,USA,USSR-grúz
FEJES Endre: Rozsdatemető,USA,USSR-lett
FEJES Endre: Rozsdatemető,USA,USSR-litván
FÜST Milán: A feleségem története,USA,USSR-litván
OTTLIK Géza: Iskola a határon,USA,USSR-orosz
MADÁCH Imre: Az ember tragédiája,USA,USSR-orosz
FEJES Endre: Rozsdatemető,USA,USSR-orosz
KARINTHY Frigyes: Utazás Faremidóba; Capillária,USA,USSR-orosz
MADÁCH Imre: Az ember tragédiája,USA,USSR-ukrán
FEJES Endre: Rozsdatemető,USA,USSR-észt
NÉMETH László: Iszony,USA,USSR-észt
ZILAHY Lajos: A dühödt angyal,USA,Yugoslavia
ZILAHY Lajos: Ararát,USA,Yugoslavia
SZABÓ Magda: Az őz,USA,Yugoslavia
OTTLIK Géza: Iskola a határon,USA,Yugoslavia
ZILAHY Lajos: Két fogoly,USA,Yugoslavia
FEJES Endre: Rozsdatemető,USA,Yugoslavia
ZILAHY Lajos: A bibor évszázad,USA,Yugoslavia
KARDOS G. György: Avraham Bogatir hét napja,USA,Yugoslavia
FÜST Milán: A feleségem története,USA,Yugoslavia
PASSUTH László: Esőisten siratja Mexikót,USA,Yugoslavia
DÉRY Tibor: Niki,USA,Yugoslavia
KARINTHY Ferenc: Bösendorfer,USA,Yugoslavia
KONRÁD György: A cinkos,USA,Yugoslavia
NÉMETH László: Iszony,USA,Yugoslavia
NAGY Sándor: Megbékélés,USSR-altaji,USSR-azerbajdzsán
NAGY Sándor: Megbékélés,USSR-altaji,USSR-csuvas
NAGY Sándor: Megbékélés,USSR-altaji,USSR-fehérorosz
NAGY Sándor: Megbékélés,USSR-altaji,USSR-finn
NAGY Sándor: Megbékélés,USSR-altaji,USSR-grúz
NAGY Sándor: Megbékélés,USSR-altaji,USSR-kazah
NAGY Sándor: Megbékélés,USSR-altaji,USSR-moldva
NAGY Sándor: Megbékélés,USSR-altaji,USSR-orosz
NAGY Sándor: Megbékélés,USSR-altaji,USSR-udmurt
NAGY Sándor: Megbékélés,USSR-azerbajdzsán,USSR-csuvas
NAGY Sándor: Megbékélés,USSR-azerbajdzsán,USSR-fehérorosz
NAGY Sándor: Megbékélés,USSR-azerbajdzsán,USSR-finn
NAGY Sándor: Megbékélés,USSR-azerbajdzsán,USSR-grúz
RADÓ Sándor: Dóra jelenti,USSR-azerbajdzsán,USSR-grúz
NAGY Sándor: Megbékélés,USSR-azerbajdzsán,USSR-kazah
RADÓ Sándor: Dóra jelenti,USSR-azerbajdzsán,USSR-kazah
RADÓ Sándor: Dóra jelenti,USSR-azerbajdzsán,USSR-lett
JÓKAI Mór: Sárga rózsa,USSR-azerbajdzsán,USSR-litván
RADÓ Sándor: Dóra jelenti,USSR-azerbajdzsán,USSR-litván
NAGY Sándor: Megbékélés,USSR-azerbajdzsán,USSR-moldva
RADÓ Sándor: Dóra jelenti,USSR-azerbajdzsán,USSR-moldva
NAGY Sándor: Megbékélés,USSR-azerbajdzsán,USSR-orosz
JÓKAI Mór: Sárga rózsa,USSR-azerbajdzsán,USSR-orosz
KARINTHY Frigyes: Tanár úr kérem,USSR-azerbajdzsán,USSR-orosz
MESTERHÁZI Lajos: A Prométheusz-rejtély,USSR-azerbajdzsán,USSR-orosz
CSÁK Gyula: Glemba,USSR-azerbajdzsán,USSR-orosz
JÓKAI Mór: Sárga rózsa,USSR-azerbajdzsán,USSR-tadzsik
RADÓ Sándor: Dóra jelenti,USSR-azerbajdzsán,USSR-tadzsik
JÓKAI Mór: Sárga rózsa,USSR-azerbajdzsán,USSR-türkmén
RADÓ Sándor: Dóra jelenti,USSR-azerbajdzsán,USSR-türkmén
NAGY Sándor: Megbékélés,USSR-azerbajdzsán,USSR-udmurt
JÓKAI Mór: Sárga rózsa,USSR-azerbajdzsán,USSR-ukrán
KARINTHY Frigyes: Tanár úr kérem,USSR-azerbajdzsán,USSR-ukrán
RADÓ Sándor: Dóra jelenti,USSR-azerbajdzsán,USSR-ukrán
MESTERHÁZI Lajos: A Prométheusz-rejtély,USSR-azerbajdzsán,USSR-ukrán
KARINTHY Frigyes: Tanár úr kérem,USSR-azerbajdzsán,USSR-észt
SZABÓ Magda: Katalin utca,USSR-azerbajdzsán,USSR-észt
RADÓ Sándor: Dóra jelenti,USSR-azerbajdzsán,USSR-örmény
SZABÓ Magda: Katalin utca,USSR-azerbajdzsán,Venezuela
KARINTHY Frigyes: Tanár úr kérem,USSR-azerbajdzsán,Yugoslavia
NAGY Sándor: Megbékélés,USSR-csuvas,USSR-fehérorosz
NAGY Sándor: Megbékélés,USSR-csuvas,USSR-finn
NAGY Sándor: Megbékélés,USSR-csuvas,USSR-grúz
NAGY Sándor: Megbékélés,USSR-csuvas,USSR-kazah
NAGY Sándor: Megbékélés,USSR-csuvas,USSR-moldva
NAGY Sándor: Megbékélés,USSR-csuvas,USSR-orosz
NAGY Sándor: Megbékélés,USSR-csuvas,USSR-udmurt
NAGY Sándor: Megbékélés,USSR-fehérorosz,USSR-finn
NAGY Sándor: Megbékélés,USSR-fehérorosz,USSR-grúz
FÖLDEÁK János: Apák lánya,USSR-fehérorosz,USSR-grúz
DÉRY Tibor: Kedves Bópeer...!,USSR-fehérorosz,USSR-grúz
NAGY Sándor: Megbékélés,USSR-fehérorosz,USSR-kazah
FÖLDEÁK János: Apák lánya,USSR-fehérorosz,USSR-lett
FÖLDEÁK János: Apák lánya,USSR-fehérorosz,USSR-litván
NAGY Sándor: Megbékélés,USSR-fehérorosz,USSR-moldva
DÉRY Tibor: Kedves Bópeer...!,USSR-fehérorosz,USSR-moldva
NAGY Sándor: Megbékélés,USSR-fehérorosz,USSR-orosz
FÖLDEÁK János: Apák lánya,USSR-fehérorosz,USSR-orosz
DÉRY Tibor: Kedves Bópeer...!,USSR-fehérorosz,USSR-orosz
FEHÉR Klára: Egyszer és soha többé,USSR-fehérorosz,USSR-orosz
NAGY Sándor: Megbékélés,USSR-fehérorosz,USSR-udmurt
DÉRY Tibor: Kedves Bópeer...!,USSR-fehérorosz,USSR-észt
PETROVÁCZ István: Szombatra péntek,USSR-fehérorosz,USSR-örmény
DÉRY Tibor: Kedves Bópeer...!,USSR-fehérorosz,Yugoslavia
NAGY Sándor: Megbékélés,USSR-finn,USSR-grúz
NAGY Sándor: Megbékélés,USSR-finn,USSR-kazah
NAGY Sándor: Megbékélés,USSR-finn,USSR-moldva
NAGY Sándor: Megbékélés,USSR-finn,USSR-orosz
NAGY Sándor: Megbékélés,USSR-finn,USSR-udmurt
NAGY Sándor: Megbékélés,USSR-grúz,USSR-kazah
MIKSZÁTH Kálmán: Szent Péter esernyője,USSR-grúz,USSR-kazah
RADÓ Sándor: Dóra jelenti,USSR-grúz,USSR-kazah
FEHÉR Klára: Lesz nekem egy szigetem,USSR-grúz,USSR-kirgiz
MOLNÁR Géza: Márta,USSR-grúz,USSR-lett
BERKESI András: Sellő a pecsétgyűrűn,USSR-grúz,USSR-lett
FÖLDEÁK János: Apák lánya,USSR-grúz,USSR-lett
MIKSZÁTH Kálmán: Szent Péter esernyője,USSR-grúz,USSR-lett
RADÓ Sándor: Dóra jelenti,USSR-grúz,USSR-lett
MOLNÁR Géza: Márta,USSR-grúz,USSR-litván
BERKESI András: Sellő a pecsétgyűrűn,USSR-grúz,USSR-litván
JÓKAI Mór: Az arany ember,USSR-grúz,USSR-litván
FÖLDEÁK János: Apák lánya,USSR-grúz,USSR-litván
MÓRA Ferenc: Kincskereső kisködmön,USSR-grúz,USSR-litván
RADÓ Sándor: Dóra jelenti,USSR-grúz,USSR-litván
MOLNÁR Ferenc: A Pál utcai fiúk,USSR-grúz,USSR-litván
FEHÉR Klára: Lesz nekem egy szigetem,USSR-grúz,USSR-litván
GÁBOR Andor: Doktor Senki,USSR-grúz,USSR-litván
JÓKAI Mór: Fekete gyémántok,USSR-grúz,USSR-litván
NAGY Sándor: Megbékélés,USSR-grúz,USSR-moldva
RADÓ Sándor: Dóra jelenti,USSR-grúz,USSR-moldva
MOLNÁR Ferenc: A Pál utcai fiúk,USSR-grúz,USSR-moldva
DÉRY Tibor: Kedves Bópeer...!,USSR-grúz,USSR-moldva
PETŐFI Sándor: János vitéz,USSR-grúz,USSR-orosz
MOLNÁR Géza: Márta,USSR-grúz,USSR-orosz
NAGY Sándor: Megbékélés,USSR-grúz,USSR-orosz
HELTAI Jenő: Jaguár,USSR-grúz,USSR-orosz
BERKESI András: Sellő a pecsétgyűrűn,USSR-grúz,USSR-orosz
JÓKAI Mór: Az arany ember,USSR-grúz,USSR-orosz
MADÁCH Imre: Az ember tragédiája,USSR-grúz,USSR-orosz
FÖLDEÁK János: Apák lánya,USSR-grúz,USSR-orosz
MÓRA Ferenc: Kincskereső kisködmön,USSR-grúz,USSR-orosz
MIKSZÁTH Kálmán: Szent Péter esernyője,USSR-grúz,USSR-orosz
MOLNÁR Ferenc: A Pál utcai fiúk,USSR-grúz,USSR-orosz
DÉRY Tibor: Kedves Bópeer...!,USSR-grúz,USSR-orosz
MIKSZÁTH Kálmán: Beszterce ostroma,USSR-grúz,USSR-orosz
GÁBOR Andor: Doktor Senki,USSR-grúz,USSR-orosz
JÓKAI Mór: Fekete gyémántok,USSR-grúz,USSR-orosz
FEHÉR Klára: A tenger,USSR-grúz,USSR-orosz
SARKADI Imre: A gyáva,USSR-grúz,USSR-tadzsik
RADÓ Sándor: Dóra jelenti,USSR-grúz,USSR-tadzsik
RADÓ Sándor: Dóra jelenti,USSR-grúz,USSR-türkmén
NAGY Sándor: Megbékélés,USSR-grúz,USSR-udmurt
PETŐFI Sándor: János vitéz,USSR-grúz,USSR-ukrán
MADÁCH Imre: Az ember tragédiája,USSR-grúz,USSR-ukrán
MIKSZÁTH Kálmán: Szent Péter esernyője,USSR-grúz,USSR-ukrán
RADÓ Sándor: Dóra jelenti,USSR-grúz,USSR-ukrán
MOLNÁR Ferenc: A Pál utcai fiúk,USSR-grúz,USSR-ukrán
BERKESI András: A 13. ügynök,USSR-grúz,USSR-ukrán
MOLNÁR Géza: Márta,USSR-grúz,USSR-észt
JÓKAI Mór: Az arany ember,USSR-grúz,USSR-észt
MÓRA Ferenc: Kincskereső kisködmön,USSR-grúz,USSR-észt
SARKADI Imre: A gyáva,USSR-grúz,USSR-észt
MIKSZÁTH Kálmán: Szent Péter esernyője,USSR-grúz,USSR-észt
MOLNÁR Ferenc: A Pál utcai fiúk,USSR-grúz,USSR-észt
DÉRY Tibor: Kedves Bópeer...!,USSR-grúz,USSR-észt
MOLNÁR Géza: Márta,USSR-grúz,USSR-örmény
BERKESI András: Sellő a pecsétgyűrűn,USSR-grúz,USSR-örmény
JÓKAI Mór: Az arany ember,USSR-grúz,USSR-örmény
MÓRA Ferenc: Kincskereső kisködmön,USSR-grúz,USSR-örmény
RADÓ Sándor: Dóra jelenti,USSR-grúz,USSR-örmény
MOLNÁR Ferenc: A Pál utcai fiúk,USSR-grúz,USSR-örmény
PETŐFI Sándor: János vitéz,USSR-grúz,USSR-üzbég
MÓRA Ferenc: Kincskereső kisködmön,USSR-grúz,USSR-üzbég
BERKESI András: A 13. ügynök,USSR-grúz,USSR-üzbég
JÓKAI Mór: Az arany ember,USSR-grúz,Yugoslavia
MIKSZÁTH Kálmán: Szent Péter esernyője,USSR-grúz,Yugoslavia
MOLNÁR Ferenc: A Pál utcai fiúk,USSR-grúz,Yugoslavia
DÉRY Tibor: Kedves Bópeer...!,USSR-grúz,Yugoslavia
ÖRKÉNY István: Rózsakiállítás,USSR-grúz,Yugoslavia
MIKSZÁTH Kálmán: Beszterce ostroma,USSR-grúz,Yugoslavia
JÓKAI Mór: Fekete gyémántok,USSR-grúz,Yugoslavia
TATAY Sándor: Puskák és galambok,USSR-kazah,USSR-kirgiz
MIKSZÁTH Kálmán: Különös házasság,USSR-kazah,USSR-lett
RADÓ Sándor: Dóra jelenti,USSR-kazah,USSR-lett
MIKSZÁTH Kálmán: Szent Péter esernyője,USSR-kazah,USSR-lett
MIKSZÁTH Kálmán: Különös házasság,USSR-kazah,USSR-litván
RADÓ Sándor: Dóra jelenti,USSR-kazah,USSR-litván
TATAY Sándor: Puskák és galambok,USSR-kazah,USSR-litván
NAGY Sándor: Megbékélés,USSR-kazah,USSR-moldva
RADÓ Sándor: Dóra jelenti,USSR-kazah,USSR-moldva
ACZÉL Tamás: A szabadság árnyékában,USSR-kazah,USSR-orosz
MIKSZÁTH Kálmán: Különös házasság,USSR-kazah,USSR-orosz
NAGY Sándor: Megbékélés,USSR-kazah,USSR-orosz
HIDAS Antal: Márton és barátai,USSR-kazah,USSR-orosz
TATAY Sándor: Puskák és galambok,USSR-kazah,USSR-orosz
VERES Péter: Rossz asszony,USSR-kazah,USSR-orosz
MIKSZÁTH Kálmán: Szent Péter esernyője,USSR-kazah,USSR-orosz
RADÓ Sándor: Dóra jelenti,USSR-kazah,USSR-tadzsik
RADÓ Sándor: Dóra jelenti,USSR-kazah,USSR-türkmén
NAGY Sándor: Megbékélés,USSR-kazah,USSR-udmurt
ACZÉL Tamás: A szabadság árnyékában,USSR-kazah,USSR-ukrán
MIKSZÁTH Kálmán: Különös házasság,USSR-kazah,USSR-ukrán
RADÓ Sándor: Dóra jelenti,USSR-kazah,USSR-ukrán
TATAY Sándor: Puskák és galambok,USSR-kazah,USSR-ukrán
MIKSZÁTH Kálmán: Szent Péter esernyője,USSR-kazah,USSR-ukrán
TATAY Sándor: Puskák és galambok,USSR-kazah,USSR-észt
MIKSZÁTH Kálmán: Szent Péter esernyője,USSR-kazah,USSR-észt
RADÓ Sándor: Dóra jelenti,USSR-kazah,USSR-örmény
TATAY Sándor: Puskák és galambok,USSR-kazah,USSR-örmény
MIKSZÁTH Kálmán: Különös házasság,USSR-kazah,USSR-üzbég
MIKSZÁTH Kálmán: Különös házasság,USSR-kazah,Yugoslavia
MIKSZÁTH Kálmán: Szent Péter esernyője,USSR-kazah,Yugoslavia
TATAY Sándor: Puskák és galambok,USSR-kirgiz,USSR-litván
FEHÉR Klára: Lesz nekem egy szigetem,USSR-kirgiz,USSR-litván
TATAY Sándor: Puskák és galambok,USSR-kirgiz,USSR-orosz
TATAY Sándor: Puskák és galambok,USSR-kirgiz,USSR-ukrán
TATAY Sándor: Puskák és galambok,USSR-kirgiz,USSR-észt
ÖRKÉNY István: Tóték,USSR-kirgiz,USSR-észt
TATAY Sándor: Puskák és galambok,USSR-kirgiz,USSR-örmény
MIKSZÁTH Kálmán: Különös házasság,USSR-lett,USSR-litván
MOLNÁR Géza: Márta,USSR-lett,USSR-litván
SZABÓ Magda: Mondják meg Zsófikának,USSR-lett,USSR-litván
ILLÉS Béla: Kárpáti rapszódia,USSR-lett,USSR-litván
JÓKAI Mór: A kőszívű ember fiai,USSR-lett,USSR-litván
NÉMETH László: Gyász,USSR-lett,USSR-litván
RADÓ Sándor: Dóra jelenti,USSR-lett,USSR-litván
BERKESI András: Sellő a pecsétgyűrűn,USSR-lett,USSR-litván
FEJES Endre: Rozsdatemető,USSR-lett,USSR-litván
FÖLDEÁK János: Apák lánya,USSR-lett,USSR-litván
GERGELY Márta: Szöszi,USSR-lett,USSR-moldva
RADÓ Sándor: Dóra jelenti,USSR-lett,USSR-moldva
ACZÉL Tamás: Vihar és napsütés,USSR-lett,USSR-orosz
MIKSZÁTH Kálmán: Különös házasság,USSR-lett,USSR-orosz
MOLNÁR Géza: Márta,USSR-lett,USSR-orosz
SZABÓ Magda: Mondják meg Zsófikának,USSR-lett,USSR-orosz
GERGELY Márta: Szöszi,USSR-lett,USSR-orosz
THURY Zsuzsa: A francia kislány,USSR-lett,USSR-orosz
FEKETE Gyula: Az orvos halála,USSR-lett,USSR-orosz
ILLÉS Béla: Kárpáti rapszódia,USSR-lett,USSR-orosz
SOMOGYI TÓTH Sándor: Gyerektükör,USSR-lett,USSR-orosz
JÓKAI Mór: A kőszívű ember fiai,USSR-lett,USSR-orosz
NÉMETH László: Gyász,USSR-lett,USSR-orosz
ZÁGONI Ferenc: Kitérő,USSR-lett,USSR-orosz
BERKESI András: Sellő a pecsétgyűrűn,USSR-lett,USSR-orosz
FEKETE István: Tüskevár,USSR-lett,USSR-orosz
FEJES Endre: Rozsdatemető,USSR-lett,USSR-orosz
ILLYÉS Gyula: Petőfi,USSR-lett,USSR-orosz
ZALKA Máté: Doberdo,USSR-lett,USSR-orosz
FÖLDEÁK János: Apák lánya,USSR-lett,USSR-orosz
MIKSZÁTH Kálmán: Szent Péter esernyője,USSR-lett,USSR-orosz
RADÓ Sándor: Dóra jelenti,USSR-lett,USSR-tadzsik
RADÓ Sándor: Dóra jelenti,USSR-lett,USSR-türkmén
ACZÉL Tamás: Vihar és napsütés,USSR-lett,USSR-ukrán
MIKSZÁTH Kálmán: Különös házasság,USSR-lett,USSR-ukrán
ILLÉS Béla: Kárpáti rapszódia,USSR-lett,USSR-ukrán
SOMOGYI TÓTH Sándor: Gyerektükör,USSR-lett,USSR-ukrán
JÓKAI Mór: A kőszívű ember fiai,USSR-lett,USSR-ukrán
RADÓ Sándor: Dóra jelenti,USSR-lett,USSR-ukrán
ZALKA Máté: Doberdo,USSR-lett,USSR-ukrán
MIKSZÁTH Kálmán: Szent Péter esernyője,USSR-lett,USSR-ukrán
MOLNÁR Géza: Márta,USSR-lett,USSR-észt
FEJES Endre: Rozsdatemető,USSR-lett,USSR-észt
MIKSZÁTH Kálmán: Szent Péter esernyője,USSR-lett,USSR-észt
MOLNÁR Géza: Márta,USSR-lett,USSR-örmény
GERGELY Márta: Szöszi,USSR-lett,USSR-örmény
SOMOGYI TÓTH Sándor: Gyerektükör,USSR-lett,USSR-örmény
RADÓ Sándor: Dóra jelenti,USSR-lett,USSR-örmény
BERKESI András: Sellő a pecsétgyűrűn,USSR-lett,USSR-örmény
MIKSZÁTH Kálmán: Különös házasság,USSR-lett,USSR-üzbég
ILLÉS Béla: Kárpáti rapszódia,USSR-lett,USSR-üzbég
NÉMETH László: Gyász,USSR-lett,USSR-üzbég
MIKSZÁTH Kálmán: Különös házasság,USSR-lett,Yugoslavia
ILLÉS Béla: Kárpáti rapszódia,USSR-lett,Yugoslavia
NÉMETH László: Gyász,USSR-lett,Yugoslavia
FEJES Endre: Rozsdatemető,USSR-lett,Yugoslavia
ILLYÉS Gyula: Petőfi,USSR-lett,Yugoslavia
MIKSZÁTH Kálmán: Szent Péter esernyője,USSR-lett,Yugoslavia
MOLNÁR Ferenc: A Pál utcai fiúk,USSR-litván,USSR-moldva
RADÓ Sándor: Dóra jelenti,USSR-litván,USSR-moldva
MÓRICZ Zsigmond: Rokonok,USSR-litván,USSR-orosz
ILLÉS Béla: Kárpáti rapszódia,USSR-litván,USSR-orosz
JÓKAI Mór: Fekete gyémántok,USSR-litván,USSR-orosz
JÓKAI Mór: Sárga rózsa,USSR-litván,USSR-orosz
GÁRDONYI Géza: Egri csillagok,USSR-litván,USSR-orosz
KŐSZEGI Imre: Szívet cserélni,USSR-litván,USSR-orosz
MOLNÁR Ferenc: A Pál utcai fiúk,USSR-litván,USSR-orosz
MOLNÁR Géza: Márta,USSR-litván,USSR-orosz
SZABÓ Magda: Álarcosbál,USSR-litván,USSR-orosz
SZABÓ Magda: Mondják meg Zsófikának,USSR-litván,USSR-orosz
TATAY Sándor: Puskák és galambok,USSR-litván,USSR-orosz
JÓKAI Mór: A kőszívű ember fiai,USSR-litván,USSR-orosz
JÓKAI Mór: Az arany ember,USSR-litván,USSR-orosz
MÓRA Ferenc: Kincskereső kisködmön,USSR-litván,USSR-orosz
GÁL György Sándor: Liszt Ferenc életének regénye,USSR-litván,USSR-orosz
GÁBOR Andor: Doktor Senki,USSR-litván,USSR-orosz
MIKSZÁTH Kálmán: Különös házasság,USSR-litván,USSR-orosz
FEJES Endre: Rozsdatemető,USSR-litván,USSR-orosz
JÓKAI Mór: Egy magyar nábob,USSR-litván,USSR-orosz
BERKESI András: Sellő a pecsétgyűrűn,USSR-litván,USSR-orosz
FÖLDEÁK János: Apák lánya,USSR-litván,USSR-orosz
HOLLÓS KORVIN Lajos: A vörös torony kincse,USSR-litván,USSR-orosz
NÉMETH László: Gyász,USSR-litván,USSR-orosz
JÓKAI Mór: Sárga rózsa,USSR-litván,USSR-tadzsik
RADÓ Sándor: Dóra jelenti,USSR-litván,USSR-tadzsik
JÓKAI Mór: Sárga rózsa,USSR-litván,USSR-türkmén
RADÓ Sándor: Dóra jelenti,USSR-litván,USSR-türkmén
ILLÉS Béla: Kárpáti rapszódia,USSR-litván,USSR-ukrán
JÓKAI Mór: Sárga rózsa,USSR-litván,USSR-ukrán
GÁRDONYI Géza: Egri csillagok,USSR-litván,USSR-ukrán
KŐSZEGI Imre: Szívet cserélni,USSR-litván,USSR-ukrán
MOLNÁR Ferenc: A Pál utcai fiúk,USSR-litván,USSR-ukrán
TATAY Sándor: Puskák és galambok,USSR-litván,USSR-ukrán
JÓKAI Mór: A kőszívű ember fiai,USSR-litván,USSR-ukrán
RADÓ Sándor: Dóra jelenti,USSR-litván,USSR-ukrán
MIKSZÁTH Kálmán: Különös házasság,USSR-litván,USSR-ukrán
GÁRDONYI Géza: Egri csillagok,USSR-litván,USSR-észt
KŐSZEGI Imre: Szívet cserélni,USSR-litván,USSR-észt
MOLNÁR Ferenc: A Pál utcai fiúk,USSR-litván,USSR-észt
MOLNÁR Géza: Márta,USSR-litván,USSR-észt
TATAY Sándor: Puskák és galambok,USSR-litván,USSR-észt
JÓKAI Mór: Az arany ember,USSR-litván,USSR-észt
MÓRA Ferenc: Kincskereső kisködmön,USSR-litván,USSR-észt
FEJES Endre: Rozsdatemető,USSR-litván,USSR-észt
MOLNÁR Ferenc: A Pál utcai fiúk,USSR-litván,USSR-örmény
MOLNÁR Géza: Márta,USSR-litván,USSR-örmény
TATAY Sándor: Puskák és galambok,USSR-litván,USSR-örmény
JÓKAI Mór: Az arany ember,USSR-litván,USSR-örmény
RADÓ Sándor: Dóra jelenti,USSR-litván,USSR-örmény
MÓRA Ferenc: Kincskereső kisködmön,USSR-litván,USSR-örmény
BERKESI András: Sellő a pecsétgyűrűn,USSR-litván,USSR-örmény
ILLÉS Béla: Kárpáti rapszódia,USSR-litván,USSR-üzbég
MÓRA Ferenc: Kincskereső kisködmön,USSR-litván,USSR-üzbég
MIKSZÁTH Kálmán: Különös házasság,USSR-litván,USSR-üzbég
NÉMETH László: Gyász,USSR-litván,USSR-üzbég
MÓRICZ Zsigmond: Rokonok,USSR-litván,Vietnam
GÁRDONYI Géza: Egri csillagok,USSR-litván,Vietnam
ILLÉS Béla: Kárpáti rapszódia,USSR-litván,Yugoslavia
JÓKAI Mór: Fekete gyémántok,USSR-litván,Yugoslavia
GÁRDONYI Géza: Egri csillagok,USSR-litván,Yugoslavia
MOLNÁR Ferenc: A Pál utcai fiúk,USSR-litván,Yugoslavia
SZABÓ Magda: Álarcosbál,USSR-litván,Yugoslavia
JÓKAI Mór: Az arany ember,USSR-litván,Yugoslavia
MIKSZÁTH Kálmán: Különös házasság,USSR-litván,Yugoslavia
FÜST Milán: A feleségem története,USSR-litván,Yugoslavia
FEJES Endre: Rozsdatemető,USSR-litván,Yugoslavia
JÓKAI Mór: Egy magyar nábob,USSR-litván,Yugoslavia
NÉMETH László: Gyász,USSR-litván,Yugoslavia
MOLNÁR Ferenc: A Pál utcai fiúk,USSR-moldva,USSR-orosz
NAGY Sándor: Megbékélés,USSR-moldva,USSR-orosz
GERGELY Márta: Szöszi,USSR-moldva,USSR-orosz
DÉRY Tibor: Kedves Bópeer...!,USSR-moldva,USSR-orosz
SZABÓ Magda: Születésnap,USSR-moldva,USSR-orosz
RADÓ Sándor: Dóra jelenti,USSR-moldva,USSR-tadzsik
RADÓ Sándor: Dóra jelenti,USSR-moldva,USSR-türkmén
SÁNTA Ferenc: Az ötödik pecsét,USSR-moldva,USSR-türkmén
NAGY Sándor: Megbékélés,USSR-moldva,USSR-udmurt
MOLNÁR Ferenc: A Pál utcai fiúk,USSR-moldva,USSR-ukrán
RADÓ Sándor: Dóra jelenti,USSR-moldva,USSR-ukrán
SZABÓ Magda: Születésnap,USSR-moldva,USSR-ukrán
MOLNÁR Ferenc: A Pál utcai fiúk,USSR-moldva,USSR-észt
DÉRY Tibor: Kedves Bópeer...!,USSR-moldva,USSR-észt
MOLNÁR Ferenc: A Pál utcai fiúk,USSR-moldva,USSR-örmény
GERGELY Márta: Szöszi,USSR-moldva,USSR-örmény
RADÓ Sándor: Dóra jelenti,USSR-moldva,USSR-örmény
SÁNTA Ferenc: Az ötödik pecsét,USSR-moldva,USSR-örmény
MOLNÁR Ferenc: A Pál utcai fiúk,USSR-moldva,Yugoslavia
DÉRY Tibor: Kedves Bópeer...!,USSR-moldva,Yugoslavia
SZABÓ Magda: Születésnap,USSR-moldva,Yugoslavia
JÓKAI Mór: Sárga rózsa,USSR-orosz,USSR-tadzsik
JÓKAI Mór: Sárga rózsa,USSR-orosz,USSR-türkmén
NAGY Sándor: Megbékélés,USSR-orosz,USSR-udmurt
ACZÉL Tamás: A szabadság árnyékában,USSR-orosz,USSR-ukrán
ACZÉL Tamás: Vihar és napsütés,USSR-orosz,USSR-ukrán
GÁRDONYI Géza: Egri csillagok,USSR-orosz,USSR-ukrán
HIDAS Antal: Ficzek úr,USSR-orosz,USSR-ukrán
JÓKAI Mór: Sárga rózsa,USSR-orosz,USSR-ukrán
KARINTHY Ferenc: Kőművesek,USSR-orosz,USSR-ukrán
MIKSZÁTH Kálmán: Különös házasság,USSR-orosz,USSR-ukrán
PETŐFI Sándor: János vitéz,USSR-orosz,USSR-ukrán
ILLÉS Béla: Kárpáti rapszódia,USSR-orosz,USSR-ukrán
MOLNÁR Ferenc: A Pál utcai fiúk,USSR-orosz,USSR-ukrán
JÓKAI Mór: A kőszívű ember fiai,USSR-orosz,USSR-ukrán
BERKESI András: Októberi vihar,USSR-orosz,USSR-ukrán
BERKESI András: Vihar után,USSR-orosz,USSR-ukrán
KARINTHY Frigyes: Tanár úr kérem,USSR-orosz,USSR-ukrán
KŐSZEGI Imre: Szívet cserélni,USSR-orosz,USSR-ukrán
TATAY Sándor: Puskák és galambok,USSR-orosz,USSR-ukrán
BERKESI András−KARDOS György: Kopjások,USSR-orosz,USSR-ukrán
MADÁCH Imre: Az ember tragédiája,USSR-orosz,USSR-ukrán
SÁNTA Ferenc: Húsz óra,USSR-orosz,USSR-ukrán
DARVAS József: Részeg eső,USSR-orosz,USSR-ukrán
SZABÓ Magda: Születésnap,USSR-orosz,USSR-ukrán
HÁRS László: Majd a gyerekek!,USSR-orosz,USSR-ukrán
BALLA László: Meddőfelhők. Regény,USSR-orosz,USSR-ukrán
BERTHA Bulcsu: A kenguru,USSR-orosz,USSR-ukrán
SZABÓ Magda: Régimódi történet,USSR-orosz,USSR-ukrán
DOBOZY Imre: Hatalom nélkül,USSR-orosz,USSR-ukrán
SOMOGYI TÓTH Sándor: Gyerektükör,USSR-orosz,USSR-ukrán
MESTERHÁZI Lajos: A Prométheusz-rejtély,USSR-orosz,USSR-ukrán
"PETROVÁCZ István: 13 fő, egy kutya és egy igazgató",USSR-orosz,USSR-ukrán
ZALKA Máté: Doberdo,USSR-orosz,USSR-ukrán
MIKSZÁTH Kálmán: Szent Péter esernyője,USSR-orosz,USSR-ukrán
GÁRDONYI Géza: Egri csillagok,USSR-orosz,USSR-észt
MOLNÁR Ferenc: A Pál utcai fiúk,USSR-orosz,USSR-észt
MESTERHÁZI Lajos: Pár lépés a határ,USSR-orosz,USSR-észt
MOLNÁR Géza: Márta,USSR-orosz,USSR-észt
KARINTHY Frigyes: Tanár úr kérem,USSR-orosz,USSR-észt
KŐSZEGI Imre: Szívet cserélni,USSR-orosz,USSR-észt
TATAY Sándor: Puskák és galambok,USSR-orosz,USSR-észt
JÓKAI Mór: Az arany ember,USSR-orosz,USSR-észt
MÓRA Ferenc: Kincskereső kisködmön,USSR-orosz,USSR-észt
ÖRKÉNY István: Macskajáték,USSR-orosz,USSR-észt
FEJES Endre: Rozsdatemető,USSR-orosz,USSR-észt
DÉRY Tibor: Kedves Bópeer...!,USSR-orosz,USSR-észt
MIKSZÁTH Kálmán: Szent Péter esernyője,USSR-orosz,USSR-észt
MOLNÁR Ferenc: A Pál utcai fiúk,USSR-orosz,USSR-örmény
GERGELY Márta: Szöszi,USSR-orosz,USSR-örmény
MOLNÁR Géza: Márta,USSR-orosz,USSR-örmény
TATAY Sándor: Puskák és galambok,USSR-orosz,USSR-örmény
MÓRICZ Zsigmond: Forró mezők,USSR-orosz,USSR-örmény
JÓKAI Mór: Az arany ember,USSR-orosz,USSR-örmény
BERKESI András: Sellő a pecsétgyűrűn,USSR-orosz,USSR-örmény
HÁRS László: Majd a gyerekek!,USSR-orosz,USSR-örmény
MÓRA Ferenc: Kincskereső kisködmön,USSR-orosz,USSR-örmény
KOSZTOLÁNYI Dezső: A véres költő (Nero),USSR-orosz,USSR-örmény
SOMOGYI TÓTH Sándor: Gyerektükör,USSR-orosz,USSR-örmény
MIKSZÁTH Kálmán: Különös házasság,USSR-orosz,USSR-üzbég
PETŐFI Sándor: János vitéz,USSR-orosz,USSR-üzbég
ILLÉS Béla: Kárpáti rapszódia,USSR-orosz,USSR-üzbég
NÉMETH László: Gyász,USSR-orosz,USSR-üzbég
MÓRA Ferenc: Kincskereső kisködmön,USSR-orosz,USSR-üzbég
GÁRDONYI Géza: Egri csillagok,USSR-orosz,Vietnam
MÓRICZ Zsigmond: Rokonok,USSR-orosz,Vietnam
KOSZTOLÁNYI Dezső: A véres költő (Nero),USSR-orosz,Vietnam
GÁRDONYI Géza: Egri csillagok,USSR-orosz,Yugoslavia
MIKSZÁTH Kálmán: Különös házasság,USSR-orosz,Yugoslavia
ILLÉS Béla: Kárpáti rapszódia,USSR-orosz,Yugoslavia
MIKSZÁTH Kálmán: Beszterce ostroma,USSR-orosz,Yugoslavia
MOLNÁR Ferenc: A Pál utcai fiúk,USSR-orosz,Yugoslavia
MÓRICZ Zsigmond: Légy jó mindhalálig,USSR-orosz,Yugoslavia
MÓRICZ Zsigmond: Úri muri,USSR-orosz,Yugoslavia
KARINTHY Frigyes: Tanár úr kérem,USSR-orosz,Yugoslavia
SZABÓ Magda: Álarcosbál,USSR-orosz,Yugoslavia
JÓKAI Mór: Az arany ember,USSR-orosz,Yugoslavia
DARVAS József: Részeg eső,USSR-orosz,Yugoslavia
JÓKAI Mór: Fekete gyémántok,USSR-orosz,Yugoslavia
NÉMETH László: Gyász,USSR-orosz,Yugoslavia
ILLYÉS Gyula: Petőfi,USSR-orosz,Yugoslavia
SZABÓ Magda: Születésnap,USSR-orosz,Yugoslavia
NÉMETH László: Égető Eszter,USSR-orosz,Yugoslavia
JÓKAI Mór: Egy magyar nábob,USSR-orosz,Yugoslavia
SZABÓ Magda: Régimódi történet,USSR-orosz,Yugoslavia
FEJES Endre: Rozsdatemető,USSR-orosz,Yugoslavia
DÉRY Tibor: Kedves Bópeer...!,USSR-orosz,Yugoslavia
OTTLIK Géza: Iskola a határon,USSR-orosz,Yugoslavia
ÖRKÉNY István: Egyperces novellák,USSR-orosz,Yugoslavia
CSERES Tibor: Hideg napok,USSR-orosz,Yugoslavia
MIKSZÁTH Kálmán: Szent Péter esernyője,USSR-orosz,Yugoslavia
JÓKAI Mór: Sárga rózsa,USSR-tadzsik,USSR-türkmén
RADÓ Sándor: Dóra jelenti,USSR-tadzsik,USSR-türkmén
JÓKAI Mór: Sárga rózsa,USSR-tadzsik,USSR-ukrán
RADÓ Sándor: Dóra jelenti,USSR-tadzsik,USSR-ukrán
SARKADI Imre: A gyáva,USSR-tadzsik,USSR-észt
RADÓ Sándor: Dóra jelenti,USSR-tadzsik,USSR-örmény
JÓKAI Mór: Sárga rózsa,USSR-türkmén,USSR-ukrán
RADÓ Sándor: Dóra jelenti,USSR-türkmén,USSR-ukrán
RADÓ Sándor: Dóra jelenti,USSR-türkmén,USSR-örmény
SÁNTA Ferenc: Az ötödik pecsét,USSR-türkmén,USSR-örmény
KARINTHY Ferenc: Budapesti tavasz,USSR-türkmén,Yugoslavia
TATAY Sándor: Puskák és galambok,USSR-ukrán,USSR-észt
KŐSZEGI Imre: Szívet cserélni,USSR-ukrán,USSR-észt
MOLNÁR Ferenc: A Pál utcai fiúk,USSR-ukrán,USSR-észt
KARINTHY Frigyes: Tanár úr kérem,USSR-ukrán,USSR-észt
MIKSZÁTH Kálmán: Szent Péter esernyője,USSR-ukrán,USSR-észt
GÁRDONYI Géza: Egri csillagok,USSR-ukrán,USSR-észt
TATAY Sándor: Puskák és galambok,USSR-ukrán,USSR-örmény
MOLNÁR Ferenc: A Pál utcai fiúk,USSR-ukrán,USSR-örmény
RADÓ Sándor: Dóra jelenti,USSR-ukrán,USSR-örmény
SOMOGYI TÓTH Sándor: Gyerektükör,USSR-ukrán,USSR-örmény
HÁRS László: Majd a gyerekek!,USSR-ukrán,USSR-örmény
MIKSZÁTH Kálmán: Különös házasság,USSR-ukrán,USSR-üzbég
ILLÉS Béla: Kárpáti rapszódia,USSR-ukrán,USSR-üzbég
PETŐFI Sándor: János vitéz,USSR-ukrán,USSR-üzbég
BERKESI András: A 13. ügynök,USSR-ukrán,USSR-üzbég
GÁRDONYI Géza: Egri csillagok,USSR-ukrán,Vietnam
MIKSZÁTH Kálmán: Különös házasság,USSR-ukrán,Yugoslavia
ILLYÉS Gyula: Puszták népe,USSR-ukrán,Yugoslavia
MOLNÁR Ferenc: A Pál utcai fiúk,USSR-ukrán,Yugoslavia
SZABÓ Magda: Születésnap,USSR-ukrán,Yugoslavia
ILLÉS Béla: Kárpáti rapszódia,USSR-ukrán,Yugoslavia
KARINTHY Frigyes: Tanár úr kérem,USSR-ukrán,Yugoslavia
SZABÓ Magda: Freskó,USSR-ukrán,Yugoslavia
MIKSZÁTH Kálmán: Szent Péter esernyője,USSR-ukrán,Yugoslavia
SZABÓ Magda: Régimódi történet,USSR-ukrán,Yugoslavia
GÁRDONYI Géza: Egri csillagok,USSR-ukrán,Yugoslavia
NÉMETH László: Bűn,USSR-ukrán,Yugoslavia
DARVAS József: Részeg eső,USSR-ukrán,Yugoslavia
MOLNÁR Ferenc: A Pál utcai fiúk,USSR-észt,USSR-örmény
MOLNÁR Géza: Márta,USSR-észt,USSR-örmény
TATAY Sándor: Puskák és galambok,USSR-észt,USSR-örmény
MÓRA Ferenc: Kincskereső kisködmön,USSR-észt,USSR-örmény
JÓKAI Mór: Az arany ember,USSR-észt,USSR-örmény
MÓRA Ferenc: Kincskereső kisködmön,USSR-észt,USSR-üzbég
Zalka Máté: János a katona*,USSR-észt,USSR-üzbég
SZABÓ Magda: Katalin utca,USSR-észt,Venezuela
GÁRDONYI Géza: Egri csillagok,USSR-észt,Vietnam
GÁRDONYI Géza: Egri csillagok,USSR-észt,Yugoslavia
KARINTHY Frigyes: Tanár úr kérem,USSR-észt,Yugoslavia
FEJES Endre: Rozsdatemető,USSR-észt,Yugoslavia
MOLNÁR Ferenc: A Pál utcai fiúk,USSR-észt,Yugoslavia
MIKSZÁTH Kálmán: Szent Péter esernyője,USSR-észt,Yugoslavia
"SOMOGYI TÓTH Sándor: Próféta voltál, szívem",USSR-észt,Yugoslavia
DÉRY Tibor: Kedves Bópeer...!,USSR-észt,Yugoslavia
GÁRDONYI Géza: A láthatatlan ember,USSR-észt,Yugoslavia
JÓKAI Mór: Az arany ember,USSR-észt,Yugoslavia
NÉMETH László: Iszony,USSR-észt,Yugoslavia
MÓRA Ferenc: Kincskereső kisködmön,USSR-örmény,USSR-üzbég
KOSZTOLÁNYI Dezső: A véres költő (Nero),USSR-örmény,Vietnam
MOLNÁR Ferenc: A Pál utcai fiúk,USSR-örmény,Yugoslavia
JÓKAI Mór: Az arany ember,USSR-örmény,Yugoslavia
ILLÉS Béla: Kárpáti rapszódia,USSR-üzbég,Yugoslavia
MIKSZÁTH Kálmán: Különös házasság,USSR-üzbég,Yugoslavia
NÉMETH László: Gyász,USSR-üzbég,Yugoslavia
GÁRDONYI Géza: Egri csillagok,Vietnam,Yugoslavia
