region1,region2,ratio,common,first
Albania,Albania,NA,NA,NA
Albania,Argentina,0,0,0
Argentina,Albania,0,0,0
Albania,Australia,0,0,0
Australia,Albania,0,0,0
Albania,Austria,0.25,1,1
Austria,Albania,0.014492753623188406,1,0
Albania,Belgium,0,0,0
Belgium,Albania,0,0,0
Albania,Brasil,0.25,1,0
Brasil,Albania,0.16666666666666666,1,1
Albania,Bulgaria,0.5,2,0.5
Bulgaria,Albania,0.018518518518518517,2,1.5
Albania,Canada,0,0,0
Canada,Albania,0,0,0
Albania,Chile,0,0,0
Chile,Albania,0,0,0
Albania,China,0,0,0
China,Albania,0,0,0
Albania,Colombia,0.25,1,0
Colombia,Albania,1,1,1
Albania,Cuba,0.25,1,1
Cuba,Albania,0.2,1,0
Albania,Czechoslovakia-cseh,0.75,3,0
Czechoslovakia-cseh,Albania,0.012605042016806723,3,3
Albania,Czechoslovakia-szlovák,1,4,0.5
Czechoslovakia-szlovák,Albania,0.013937282229965157,4,3.5
Albania,Denmark,0,0,0
Denmark,Albania,0,0,0
Albania,Egypt,0,0,0
Egypt,Albania,0,0,0
Albania,Federal Republic of Germany,0.75,3,0
Federal Republic of Germany,Albania,0.018292682926829267,3,3
Albania,Finland,0.5,2,0
Finland,Albania,0.045454545454545456,2,2
Albania,France,0.5,2,0
France,Albania,0.021505376344086023,2,2
Albania,GDR,0.75,3,1
GDR,Albania,0.01195219123505976,3,2
Albania,Greece,0,0,0
Greece,Albania,0,0,0
Albania,Hungary,0.75,3,1.5
Hungary,Albania,0.020689655172413793,3,1.5
Albania,India,0,0,0
India,Albania,0,0,0
Albania,Iran,0,0,0
Iran,Albania,0,0,0
Albania,Israel,0.25,1,0
Israel,Albania,0.03571428571428571,1,1
Albania,Italy,0.5,2,0
Italy,Albania,0.03333333333333333,2,2
Albania,Japan,0.25,1,1
Japan,Albania,0.058823529411764705,1,0
Albania,Malaysia,0,0,0
Malaysia,Albania,0,0,0
Albania,Mexico,0,0,0
Mexico,Albania,0,0,0
Albania,Mongolia,0,0,0
Mongolia,Albania,0,0,0
Albania,Netherlands,0.25,1,0
Netherlands,Albania,0.022727272727272728,1,1
Albania,Norway,0.25,1,0
Norway,Albania,0.05,1,1
Albania,Poland,0.5,2,0
Poland,Albania,0.008771929824561403,2,2
Albania,Portugal,0,0,0
Portugal,Albania,0,0,0
Albania,Romania,0.5,2,1
Romania,Albania,0.012578616352201259,2,1
Albania,Singapore,0,0,0
Singapore,Albania,0,0,0
Albania,South Korea,0,0,0
South Korea,Albania,0,0,0
Albania,Spain,0.5,2,0
Spain,Albania,0.029411764705882353,2,2
Albania,Sweden,0.5,2,1
Sweden,Albania,0.045454545454545456,2,1
Albania,Switzerland,0,0,0
Switzerland,Albania,0,0,0
Albania,Turkey,0.25,1,0
Turkey,Albania,0.03225806451612903,1,1
Albania,UK,0.25,1,0
UK,Albania,0.03125,1,1
Albania,USA,0.25,1,0
USA,Albania,0.02631578947368421,1,1
Albania,USSR-altaji,0,0,0
USSR-altaji,Albania,0,0,0
Albania,USSR-azerbajdzsán,0,0,0
USSR-azerbajdzsán,Albania,0,0,0
Albania,USSR-csuvas,0,0,0
USSR-csuvas,Albania,0,0,0
Albania,USSR-fehérorosz,0,0,0
USSR-fehérorosz,Albania,0,0,0
Albania,USSR-finn,0,0,0
USSR-finn,Albania,0,0,0
Albania,USSR-grúz,0.25,1,1
USSR-grúz,Albania,0.038461538461538464,1,0
Albania,USSR-kazah,0,0,0
USSR-kazah,Albania,0,0,0
Albania,USSR-kirgiz,0,0,0
USSR-kirgiz,Albania,0,0,0
Albania,USSR-lett,0,0,0
USSR-lett,Albania,0,0,0
Albania,USSR-litván,0.25,1,0
USSR-litván,Albania,0.027777777777777776,1,1
Albania,USSR-moldva,0.25,1,0
USSR-moldva,Albania,0.125,1,1
Albania,USSR-orosz,0.75,3,0
USSR-orosz,Albania,0.014492753623188406,3,3
Albania,USSR-tadzsik,0,0,0
USSR-tadzsik,Albania,0,0,0
Albania,USSR-türkmén,0,0,0
USSR-türkmén,Albania,0,0,0
Albania,USSR-udmurt,0,0,0
USSR-udmurt,Albania,0,0,0
Albania,USSR-ukrán,0.25,1,0
USSR-ukrán,Albania,0.017857142857142856,1,1
Albania,USSR-észt,0.75,3,2
USSR-észt,Albania,0.1,3,1
Albania,USSR-örmény,0.25,1,0
USSR-örmény,Albania,0.0625,1,1
Albania,USSR-üzbég,0,0,0
USSR-üzbég,Albania,0,0,0
Albania,Venezuela,0,0,0
Venezuela,Albania,0,0,0
Albania,Vietnam,0,0,0
Vietnam,Albania,0,0,0
Albania,Yugoslavia,0.5,2,0
Yugoslavia,Albania,0.015625,2,2
Argentina,Argentina,NA,NA,NA
Argentina,Australia,0,0,0
Australia,Argentina,0,0,0
Argentina,Austria,0,0,0
Austria,Argentina,0,0,0
Argentina,Belgium,0.14285714285714285,1,0
Belgium,Argentina,0.038461538461538464,1,1
Argentina,Brasil,0,0,0
Brasil,Argentina,0,0,0
Argentina,Bulgaria,0.14285714285714285,1,1
Bulgaria,Argentina,0.009259259259259259,1,0
Argentina,Canada,0,0,0
Canada,Argentina,0,0,0
Argentina,Chile,0,0,0
Chile,Argentina,0,0,0
Argentina,China,0.14285714285714285,1,1
China,Argentina,0.03571428571428571,1,0
Argentina,Colombia,0,0,0
Colombia,Argentina,0,0,0
Argentina,Cuba,0,0,0
Cuba,Argentina,0,0,0
Argentina,Czechoslovakia-cseh,0.2857142857142857,2,2
Czechoslovakia-cseh,Argentina,0.008403361344537815,2,0
Argentina,Czechoslovakia-szlovák,0,0,0
Czechoslovakia-szlovák,Argentina,0,0,0
Argentina,Denmark,0.14285714285714285,1,0
Denmark,Argentina,0.0625,1,1
Argentina,Egypt,0,0,0
Egypt,Argentina,0,0,0
Argentina,Federal Republic of Germany,0.14285714285714285,1,0
Federal Republic of Germany,Argentina,0.006097560975609756,1,1
Argentina,Finland,0.14285714285714285,1,0
Finland,Argentina,0.022727272727272728,1,1
Argentina,France,0.14285714285714285,1,0
France,Argentina,0.010752688172043012,1,1
Argentina,GDR,0.14285714285714285,1,1
GDR,Argentina,0.00398406374501992,1,0
Argentina,Greece,0,0,0
Greece,Argentina,0,0,0
Argentina,Hungary,0,0,0
Hungary,Argentina,0,0,0
Argentina,India,0,0,0
India,Argentina,0,0,0
Argentina,Iran,0,0,0
Iran,Argentina,0,0,0
Argentina,Israel,0.14285714285714285,1,1
Israel,Argentina,0.03571428571428571,1,0
Argentina,Italy,0.42857142857142855,3,2
Italy,Argentina,0.05,3,1
Argentina,Japan,0,0,0
Japan,Argentina,0,0,0
Argentina,Malaysia,0,0,0
Malaysia,Argentina,0,0,0
Argentina,Mexico,0.14285714285714285,1,1
Mexico,Argentina,0.5,1,0
Argentina,Mongolia,0,0,0
Mongolia,Argentina,0,0,0
Argentina,Netherlands,0.14285714285714285,1,1
Netherlands,Argentina,0.022727272727272728,1,0
Argentina,Norway,0.14285714285714285,1,1
Norway,Argentina,0.05,1,0
Argentina,Poland,0.14285714285714285,1,1
Poland,Argentina,0.0043859649122807015,1,0
Argentina,Portugal,0,0,0
Portugal,Argentina,0,0,0
Argentina,Romania,0,0,0
Romania,Argentina,0,0,0
Argentina,Singapore,0,0,0
Singapore,Argentina,0,0,0
Argentina,South Korea,0,0,0
South Korea,Argentina,0,0,0
Argentina,Spain,0,0,0
Spain,Argentina,0,0,0
Argentina,Sweden,0.14285714285714285,1,0
Sweden,Argentina,0.022727272727272728,1,1
Argentina,Switzerland,0,0,0
Switzerland,Argentina,0,0,0
Argentina,Turkey,0.14285714285714285,1,1
Turkey,Argentina,0.03225806451612903,1,0
Argentina,UK,0.42857142857142855,3,0
UK,Argentina,0.09375,3,3
Argentina,USA,0.14285714285714285,1,0
USA,Argentina,0.02631578947368421,1,1
Argentina,USSR-altaji,0,0,0
USSR-altaji,Argentina,0,0,0
Argentina,USSR-azerbajdzsán,0.14285714285714285,1,1
USSR-azerbajdzsán,Argentina,0.14285714285714285,1,0
Argentina,USSR-csuvas,0,0,0
USSR-csuvas,Argentina,0,0,0
Argentina,USSR-fehérorosz,0,0,0
USSR-fehérorosz,Argentina,0,0,0
Argentina,USSR-finn,0,0,0
USSR-finn,Argentina,0,0,0
Argentina,USSR-grúz,0,0,0
USSR-grúz,Argentina,0,0,0
Argentina,USSR-kazah,0,0,0
USSR-kazah,Argentina,0,0,0
Argentina,USSR-kirgiz,0,0,0
USSR-kirgiz,Argentina,0,0,0
Argentina,USSR-lett,0,0,0
USSR-lett,Argentina,0,0,0
Argentina,USSR-litván,0.14285714285714285,1,1
USSR-litván,Argentina,0.027777777777777776,1,0
Argentina,USSR-moldva,0,0,0
USSR-moldva,Argentina,0,0,0
Argentina,USSR-orosz,0.14285714285714285,1,1
USSR-orosz,Argentina,0.004830917874396135,1,0
Argentina,USSR-tadzsik,0.14285714285714285,1,1
USSR-tadzsik,Argentina,0.2,1,0
Argentina,USSR-türkmén,0.14285714285714285,1,1
USSR-türkmén,Argentina,0.25,1,0
Argentina,USSR-udmurt,0,0,0
USSR-udmurt,Argentina,0,0,0
Argentina,USSR-ukrán,0.14285714285714285,1,1
USSR-ukrán,Argentina,0.017857142857142856,1,0
Argentina,USSR-észt,0,0,0
USSR-észt,Argentina,0,0,0
Argentina,USSR-örmény,0,0,0
USSR-örmény,Argentina,0,0,0
Argentina,USSR-üzbég,0,0,0
USSR-üzbég,Argentina,0,0,0
Argentina,Venezuela,0,0,0
Venezuela,Argentina,0,0,0
Argentina,Vietnam,0,0,0
Vietnam,Argentina,0,0,0
Argentina,Yugoslavia,0.14285714285714285,1,1
Yugoslavia,Argentina,0.0078125,1,0
Australia,Australia,NA,NA,NA
Australia,Austria,0.2,1,1
Austria,Australia,0.014492753623188406,1,0
Australia,Belgium,0.2,1,1
Belgium,Australia,0.038461538461538464,1,0
Australia,Brasil,0.2,1,0.5
Brasil,Australia,0.16666666666666666,1,0.5
Australia,Bulgaria,0,0,0
Bulgaria,Australia,0,0,0
Australia,Canada,0,0,0
Canada,Australia,0,0,0
Australia,Chile,0,0,0
Chile,Australia,0,0,0
Australia,China,0,0,0
China,Australia,0,0,0
Australia,Colombia,0,0,0
Colombia,Australia,0,0,0
Australia,Cuba,0,0,0
Cuba,Australia,0,0,0
Australia,Czechoslovakia-cseh,0.2,1,1
Czechoslovakia-cseh,Australia,0.004201680672268907,1,0
Australia,Czechoslovakia-szlovák,0.2,1,0
Czechoslovakia-szlovák,Australia,0.003484320557491289,1,1
Australia,Denmark,0,0,0
Denmark,Australia,0,0,0
Australia,Egypt,0,0,0
Egypt,Australia,0,0,0
Australia,Federal Republic of Germany,0.2,1,0
Federal Republic of Germany,Australia,0.006097560975609756,1,1
Australia,Finland,0.2,1,1
Finland,Australia,0.022727272727272728,1,0
Australia,France,0.2,1,0
France,Australia,0.010752688172043012,1,1
Australia,GDR,0,0,0
GDR,Australia,0,0,0
Australia,Greece,0,0,0
Greece,Australia,0,0,0
Australia,Hungary,0.2,1,0
Hungary,Australia,0.006896551724137931,1,1
Australia,India,0,0,0
India,Australia,0,0,0
Australia,Iran,0,0,0
Iran,Australia,0,0,0
Australia,Israel,0.2,1,1
Israel,Australia,0.03571428571428571,1,0
Australia,Italy,0.2,1,1
Italy,Australia,0.016666666666666666,1,0
Australia,Japan,0.2,1,1
Japan,Australia,0.058823529411764705,1,0
Australia,Malaysia,0,0,0
Malaysia,Australia,0,0,0
Australia,Mexico,0,0,0
Mexico,Australia,0,0,0
Australia,Mongolia,0,0,0
Mongolia,Australia,0,0,0
Australia,Netherlands,0.2,1,1
Netherlands,Australia,0.022727272727272728,1,0
Australia,Norway,0.4,2,2
Norway,Australia,0.1,2,0
Australia,Poland,0.2,1,1
Poland,Australia,0.0043859649122807015,1,0
Australia,Portugal,0,0,0
Portugal,Australia,0,0,0
Australia,Romania,0.2,1,1
Romania,Australia,0.006289308176100629,1,0
Australia,Singapore,0,0,0
Singapore,Australia,0,0,0
Australia,South Korea,0,0,0
South Korea,Australia,0,0,0
Australia,Spain,0,0,0
Spain,Australia,0,0,0
Australia,Sweden,0.2,1,1
Sweden,Australia,0.022727272727272728,1,0
Australia,Switzerland,0,0,0
Switzerland,Australia,0,0,0
Australia,Turkey,0.4,2,1
Turkey,Australia,0.06451612903225806,2,1
Australia,UK,0,0,0
UK,Australia,0,0,0
Australia,USA,0.2,1,1
USA,Australia,0.02631578947368421,1,0
Australia,USSR-altaji,0,0,0
USSR-altaji,Australia,0,0,0
Australia,USSR-azerbajdzsán,0,0,0
USSR-azerbajdzsán,Australia,0,0,0
Australia,USSR-csuvas,0,0,0
USSR-csuvas,Australia,0,0,0
Australia,USSR-fehérorosz,0,0,0
USSR-fehérorosz,Australia,0,0,0
Australia,USSR-finn,0,0,0
USSR-finn,Australia,0,0,0
Australia,USSR-grúz,0.2,1,1
USSR-grúz,Australia,0.038461538461538464,1,0
Australia,USSR-kazah,0,0,0
USSR-kazah,Australia,0,0,0
Australia,USSR-kirgiz,0,0,0
USSR-kirgiz,Australia,0,0,0
Australia,USSR-lett,0,0,0
USSR-lett,Australia,0,0,0
Australia,USSR-litván,0,0,0
USSR-litván,Australia,0,0,0
Australia,USSR-moldva,0,0,0
USSR-moldva,Australia,0,0,0
Australia,USSR-orosz,0.2,1,1
USSR-orosz,Australia,0.004830917874396135,1,0
Australia,USSR-tadzsik,0,0,0
USSR-tadzsik,Australia,0,0,0
Australia,USSR-türkmén,0,0,0
USSR-türkmén,Australia,0,0,0
Australia,USSR-udmurt,0,0,0
USSR-udmurt,Australia,0,0,0
Australia,USSR-ukrán,0.2,1,1
USSR-ukrán,Australia,0.017857142857142856,1,0
Australia,USSR-észt,0,0,0
USSR-észt,Australia,0,0,0
Australia,USSR-örmény,0,0,0
USSR-örmény,Australia,0,0,0
Australia,USSR-üzbég,0,0,0
USSR-üzbég,Australia,0,0,0
Australia,Venezuela,0,0,0
Venezuela,Australia,0,0,0
Australia,Vietnam,0,0,0
Vietnam,Australia,0,0,0
Australia,Yugoslavia,0.2,1,1
Yugoslavia,Australia,0.0078125,1,0
Austria,Austria,NA,NA,NA
Austria,Belgium,0.11594202898550725,8,3.5
Belgium,Austria,0.3076923076923077,8,4.5
Austria,Brasil,0.043478260869565216,3,1
Brasil,Austria,0.5,3,2
Austria,Bulgaria,0.11594202898550725,8,3.5
Bulgaria,Austria,0.07407407407407407,8,4.5
Austria,Canada,0,0,0
Canada,Austria,0,0,0
Austria,Chile,0.014492753623188406,1,1
Chile,Austria,0.5,1,0
Austria,China,0.028985507246376812,2,2
China,Austria,0.07142857142857142,2,0
Austria,Colombia,0.014492753623188406,1,0
Colombia,Austria,1,1,1
Austria,Cuba,0,0,0
Cuba,Austria,0,0,0
Austria,Czechoslovakia-cseh,0.14492753623188406,10,8
Czechoslovakia-cseh,Austria,0.04201680672268908,10,2
Austria,Czechoslovakia-szlovák,0.11594202898550725,8,4.5
Czechoslovakia-szlovák,Austria,0.027874564459930314,8,3.5
Austria,Denmark,0.028985507246376812,2,2
Denmark,Austria,0.125,2,0
Austria,Egypt,0,0,0
Egypt,Austria,0,0,0
Austria,Federal Republic of Germany,0.30434782608695654,21,12
Federal Republic of Germany,Austria,0.12804878048780488,21,9
Austria,Finland,0.14492753623188406,10,4
Finland,Austria,0.22727272727272727,10,6
Austria,France,0.15942028985507245,11,3
France,Austria,0.11827956989247312,11,8
Austria,GDR,0.13043478260869565,9,7.5
GDR,Austria,0.035856573705179286,9,1.5
Austria,Greece,0.014492753623188406,1,1
Greece,Austria,0.25,1,0
Austria,Hungary,0.08695652173913043,6,4.5
Hungary,Austria,0.041379310344827586,6,1.5
Austria,India,0,0,0
India,Austria,0,0,0
Austria,Iran,0,0,0
Iran,Austria,0,0,0
Austria,Israel,0.043478260869565216,3,2
Israel,Austria,0.10714285714285714,3,1
Austria,Italy,0.10144927536231885,7,4.5
Italy,Austria,0.11666666666666667,7,2.5
Austria,Japan,0.028985507246376812,2,1
Japan,Austria,0.11764705882352941,2,1
Austria,Malaysia,0,0,0
Malaysia,Austria,0,0,0
Austria,Mexico,0.014492753623188406,1,1
Mexico,Austria,0.5,1,0
Austria,Mongolia,0,0,0
Mongolia,Austria,0,0,0
Austria,Netherlands,0.14492753623188406,10,6
Netherlands,Austria,0.22727272727272727,10,4
Austria,Norway,0.014492753623188406,1,0
Norway,Austria,0.05,1,1
Austria,Poland,0.17391304347826086,12,9
Poland,Austria,0.05263157894736842,12,3
Austria,Portugal,0,0,0
Portugal,Austria,0,0,0
Austria,Romania,0.11594202898550725,8,5.5
Romania,Austria,0.050314465408805034,8,2.5
Austria,Singapore,0,0,0
Singapore,Austria,0,0,0
Austria,South Korea,0,0,0
South Korea,Austria,0,0,0
Austria,Spain,0.2898550724637681,20,14
Spain,Austria,0.29411764705882354,20,6
Austria,Sweden,0.07246376811594203,5,3
Sweden,Austria,0.11363636363636363,5,2
Austria,Switzerland,0.07246376811594203,5,3
Switzerland,Austria,0.21739130434782608,5,2
Austria,Turkey,0.043478260869565216,3,2
Turkey,Austria,0.0967741935483871,3,1
Austria,UK,0.057971014492753624,4,2
UK,Austria,0.125,4,2
Austria,USA,0.043478260869565216,3,2
USA,Austria,0.07894736842105263,3,1
Austria,USSR-altaji,0,0,0
USSR-altaji,Austria,0,0,0
Austria,USSR-azerbajdzsán,0,0,0
USSR-azerbajdzsán,Austria,0,0,0
Austria,USSR-csuvas,0,0,0
USSR-csuvas,Austria,0,0,0
Austria,USSR-fehérorosz,0,0,0
USSR-fehérorosz,Austria,0,0,0
Austria,USSR-finn,0,0,0
USSR-finn,Austria,0,0,0
Austria,USSR-grúz,0.028985507246376812,2,2
USSR-grúz,Austria,0.07692307692307693,2,0
Austria,USSR-kazah,0.014492753623188406,1,1
USSR-kazah,Austria,0.125,1,0
Austria,USSR-kirgiz,0,0,0
USSR-kirgiz,Austria,0,0,0
Austria,USSR-lett,0.028985507246376812,2,2
USSR-lett,Austria,0.07407407407407407,2,0
Austria,USSR-litván,0.043478260869565216,3,1
USSR-litván,Austria,0.08333333333333333,3,2
Austria,USSR-moldva,0.014492753623188406,1,0
USSR-moldva,Austria,0.125,1,1
Austria,USSR-orosz,0.057971014492753624,4,2
USSR-orosz,Austria,0.01932367149758454,4,2
Austria,USSR-tadzsik,0,0,0
USSR-tadzsik,Austria,0,0,0
Austria,USSR-türkmén,0,0,0
USSR-türkmén,Austria,0,0,0
Austria,USSR-udmurt,0,0,0
USSR-udmurt,Austria,0,0,0
Austria,USSR-ukrán,0.057971014492753624,4,3
USSR-ukrán,Austria,0.07142857142857142,4,1
Austria,USSR-észt,0.043478260869565216,3,1.5
USSR-észt,Austria,0.1,3,1.5
Austria,USSR-örmény,0.014492753623188406,1,0
USSR-örmény,Austria,0.0625,1,1
Austria,USSR-üzbég,0.014492753623188406,1,1
USSR-üzbég,Austria,0.125,1,0
Austria,Venezuela,0,0,0
Venezuela,Austria,0,0,0
Austria,Vietnam,0.014492753623188406,1,1
Vietnam,Austria,0.3333333333333333,1,0
Austria,Yugoslavia,0.2318840579710145,16,12
Yugoslavia,Austria,0.125,16,4
Belgium,Belgium,NA,NA,NA
Belgium,Brasil,0.07692307692307693,2,1
Brasil,Belgium,0.3333333333333333,2,1
Belgium,Bulgaria,0.15384615384615385,4,2
Bulgaria,Belgium,0.037037037037037035,4,2
Belgium,Canada,0,0,0
Canada,Belgium,0,0,0
Belgium,Chile,0,0,0
Chile,Belgium,0,0,0
Belgium,China,0.038461538461538464,1,0
China,Belgium,0.03571428571428571,1,1
Belgium,Colombia,0,0,0
Colombia,Belgium,0,0,0
Belgium,Cuba,0.038461538461538464,1,0
Cuba,Belgium,0.2,1,1
Belgium,Czechoslovakia-cseh,0.34615384615384615,9,4
Czechoslovakia-cseh,Belgium,0.037815126050420166,9,5
Belgium,Czechoslovakia-szlovák,0.3076923076923077,8,2
Czechoslovakia-szlovák,Belgium,0.027874564459930314,8,6
Belgium,Denmark,0.038461538461538464,1,0.5
Denmark,Belgium,0.0625,1,0.5
Belgium,Egypt,0,0,0
Egypt,Belgium,0,0,0
Belgium,Federal Republic of Germany,0.5384615384615384,14,5
Federal Republic of Germany,Belgium,0.08536585365853659,14,9
Belgium,Finland,0.23076923076923078,6,2.5
Finland,Belgium,0.13636363636363635,6,3.5
Belgium,France,0.38461538461538464,10,2
France,Belgium,0.10752688172043011,10,8
Belgium,GDR,0.3076923076923077,8,4
GDR,Belgium,0.03187250996015936,8,4
Belgium,Greece,0.038461538461538464,1,1
Greece,Belgium,0.25,1,0
Belgium,Hungary,0.2692307692307692,7,4
Hungary,Belgium,0.04827586206896552,7,3
Belgium,India,0,0,0
India,Belgium,0,0,0
Belgium,Iran,0,0,0
Iran,Belgium,0,0,0
Belgium,Israel,0.11538461538461539,3,2
Israel,Belgium,0.10714285714285714,3,1
Belgium,Italy,0.34615384615384615,9,5.5
Italy,Belgium,0.15,9,3.5
Belgium,Japan,0.038461538461538464,1,1
Japan,Belgium,0.058823529411764705,1,0
Belgium,Malaysia,0,0,0
Malaysia,Belgium,0,0,0
Belgium,Mexico,0.038461538461538464,1,0
Mexico,Belgium,0.5,1,1
Belgium,Mongolia,0,0,0
Mongolia,Belgium,0,0,0
Belgium,Netherlands,0.3076923076923077,8,5.5
Netherlands,Belgium,0.18181818181818182,8,2.5
Belgium,Norway,0.11538461538461539,3,2
Norway,Belgium,0.15,3,1
Belgium,Poland,0.38461538461538464,10,4.5
Poland,Belgium,0.043859649122807015,10,5.5
Belgium,Portugal,0.038461538461538464,1,1
Portugal,Belgium,0.25,1,0
Belgium,Romania,0.23076923076923078,6,2
Romania,Belgium,0.03773584905660377,6,4
Belgium,Singapore,0,0,0
Singapore,Belgium,0,0,0
Belgium,South Korea,0,0,0
South Korea,Belgium,0,0,0
Belgium,Spain,0.19230769230769232,5,4
Spain,Belgium,0.07352941176470588,5,1
Belgium,Sweden,0.15384615384615385,4,3.5
Sweden,Belgium,0.09090909090909091,4,0.5
Belgium,Switzerland,0.07692307692307693,2,1.5
Switzerland,Belgium,0.08695652173913043,2,0.5
Belgium,Turkey,0.11538461538461539,3,3
Turkey,Belgium,0.0967741935483871,3,0
Belgium,UK,0.15384615384615385,4,2.5
UK,Belgium,0.125,4,1.5
Belgium,USA,0.15384615384615385,4,3.5
USA,Belgium,0.10526315789473684,4,0.5
Belgium,USSR-altaji,0,0,0
USSR-altaji,Belgium,0,0,0
Belgium,USSR-azerbajdzsán,0,0,0
USSR-azerbajdzsán,Belgium,0,0,0
Belgium,USSR-csuvas,0,0,0
USSR-csuvas,Belgium,0,0,0
Belgium,USSR-fehérorosz,0,0,0
USSR-fehérorosz,Belgium,0,0,0
Belgium,USSR-finn,0,0,0
USSR-finn,Belgium,0,0,0
Belgium,USSR-grúz,0.07692307692307693,2,2
USSR-grúz,Belgium,0.07692307692307693,2,0
Belgium,USSR-kazah,0.07692307692307693,2,1
USSR-kazah,Belgium,0.25,2,1
Belgium,USSR-kirgiz,0,0,0
USSR-kirgiz,Belgium,0,0,0
Belgium,USSR-lett,0.11538461538461539,3,2
USSR-lett,Belgium,0.1111111111111111,3,1
Belgium,USSR-litván,0.11538461538461539,3,1.5
USSR-litván,Belgium,0.08333333333333333,3,1.5
Belgium,USSR-moldva,0.038461538461538464,1,1
USSR-moldva,Belgium,0.125,1,0
Belgium,USSR-orosz,0.19230769230769232,5,3
USSR-orosz,Belgium,0.024154589371980676,5,2
Belgium,USSR-tadzsik,0,0,0
USSR-tadzsik,Belgium,0,0,0
Belgium,USSR-türkmén,0.038461538461538464,1,1
USSR-türkmén,Belgium,0.25,1,0
Belgium,USSR-udmurt,0,0,0
USSR-udmurt,Belgium,0,0,0
Belgium,USSR-ukrán,0.11538461538461539,3,2
USSR-ukrán,Belgium,0.05357142857142857,3,1
Belgium,USSR-észt,0.15384615384615385,4,2
USSR-észt,Belgium,0.13333333333333333,4,2
Belgium,USSR-örmény,0.038461538461538464,1,1
USSR-örmény,Belgium,0.0625,1,0
Belgium,USSR-üzbég,0.038461538461538464,1,1
USSR-üzbég,Belgium,0.125,1,0
Belgium,Venezuela,0,0,0
Venezuela,Belgium,0,0,0
Belgium,Vietnam,0.038461538461538464,1,0
Vietnam,Belgium,0.3333333333333333,1,1
Belgium,Yugoslavia,0.4230769230769231,11,5.5
Yugoslavia,Belgium,0.0859375,11,5.5
Brasil,Brasil,NA,NA,NA
Brasil,Bulgaria,0.16666666666666666,1,0
Bulgaria,Brasil,0.009259259259259259,1,1
Brasil,Canada,0,0,0
Canada,Brasil,0,0,0
Brasil,Chile,0,0,0
Chile,Brasil,0,0,0
Brasil,China,0.16666666666666666,1,0
China,Brasil,0.03571428571428571,1,1
Brasil,Colombia,0.16666666666666666,1,1
Colombia,Brasil,1,1,0
Brasil,Cuba,0,0,0
Cuba,Brasil,0,0,0
Brasil,Czechoslovakia-cseh,0.5,3,2
Czechoslovakia-cseh,Brasil,0.012605042016806723,3,1
Brasil,Czechoslovakia-szlovák,0.5,3,1
Czechoslovakia-szlovák,Brasil,0.010452961672473868,3,2
Brasil,Denmark,0,0,0
Denmark,Brasil,0,0,0
Brasil,Egypt,0,0,0
Egypt,Brasil,0,0,0
Brasil,Federal Republic of Germany,0.3333333333333333,2,0.5
Federal Republic of Germany,Brasil,0.012195121951219513,2,1.5
Brasil,Finland,0.3333333333333333,2,2
Finland,Brasil,0.045454545454545456,2,0
Brasil,France,0.5,3,1
France,Brasil,0.03225806451612903,3,2
Brasil,GDR,0,0,0
GDR,Brasil,0,0,0
Brasil,Greece,0,0,0
Greece,Brasil,0,0,0
Brasil,Hungary,0.16666666666666666,1,1
Hungary,Brasil,0.006896551724137931,1,0
Brasil,India,0,0,0
India,Brasil,0,0,0
Brasil,Iran,0,0,0
Iran,Brasil,0,0,0
Brasil,Israel,0.3333333333333333,2,2
Israel,Brasil,0.07142857142857142,2,0
Brasil,Italy,0.3333333333333333,2,0
Italy,Brasil,0.03333333333333333,2,2
Brasil,Japan,0,0,0
Japan,Brasil,0,0,0
Brasil,Malaysia,0,0,0
Malaysia,Brasil,0,0,0
Brasil,Mexico,0.16666666666666666,1,0
Mexico,Brasil,0.5,1,1
Brasil,Mongolia,0,0,0
Mongolia,Brasil,0,0,0
Brasil,Netherlands,0.16666666666666666,1,1
Netherlands,Brasil,0.022727272727272728,1,0
Brasil,Norway,0.16666666666666666,1,1
Norway,Brasil,0.05,1,0
Brasil,Poland,0.16666666666666666,1,1
Poland,Brasil,0.0043859649122807015,1,0
Brasil,Portugal,0,0,0
Portugal,Brasil,0,0,0
Brasil,Romania,0.16666666666666666,1,0
Romania,Brasil,0.006289308176100629,1,1
Brasil,Singapore,0,0,0
Singapore,Brasil,0,0,0
Brasil,South Korea,0,0,0
South Korea,Brasil,0,0,0
Brasil,Spain,0.3333333333333333,2,2
Spain,Brasil,0.029411764705882353,2,0
Brasil,Sweden,0.3333333333333333,2,2
Sweden,Brasil,0.045454545454545456,2,0
Brasil,Switzerland,0.16666666666666666,1,0
Switzerland,Brasil,0.043478260869565216,1,1
Brasil,Turkey,0.3333333333333333,2,2
Turkey,Brasil,0.06451612903225806,2,0
Brasil,UK,0.16666666666666666,1,0
UK,Brasil,0.03125,1,1
Brasil,USA,0.3333333333333333,2,1
USA,Brasil,0.05263157894736842,2,1
Brasil,USSR-altaji,0,0,0
USSR-altaji,Brasil,0,0,0
Brasil,USSR-azerbajdzsán,0,0,0
USSR-azerbajdzsán,Brasil,0,0,0
Brasil,USSR-csuvas,0,0,0
USSR-csuvas,Brasil,0,0,0
Brasil,USSR-fehérorosz,0,0,0
USSR-fehérorosz,Brasil,0,0,0
Brasil,USSR-finn,0,0,0
USSR-finn,Brasil,0,0,0
Brasil,USSR-grúz,0.16666666666666666,1,1
USSR-grúz,Brasil,0.038461538461538464,1,0
Brasil,USSR-kazah,0,0,0
USSR-kazah,Brasil,0,0,0
Brasil,USSR-kirgiz,0,0,0
USSR-kirgiz,Brasil,0,0,0
Brasil,USSR-lett,0,0,0
USSR-lett,Brasil,0,0,0
Brasil,USSR-litván,0.16666666666666666,1,1
USSR-litván,Brasil,0.027777777777777776,1,0
Brasil,USSR-moldva,0.16666666666666666,1,1
USSR-moldva,Brasil,0.125,1,0
Brasil,USSR-orosz,0.16666666666666666,1,1
USSR-orosz,Brasil,0.004830917874396135,1,0
Brasil,USSR-tadzsik,0,0,0
USSR-tadzsik,Brasil,0,0,0
Brasil,USSR-türkmén,0,0,0
USSR-türkmén,Brasil,0,0,0
Brasil,USSR-udmurt,0,0,0
USSR-udmurt,Brasil,0,0,0
Brasil,USSR-ukrán,0.16666666666666666,1,1
USSR-ukrán,Brasil,0.017857142857142856,1,0
Brasil,USSR-észt,0.16666666666666666,1,1
USSR-észt,Brasil,0.03333333333333333,1,0
Brasil,USSR-örmény,0.16666666666666666,1,1
USSR-örmény,Brasil,0.0625,1,0
Brasil,USSR-üzbég,0,0,0
USSR-üzbég,Brasil,0,0,0
Brasil,Venezuela,0,0,0
Venezuela,Brasil,0,0,0
Brasil,Vietnam,0,0,0
Vietnam,Brasil,0,0,0
Brasil,Yugoslavia,0.5,3,2
Yugoslavia,Brasil,0.0234375,3,1
Bulgaria,Bulgaria,NA,NA,NA
Bulgaria,Canada,0,0,0
Canada,Bulgaria,0,0,0
Bulgaria,Chile,0.009259259259259259,1,1
Chile,Bulgaria,0.5,1,0
Bulgaria,China,0.09259259259259259,10,5
China,Bulgaria,0.35714285714285715,10,5
Bulgaria,Colombia,0.009259259259259259,1,1
Colombia,Bulgaria,1,1,0
Bulgaria,Cuba,0.018518518518518517,2,0
Cuba,Bulgaria,0.4,2,2
Bulgaria,Czechoslovakia-cseh,0.46296296296296297,50,18
Czechoslovakia-cseh,Bulgaria,0.21008403361344538,50,32
Bulgaria,Czechoslovakia-szlovák,0.46296296296296297,50,20.5
Czechoslovakia-szlovák,Bulgaria,0.17421602787456447,50,29.5
Bulgaria,Denmark,0.018518518518518517,2,1
Denmark,Bulgaria,0.125,2,1
Bulgaria,Egypt,0,0,0
Egypt,Bulgaria,0,0,0
Bulgaria,Federal Republic of Germany,0.14814814814814814,16,7.5
Federal Republic of Germany,Bulgaria,0.0975609756097561,16,8.5
Bulgaria,Finland,0.09259259259259259,10,5
Finland,Bulgaria,0.22727272727272727,10,5
Bulgaria,France,0.14814814814814814,16,10.5
France,Bulgaria,0.17204301075268819,16,5.5
Bulgaria,GDR,0.4444444444444444,48,19
GDR,Bulgaria,0.19123505976095617,48,29
Bulgaria,Greece,0.018518518518518517,2,2
Greece,Bulgaria,0.5,2,0
Bulgaria,Hungary,0.2777777777777778,30,13
Hungary,Bulgaria,0.20689655172413793,30,17
Bulgaria,India,0,0,0
India,Bulgaria,0,0,0
Bulgaria,Iran,0.009259259259259259,1,0
Iran,Bulgaria,0.3333333333333333,1,1
Bulgaria,Israel,0.037037037037037035,4,3
Israel,Bulgaria,0.14285714285714285,4,1
Bulgaria,Italy,0.08333333333333333,9,5
Italy,Bulgaria,0.15,9,4
Bulgaria,Japan,0.046296296296296294,5,3.5
Japan,Bulgaria,0.29411764705882354,5,1.5
Bulgaria,Malaysia,0,0,0
Malaysia,Bulgaria,0,0,0
Bulgaria,Mexico,0.009259259259259259,1,1
Mexico,Bulgaria,0.5,1,0
Bulgaria,Mongolia,0.009259259259259259,1,1
Mongolia,Bulgaria,0.3333333333333333,1,0
Bulgaria,Netherlands,0.06481481481481481,7,3.5
Netherlands,Bulgaria,0.1590909090909091,7,3.5
Bulgaria,Norway,0.037037037037037035,4,2
Norway,Bulgaria,0.2,4,2
Bulgaria,Poland,0.42592592592592593,46,18
Poland,Bulgaria,0.20175438596491227,46,28
Bulgaria,Portugal,0.009259259259259259,1,1
Portugal,Bulgaria,0.25,1,0
Bulgaria,Romania,0.25925925925925924,28,13
Romania,Bulgaria,0.1761006289308176,28,15
Bulgaria,Singapore,0,0,0
Singapore,Bulgaria,0,0,0
Bulgaria,South Korea,0,0,0
South Korea,Bulgaria,0,0,0
Bulgaria,Spain,0.07407407407407407,8,6
Spain,Bulgaria,0.11764705882352941,8,2
Bulgaria,Sweden,0.08333333333333333,9,4
Sweden,Bulgaria,0.20454545454545456,9,5
Bulgaria,Switzerland,0.027777777777777776,3,2
Switzerland,Bulgaria,0.13043478260869565,3,1
Bulgaria,Turkey,0.027777777777777776,3,2
Turkey,Bulgaria,0.0967741935483871,3,1
Bulgaria,UK,0.037037037037037035,4,2
UK,Bulgaria,0.125,4,2
Bulgaria,USA,0.018518518518518517,2,1
USA,Bulgaria,0.05263157894736842,2,1
Bulgaria,USSR-altaji,0,0,0
USSR-altaji,Bulgaria,0,0,0
Bulgaria,USSR-azerbajdzsán,0.018518518518518517,2,1
USSR-azerbajdzsán,Bulgaria,0.2857142857142857,2,1
Bulgaria,USSR-csuvas,0,0,0
USSR-csuvas,Bulgaria,0,0,0
Bulgaria,USSR-fehérorosz,0.009259259259259259,1,1
USSR-fehérorosz,Bulgaria,0.16666666666666666,1,0
Bulgaria,USSR-finn,0,0,0
USSR-finn,Bulgaria,0,0,0
Bulgaria,USSR-grúz,0.07407407407407407,8,7
USSR-grúz,Bulgaria,0.3076923076923077,8,1
Bulgaria,USSR-kazah,0.037037037037037035,4,4
USSR-kazah,Bulgaria,0.5,4,0
Bulgaria,USSR-kirgiz,0.009259259259259259,1,0
USSR-kirgiz,Bulgaria,0.3333333333333333,1,1
Bulgaria,USSR-lett,0.1388888888888889,15,10
USSR-lett,Bulgaria,0.5555555555555556,15,5
Bulgaria,USSR-litván,0.16666666666666666,18,8
USSR-litván,Bulgaria,0.5,18,10
Bulgaria,USSR-moldva,0.027777777777777776,3,2
USSR-moldva,Bulgaria,0.375,3,1
Bulgaria,USSR-orosz,0.4074074074074074,44,18
USSR-orosz,Bulgaria,0.21256038647342995,44,26
Bulgaria,USSR-tadzsik,0.009259259259259259,1,0
USSR-tadzsik,Bulgaria,0.2,1,1
Bulgaria,USSR-türkmén,0.027777777777777776,3,2
USSR-türkmén,Bulgaria,0.75,3,1
Bulgaria,USSR-udmurt,0,0,0
USSR-udmurt,Bulgaria,0,0,0
Bulgaria,USSR-ukrán,0.23148148148148148,25,13.5
USSR-ukrán,Bulgaria,0.44642857142857145,25,11.5
Bulgaria,USSR-észt,0.05555555555555555,6,4
USSR-észt,Bulgaria,0.2,6,2
Bulgaria,USSR-örmény,0.07407407407407407,8,6
USSR-örmény,Bulgaria,0.5,8,2
Bulgaria,USSR-üzbég,0.046296296296296294,5,4
USSR-üzbég,Bulgaria,0.625,5,1
Bulgaria,Venezuela,0,0,0
Venezuela,Bulgaria,0,0,0
Bulgaria,Vietnam,0.018518518518518517,2,2
Vietnam,Bulgaria,0.6666666666666666,2,0
Bulgaria,Yugoslavia,0.23148148148148148,25,9
Yugoslavia,Bulgaria,0.1953125,25,16
Canada,Canada,NA,NA,NA
Canada,Chile,0,0,0
Chile,Canada,0,0,0
Canada,China,0,0,0
China,Canada,0,0,0
Canada,Colombia,0,0,0
Colombia,Canada,0,0,0
Canada,Cuba,0,0,0
Cuba,Canada,0,0,0
Canada,Czechoslovakia-cseh,0,0,0
Czechoslovakia-cseh,Canada,0,0,0
Canada,Czechoslovakia-szlovák,0,0,0
Czechoslovakia-szlovák,Canada,0,0,0
Canada,Denmark,0.3333333333333333,1,0
Denmark,Canada,0.0625,1,1
Canada,Egypt,0,0,0
Egypt,Canada,0,0,0
Canada,Federal Republic of Germany,0.3333333333333333,1,0
Federal Republic of Germany,Canada,0.006097560975609756,1,1
Canada,Finland,0,0,0
Finland,Canada,0,0,0
Canada,France,0,0,0
France,Canada,0,0,0
Canada,GDR,0.3333333333333333,1,0
GDR,Canada,0.00398406374501992,1,1
Canada,Greece,0,0,0
Greece,Canada,0,0,0
Canada,Hungary,0,0,0
Hungary,Canada,0,0,0
Canada,India,0,0,0
India,Canada,0,0,0
Canada,Iran,0,0,0
Iran,Canada,0,0,0
Canada,Israel,0,0,0
Israel,Canada,0,0,0
Canada,Italy,0,0,0
Italy,Canada,0,0,0
Canada,Japan,0,0,0
Japan,Canada,0,0,0
Canada,Malaysia,0,0,0
Malaysia,Canada,0,0,0
Canada,Mexico,0,0,0
Mexico,Canada,0,0,0
Canada,Mongolia,0,0,0
Mongolia,Canada,0,0,0
Canada,Netherlands,0,0,0
Netherlands,Canada,0,0,0
Canada,Norway,0,0,0
Norway,Canada,0,0,0
Canada,Poland,0.3333333333333333,1,0
Poland,Canada,0.0043859649122807015,1,1
Canada,Portugal,0,0,0
Portugal,Canada,0,0,0
Canada,Romania,0,0,0
Romania,Canada,0,0,0
Canada,Singapore,0,0,0
Singapore,Canada,0,0,0
Canada,South Korea,0,0,0
South Korea,Canada,0,0,0
Canada,Spain,0,0,0
Spain,Canada,0,0,0
Canada,Sweden,0,0,0
Sweden,Canada,0,0,0
Canada,Switzerland,0,0,0
Switzerland,Canada,0,0,0
Canada,Turkey,0,0,0
Turkey,Canada,0,0,0
Canada,UK,0.3333333333333333,1,1
UK,Canada,0.03125,1,0
Canada,USA,0,0,0
USA,Canada,0,0,0
Canada,USSR-altaji,0,0,0
USSR-altaji,Canada,0,0,0
Canada,USSR-azerbajdzsán,0,0,0
USSR-azerbajdzsán,Canada,0,0,0
Canada,USSR-csuvas,0,0,0
USSR-csuvas,Canada,0,0,0
Canada,USSR-fehérorosz,0,0,0
USSR-fehérorosz,Canada,0,0,0
Canada,USSR-finn,0,0,0
USSR-finn,Canada,0,0,0
Canada,USSR-grúz,0,0,0
USSR-grúz,Canada,0,0,0
Canada,USSR-kazah,0,0,0
USSR-kazah,Canada,0,0,0
Canada,USSR-kirgiz,0,0,0
USSR-kirgiz,Canada,0,0,0
Canada,USSR-lett,0,0,0
USSR-lett,Canada,0,0,0
Canada,USSR-litván,0,0,0
USSR-litván,Canada,0,0,0
Canada,USSR-moldva,0,0,0
USSR-moldva,Canada,0,0,0
Canada,USSR-orosz,0,0,0
USSR-orosz,Canada,0,0,0
Canada,USSR-tadzsik,0,0,0
USSR-tadzsik,Canada,0,0,0
Canada,USSR-türkmén,0,0,0
USSR-türkmén,Canada,0,0,0
Canada,USSR-udmurt,0,0,0
USSR-udmurt,Canada,0,0,0
Canada,USSR-ukrán,0,0,0
USSR-ukrán,Canada,0,0,0
Canada,USSR-észt,0,0,0
USSR-észt,Canada,0,0,0
Canada,USSR-örmény,0,0,0
USSR-örmény,Canada,0,0,0
Canada,USSR-üzbég,0,0,0
USSR-üzbég,Canada,0,0,0
Canada,Venezuela,0,0,0
Venezuela,Canada,0,0,0
Canada,Vietnam,0,0,0
Vietnam,Canada,0,0,0
Canada,Yugoslavia,0,0,0
Yugoslavia,Canada,0,0,0
Chile,Chile,NA,NA,NA
Chile,China,0,0,0
China,Chile,0,0,0
Chile,Colombia,0,0,0
Colombia,Chile,0,0,0
Chile,Cuba,0,0,0
Cuba,Chile,0,0,0
Chile,Czechoslovakia-cseh,0.5,1,0
Czechoslovakia-cseh,Chile,0.004201680672268907,1,1
Chile,Czechoslovakia-szlovák,0.5,1,0
Czechoslovakia-szlovák,Chile,0.003484320557491289,1,1
Chile,Denmark,0,0,0
Denmark,Chile,0,0,0
Chile,Egypt,0,0,0
Egypt,Chile,0,0,0
Chile,Federal Republic of Germany,0,0,0
Federal Republic of Germany,Chile,0,0,0
Chile,Finland,0,0,0
Finland,Chile,0,0,0
Chile,France,0.5,1,0
France,Chile,0.010752688172043012,1,1
Chile,GDR,0.5,1,1
GDR,Chile,0.00398406374501992,1,0
Chile,Greece,0,0,0
Greece,Chile,0,0,0
Chile,Hungary,0,0,0
Hungary,Chile,0,0,0
Chile,India,0,0,0
India,Chile,0,0,0
Chile,Iran,0,0,0
Iran,Chile,0,0,0
Chile,Israel,0,0,0
Israel,Chile,0,0,0
Chile,Italy,0,0,0
Italy,Chile,0,0,0
Chile,Japan,0,0,0
Japan,Chile,0,0,0
Chile,Malaysia,0,0,0
Malaysia,Chile,0,0,0
Chile,Mexico,0,0,0
Mexico,Chile,0,0,0
Chile,Mongolia,0,0,0
Mongolia,Chile,0,0,0
Chile,Netherlands,0.5,1,0
Netherlands,Chile,0.022727272727272728,1,1
Chile,Norway,0,0,0
Norway,Chile,0,0,0
Chile,Poland,0.5,1,0
Poland,Chile,0.0043859649122807015,1,1
Chile,Portugal,0,0,0
Portugal,Chile,0,0,0
Chile,Romania,0.5,1,0
Romania,Chile,0.006289308176100629,1,1
Chile,Singapore,0,0,0
Singapore,Chile,0,0,0
Chile,South Korea,0,0,0
South Korea,Chile,0,0,0
Chile,Spain,0.5,1,0
Spain,Chile,0.014705882352941176,1,1
Chile,Sweden,0,0,0
Sweden,Chile,0,0,0
Chile,Switzerland,0,0,0
Switzerland,Chile,0,0,0
Chile,Turkey,0,0,0
Turkey,Chile,0,0,0
Chile,UK,0,0,0
UK,Chile,0,0,0
Chile,USA,0,0,0
USA,Chile,0,0,0
Chile,USSR-altaji,0,0,0
USSR-altaji,Chile,0,0,0
Chile,USSR-azerbajdzsán,0,0,0
USSR-azerbajdzsán,Chile,0,0,0
Chile,USSR-csuvas,0,0,0
USSR-csuvas,Chile,0,0,0
Chile,USSR-fehérorosz,0,0,0
USSR-fehérorosz,Chile,0,0,0
Chile,USSR-finn,0,0,0
USSR-finn,Chile,0,0,0
Chile,USSR-grúz,0,0,0
USSR-grúz,Chile,0,0,0
Chile,USSR-kazah,0,0,0
USSR-kazah,Chile,0,0,0
Chile,USSR-kirgiz,0,0,0
USSR-kirgiz,Chile,0,0,0
Chile,USSR-lett,0,0,0
USSR-lett,Chile,0,0,0
Chile,USSR-litván,0,0,0
USSR-litván,Chile,0,0,0
Chile,USSR-moldva,0,0,0
USSR-moldva,Chile,0,0,0
Chile,USSR-orosz,0,0,0
USSR-orosz,Chile,0,0,0
Chile,USSR-tadzsik,0,0,0
USSR-tadzsik,Chile,0,0,0
Chile,USSR-türkmén,0,0,0
USSR-türkmén,Chile,0,0,0
Chile,USSR-udmurt,0,0,0
USSR-udmurt,Chile,0,0,0
Chile,USSR-ukrán,0,0,0
USSR-ukrán,Chile,0,0,0
Chile,USSR-észt,0,0,0
USSR-észt,Chile,0,0,0
Chile,USSR-örmény,0,0,0
USSR-örmény,Chile,0,0,0
Chile,USSR-üzbég,0,0,0
USSR-üzbég,Chile,0,0,0
Chile,Venezuela,0,0,0
Venezuela,Chile,0,0,0
Chile,Vietnam,0,0,0
Vietnam,Chile,0,0,0
Chile,Yugoslavia,0.5,1,0
Yugoslavia,Chile,0.0078125,1,1
China,China,NA,NA,NA
China,Colombia,0,0,0
Colombia,China,0,0,0
China,Cuba,0,0,0
Cuba,China,0,0,0
China,Czechoslovakia-cseh,0.5,14,7
Czechoslovakia-cseh,China,0.058823529411764705,14,7
China,Czechoslovakia-szlovák,0.42857142857142855,12,3.5
Czechoslovakia-szlovák,China,0.041811846689895474,12,8.5
China,Denmark,0,0,0
Denmark,China,0,0,0
China,Egypt,0.03571428571428571,1,0
Egypt,China,0.25,1,1
China,Federal Republic of Germany,0,0,0
Federal Republic of Germany,China,0,0,0
China,Finland,0.03571428571428571,1,0
Finland,China,0.022727272727272728,1,1
China,France,0.10714285714285714,3,2
France,China,0.03225806451612903,3,1
China,GDR,0.39285714285714285,11,3.5
GDR,China,0.043824701195219126,11,7.5
China,Greece,0,0,0
Greece,China,0,0,0
China,Hungary,0.14285714285714285,4,2
Hungary,China,0.027586206896551724,4,2
China,India,0,0,0
India,China,0,0,0
China,Iran,0.03571428571428571,1,0
Iran,China,0.3333333333333333,1,1
China,Israel,0.07142857142857142,2,1
Israel,China,0.07142857142857142,2,1
China,Italy,0.17857142857142858,5,1
Italy,China,0.08333333333333333,5,4
China,Japan,0,0,0
Japan,China,0,0,0
China,Malaysia,0,0,0
Malaysia,China,0,0,0
China,Mexico,0.03571428571428571,1,1
Mexico,China,0.5,1,0
China,Mongolia,0.03571428571428571,1,0
Mongolia,China,0.3333333333333333,1,1
China,Netherlands,0.07142857142857142,2,2
Netherlands,China,0.045454545454545456,2,0
China,Norway,0,0,0
Norway,China,0,0,0
China,Poland,0.21428571428571427,6,3
Poland,China,0.02631578947368421,6,3
China,Portugal,0,0,0
Portugal,China,0,0,0
China,Romania,0.35714285714285715,10,7
Romania,China,0.06289308176100629,10,3
China,Singapore,0,0,0
Singapore,China,0,0,0
China,South Korea,0,0,0
South Korea,China,0,0,0
China,Spain,0.03571428571428571,1,0.5
Spain,China,0.014705882352941176,1,0.5
China,Sweden,0,0,0
Sweden,China,0,0,0
China,Switzerland,0.07142857142857142,2,1
Switzerland,China,0.08695652173913043,2,1
China,Turkey,0,0,0
Turkey,China,0,0,0
China,UK,0.03571428571428571,1,1
UK,China,0.03125,1,0
China,USA,0,0,0
USA,China,0,0,0
China,USSR-altaji,0.03571428571428571,1,1
USSR-altaji,China,1,1,0
China,USSR-azerbajdzsán,0.07142857142857142,2,1.5
USSR-azerbajdzsán,China,0.2857142857142857,2,0.5
China,USSR-csuvas,0.03571428571428571,1,0.5
USSR-csuvas,China,1,1,0.5
China,USSR-fehérorosz,0.03571428571428571,1,1
USSR-fehérorosz,China,0.16666666666666666,1,0
China,USSR-finn,0.03571428571428571,1,1
USSR-finn,China,1,1,0
China,USSR-grúz,0.10714285714285714,3,2
USSR-grúz,China,0.11538461538461539,3,1
China,USSR-kazah,0.10714285714285714,3,2
USSR-kazah,China,0.375,3,1
China,USSR-kirgiz,0,0,0
USSR-kirgiz,China,0,0,0
China,USSR-lett,0.07142857142857142,2,2
USSR-lett,China,0.07407407407407407,2,0
China,USSR-litván,0.10714285714285714,3,2.5
USSR-litván,China,0.08333333333333333,3,0.5
China,USSR-moldva,0.03571428571428571,1,0.5
USSR-moldva,China,0.125,1,0.5
China,USSR-orosz,0.5,14,5
USSR-orosz,China,0.06763285024154589,14,9
China,USSR-tadzsik,0.03571428571428571,1,1
USSR-tadzsik,China,0.2,1,0
China,USSR-türkmén,0.03571428571428571,1,0
USSR-türkmén,China,0.25,1,1
China,USSR-udmurt,0.03571428571428571,1,1
USSR-udmurt,China,1,1,0
China,USSR-ukrán,0.21428571428571427,6,4
USSR-ukrán,China,0.10714285714285714,6,2
China,USSR-észt,0.03571428571428571,1,1
USSR-észt,China,0.03333333333333333,1,0
China,USSR-örmény,0,0,0
USSR-örmény,China,0,0,0
China,USSR-üzbég,0.07142857142857142,2,2
USSR-üzbég,China,0.25,2,0
China,Venezuela,0,0,0
Venezuela,China,0,0,0
China,Vietnam,0,0,0
Vietnam,China,0,0,0
China,Yugoslavia,0.10714285714285714,3,2.5
Yugoslavia,China,0.0234375,3,0.5
Colombia,Colombia,NA,NA,NA
Colombia,Cuba,0,0,0
Cuba,Colombia,0,0,0
Colombia,Czechoslovakia-cseh,1,1,0
Czechoslovakia-cseh,Colombia,0.004201680672268907,1,1
Colombia,Czechoslovakia-szlovák,1,1,0
Czechoslovakia-szlovák,Colombia,0.003484320557491289,1,1
Colombia,Denmark,0,0,0
Denmark,Colombia,0,0,0
Colombia,Egypt,0,0,0
Egypt,Colombia,0,0,0
Colombia,Federal Republic of Germany,1,1,0
Federal Republic of Germany,Colombia,0.006097560975609756,1,1
Colombia,Finland,1,1,0
Finland,Colombia,0.022727272727272728,1,1
Colombia,France,1,1,0
France,Colombia,0.010752688172043012,1,1
Colombia,GDR,0,0,0
GDR,Colombia,0,0,0
Colombia,Greece,0,0,0
Greece,Colombia,0,0,0
Colombia,Hungary,1,1,1
Hungary,Colombia,0.006896551724137931,1,0
Colombia,India,0,0,0
India,Colombia,0,0,0
Colombia,Iran,0,0,0
Iran,Colombia,0,0,0
Colombia,Israel,1,1,0
Israel,Colombia,0.03571428571428571,1,1
Colombia,Italy,1,1,0
Italy,Colombia,0.016666666666666666,1,1
Colombia,Japan,0,0,0
Japan,Colombia,0,0,0
Colombia,Malaysia,0,0,0
Malaysia,Colombia,0,0,0
Colombia,Mexico,0,0,0
Mexico,Colombia,0,0,0
Colombia,Mongolia,0,0,0
Mongolia,Colombia,0,0,0
Colombia,Netherlands,0,0,0
Netherlands,Colombia,0,0,0
Colombia,Norway,0,0,0
Norway,Colombia,0,0,0
Colombia,Poland,1,1,0
Poland,Colombia,0.0043859649122807015,1,1
Colombia,Portugal,0,0,0
Portugal,Colombia,0,0,0
Colombia,Romania,1,1,0
Romania,Colombia,0.006289308176100629,1,1
Colombia,Singapore,0,0,0
Singapore,Colombia,0,0,0
Colombia,South Korea,0,0,0
South Korea,Colombia,0,0,0
Colombia,Spain,1,1,0
Spain,Colombia,0.014705882352941176,1,1
Colombia,Sweden,1,1,0
Sweden,Colombia,0.022727272727272728,1,1
Colombia,Switzerland,0,0,0
Switzerland,Colombia,0,0,0
Colombia,Turkey,1,1,1
Turkey,Colombia,0.03225806451612903,1,0
Colombia,UK,0,0,0
UK,Colombia,0,0,0
Colombia,USA,0,0,0
USA,Colombia,0,0,0
Colombia,USSR-altaji,0,0,0
USSR-altaji,Colombia,0,0,0
Colombia,USSR-azerbajdzsán,0,0,0
USSR-azerbajdzsán,Colombia,0,0,0
Colombia,USSR-csuvas,0,0,0
USSR-csuvas,Colombia,0,0,0
Colombia,USSR-fehérorosz,0,0,0
USSR-fehérorosz,Colombia,0,0,0
Colombia,USSR-finn,0,0,0
USSR-finn,Colombia,0,0,0
Colombia,USSR-grúz,1,1,1
USSR-grúz,Colombia,0.038461538461538464,1,0
Colombia,USSR-kazah,0,0,0
USSR-kazah,Colombia,0,0,0
Colombia,USSR-kirgiz,0,0,0
USSR-kirgiz,Colombia,0,0,0
Colombia,USSR-lett,0,0,0
USSR-lett,Colombia,0,0,0
Colombia,USSR-litván,1,1,0
USSR-litván,Colombia,0.027777777777777776,1,1
Colombia,USSR-moldva,1,1,0
USSR-moldva,Colombia,0.125,1,1
Colombia,USSR-orosz,1,1,0
USSR-orosz,Colombia,0.004830917874396135,1,1
Colombia,USSR-tadzsik,0,0,0
USSR-tadzsik,Colombia,0,0,0
Colombia,USSR-türkmén,0,0,0
USSR-türkmén,Colombia,0,0,0
Colombia,USSR-udmurt,0,0,0
USSR-udmurt,Colombia,0,0,0
Colombia,USSR-ukrán,1,1,0
USSR-ukrán,Colombia,0.017857142857142856,1,1
Colombia,USSR-észt,1,1,0
USSR-észt,Colombia,0.03333333333333333,1,1
Colombia,USSR-örmény,1,1,0
USSR-örmény,Colombia,0.0625,1,1
Colombia,USSR-üzbég,0,0,0
USSR-üzbég,Colombia,0,0,0
Colombia,Venezuela,0,0,0
Venezuela,Colombia,0,0,0
Colombia,Vietnam,0,0,0
Vietnam,Colombia,0,0,0
Colombia,Yugoslavia,1,1,0
Yugoslavia,Colombia,0.0078125,1,1
Cuba,Cuba,NA,NA,NA
Cuba,Czechoslovakia-cseh,1,5,1.5
Czechoslovakia-cseh,Cuba,0.02100840336134454,5,3.5
Cuba,Czechoslovakia-szlovák,0.4,2,1
Czechoslovakia-szlovák,Cuba,0.006968641114982578,2,1
Cuba,Denmark,0,0,0
Denmark,Cuba,0,0,0
Cuba,Egypt,0,0,0
Egypt,Cuba,0,0,0
Cuba,Federal Republic of Germany,0.4,2,1
Federal Republic of Germany,Cuba,0.012195121951219513,2,1
Cuba,Finland,0.4,2,1
Finland,Cuba,0.045454545454545456,2,1
Cuba,France,0.2,1,0
France,Cuba,0.010752688172043012,1,1
Cuba,GDR,0.8,4,1
GDR,Cuba,0.01593625498007968,4,3
Cuba,Greece,0,0,0
Greece,Cuba,0,0,0
Cuba,Hungary,0.6,3,0
Hungary,Cuba,0.020689655172413793,3,3
Cuba,India,0,0,0
India,Cuba,0,0,0
Cuba,Iran,0,0,0
Iran,Cuba,0,0,0
Cuba,Israel,0.2,1,1
Israel,Cuba,0.03571428571428571,1,0
Cuba,Italy,0.2,1,0
Italy,Cuba,0.016666666666666666,1,1
Cuba,Japan,0.4,2,1
Japan,Cuba,0.11764705882352941,2,1
Cuba,Malaysia,0,0,0
Malaysia,Cuba,0,0,0
Cuba,Mexico,0,0,0
Mexico,Cuba,0,0,0
Cuba,Mongolia,0.2,1,1
Mongolia,Cuba,0.3333333333333333,1,0
Cuba,Netherlands,0.2,1,0
Netherlands,Cuba,0.022727272727272728,1,1
Cuba,Norway,0.4,2,1
Norway,Cuba,0.1,2,1
Cuba,Poland,1,5,2
Poland,Cuba,0.021929824561403508,5,3
Cuba,Portugal,0.2,1,1
Portugal,Cuba,0.25,1,0
Cuba,Romania,0.2,1,0
Romania,Cuba,0.006289308176100629,1,1
Cuba,Singapore,0,0,0
Singapore,Cuba,0,0,0
Cuba,South Korea,0,0,0
South Korea,Cuba,0,0,0
Cuba,Spain,0.2,1,0
Spain,Cuba,0.014705882352941176,1,1
Cuba,Sweden,0.4,2,0
Sweden,Cuba,0.045454545454545456,2,2
Cuba,Switzerland,0,0,0
Switzerland,Cuba,0,0,0
Cuba,Turkey,0.4,2,2
Turkey,Cuba,0.06451612903225806,2,0
Cuba,UK,0.6,3,1
UK,Cuba,0.09375,3,2
Cuba,USA,0.2,1,0
USA,Cuba,0.02631578947368421,1,1
Cuba,USSR-altaji,0,0,0
USSR-altaji,Cuba,0,0,0
Cuba,USSR-azerbajdzsán,0,0,0
USSR-azerbajdzsán,Cuba,0,0,0
Cuba,USSR-csuvas,0,0,0
USSR-csuvas,Cuba,0,0,0
Cuba,USSR-fehérorosz,0,0,0
USSR-fehérorosz,Cuba,0,0,0
Cuba,USSR-finn,0,0,0
USSR-finn,Cuba,0,0,0
Cuba,USSR-grúz,0,0,0
USSR-grúz,Cuba,0,0,0
Cuba,USSR-kazah,0,0,0
USSR-kazah,Cuba,0,0,0
Cuba,USSR-kirgiz,0,0,0
USSR-kirgiz,Cuba,0,0,0
Cuba,USSR-lett,0,0,0
USSR-lett,Cuba,0,0,0
Cuba,USSR-litván,0,0,0
USSR-litván,Cuba,0,0,0
Cuba,USSR-moldva,0,0,0
USSR-moldva,Cuba,0,0,0
Cuba,USSR-orosz,0,0,0
USSR-orosz,Cuba,0,0,0
Cuba,USSR-tadzsik,0,0,0
USSR-tadzsik,Cuba,0,0,0
Cuba,USSR-türkmén,0.2,1,1
USSR-türkmén,Cuba,0.25,1,0
Cuba,USSR-udmurt,0,0,0
USSR-udmurt,Cuba,0,0,0
Cuba,USSR-ukrán,0.2,1,1
USSR-ukrán,Cuba,0.017857142857142856,1,0
Cuba,USSR-észt,0.4,2,1
USSR-észt,Cuba,0.06666666666666667,2,1
Cuba,USSR-örmény,0,0,0
USSR-örmény,Cuba,0,0,0
Cuba,USSR-üzbég,0,0,0
USSR-üzbég,Cuba,0,0,0
Cuba,Venezuela,0,0,0
Venezuela,Cuba,0,0,0
Cuba,Vietnam,0,0,0
Vietnam,Cuba,0,0,0
Cuba,Yugoslavia,0.8,4,2
Yugoslavia,Cuba,0.03125,4,2
Czechoslovakia-cseh,Czechoslovakia-cseh,NA,NA,NA
Czechoslovakia-cseh,Czechoslovakia-szlovák,0.3319327731092437,79,38.5
Czechoslovakia-szlovák,Czechoslovakia-cseh,0.27526132404181186,79,40.5
Czechoslovakia-cseh,Denmark,0.01680672268907563,4,0
Denmark,Czechoslovakia-cseh,0.25,4,4
Czechoslovakia-cseh,Egypt,0.004201680672268907,1,1
Egypt,Czechoslovakia-cseh,0.25,1,0
Czechoslovakia-cseh,Federal Republic of Germany,0.09663865546218488,23,7
Federal Republic of Germany,Czechoslovakia-cseh,0.1402439024390244,23,16
Czechoslovakia-cseh,Finland,0.06722689075630252,16,8.5
Finland,Czechoslovakia-cseh,0.36363636363636365,16,7.5
Czechoslovakia-cseh,France,0.12605042016806722,30,14.5
France,Czechoslovakia-cseh,0.3225806451612903,30,15.5
Czechoslovakia-cseh,GDR,0.36554621848739494,87,40
GDR,Czechoslovakia-cseh,0.3466135458167331,87,47
Czechoslovakia-cseh,Greece,0.01680672268907563,4,3.5
Greece,Czechoslovakia-cseh,1,4,0.5
Czechoslovakia-cseh,Hungary,0.18487394957983194,44,20.5
Hungary,Czechoslovakia-cseh,0.30344827586206896,44,23.5
Czechoslovakia-cseh,India,0,0,0
India,Czechoslovakia-cseh,0,0,0
Czechoslovakia-cseh,Iran,0.008403361344537815,2,0
Iran,Czechoslovakia-cseh,0.6666666666666666,2,2
Czechoslovakia-cseh,Israel,0.02100840336134454,5,4
Israel,Czechoslovakia-cseh,0.17857142857142858,5,1
Czechoslovakia-cseh,Italy,0.07142857142857142,17,7.5
Italy,Czechoslovakia-cseh,0.2833333333333333,17,9.5
Czechoslovakia-cseh,Japan,0.029411764705882353,7,5
Japan,Czechoslovakia-cseh,0.4117647058823529,7,2
Czechoslovakia-cseh,Malaysia,0,0,0
Malaysia,Czechoslovakia-cseh,0,0,0
Czechoslovakia-cseh,Mexico,0.008403361344537815,2,1
Mexico,Czechoslovakia-cseh,1,2,1
Czechoslovakia-cseh,Mongolia,0.008403361344537815,2,1
Mongolia,Czechoslovakia-cseh,0.6666666666666666,2,1
Czechoslovakia-cseh,Netherlands,0.037815126050420166,9,4
Netherlands,Czechoslovakia-cseh,0.20454545454545456,9,5
Czechoslovakia-cseh,Norway,0.025210084033613446,6,3
Norway,Czechoslovakia-cseh,0.3,6,3
Czechoslovakia-cseh,Poland,0.3445378151260504,82,39.5
Poland,Czechoslovakia-cseh,0.35964912280701755,82,42.5
Czechoslovakia-cseh,Portugal,0.008403361344537815,2,2
Portugal,Czechoslovakia-cseh,0.5,2,0
Czechoslovakia-cseh,Romania,0.19747899159663865,47,22.5
Romania,Czechoslovakia-cseh,0.29559748427672955,47,24.5
Czechoslovakia-cseh,Singapore,0,0,0
Singapore,Czechoslovakia-cseh,0,0,0
Czechoslovakia-cseh,South Korea,0,0,0
South Korea,Czechoslovakia-cseh,0,0,0
Czechoslovakia-cseh,Spain,0.04201680672268908,10,6.5
Spain,Czechoslovakia-cseh,0.14705882352941177,10,3.5
Czechoslovakia-cseh,Sweden,0.058823529411764705,14,7.5
Sweden,Czechoslovakia-cseh,0.3181818181818182,14,6.5
Czechoslovakia-cseh,Switzerland,0.012605042016806723,3,1
Switzerland,Czechoslovakia-cseh,0.13043478260869565,3,2
Czechoslovakia-cseh,Turkey,0.025210084033613446,6,4
Turkey,Czechoslovakia-cseh,0.1935483870967742,6,2
Czechoslovakia-cseh,UK,0.0546218487394958,13,9
UK,Czechoslovakia-cseh,0.40625,13,4
Czechoslovakia-cseh,USA,0.037815126050420166,9,6
USA,Czechoslovakia-cseh,0.23684210526315788,9,3
Czechoslovakia-cseh,USSR-altaji,0.004201680672268907,1,1
USSR-altaji,Czechoslovakia-cseh,1,1,0
Czechoslovakia-cseh,USSR-azerbajdzsán,0.012605042016806723,3,2
USSR-azerbajdzsán,Czechoslovakia-cseh,0.42857142857142855,3,1
Czechoslovakia-cseh,USSR-csuvas,0.004201680672268907,1,1
USSR-csuvas,Czechoslovakia-cseh,1,1,0
Czechoslovakia-cseh,USSR-fehérorosz,0.004201680672268907,1,1
USSR-fehérorosz,Czechoslovakia-cseh,0.16666666666666666,1,0
Czechoslovakia-cseh,USSR-finn,0.004201680672268907,1,1
USSR-finn,Czechoslovakia-cseh,1,1,0
Czechoslovakia-cseh,USSR-grúz,0.04201680672268908,10,9.5
USSR-grúz,Czechoslovakia-cseh,0.38461538461538464,10,0.5
Czechoslovakia-cseh,USSR-kazah,0.02100840336134454,5,5
USSR-kazah,Czechoslovakia-cseh,0.625,5,0
Czechoslovakia-cseh,USSR-kirgiz,0.008403361344537815,2,2
USSR-kirgiz,Czechoslovakia-cseh,0.6666666666666666,2,0
Czechoslovakia-cseh,USSR-lett,0.06302521008403361,15,13.5
USSR-lett,Czechoslovakia-cseh,0.5555555555555556,15,1.5
Czechoslovakia-cseh,USSR-litván,0.06722689075630252,16,10
USSR-litván,Czechoslovakia-cseh,0.4444444444444444,16,6
Czechoslovakia-cseh,USSR-moldva,0.012605042016806723,3,3
USSR-moldva,Czechoslovakia-cseh,0.375,3,0
Czechoslovakia-cseh,USSR-orosz,0.24369747899159663,58,32.5
USSR-orosz,Czechoslovakia-cseh,0.28019323671497587,58,25.5
Czechoslovakia-cseh,USSR-tadzsik,0.008403361344537815,2,1
USSR-tadzsik,Czechoslovakia-cseh,0.4,2,1
Czechoslovakia-cseh,USSR-türkmén,0.012605042016806723,3,2
USSR-türkmén,Czechoslovakia-cseh,0.75,3,1
Czechoslovakia-cseh,USSR-udmurt,0.004201680672268907,1,1
USSR-udmurt,Czechoslovakia-cseh,1,1,0
Czechoslovakia-cseh,USSR-ukrán,0.10504201680672269,25,18.5
USSR-ukrán,Czechoslovakia-cseh,0.44642857142857145,25,6.5
Czechoslovakia-cseh,USSR-észt,0.05042016806722689,12,6.5
USSR-észt,Czechoslovakia-cseh,0.4,12,5.5
Czechoslovakia-cseh,USSR-örmény,0.029411764705882353,7,6
USSR-örmény,Czechoslovakia-cseh,0.4375,7,1
Czechoslovakia-cseh,USSR-üzbég,0.01680672268907563,4,4
USSR-üzbég,Czechoslovakia-cseh,0.5,4,0
Czechoslovakia-cseh,Venezuela,0,0,0
Venezuela,Czechoslovakia-cseh,0,0,0
Czechoslovakia-cseh,Vietnam,0.012605042016806723,3,2
Vietnam,Czechoslovakia-cseh,1,3,1
Czechoslovakia-cseh,Yugoslavia,0.15966386554621848,38,19
Yugoslavia,Czechoslovakia-cseh,0.296875,38,19
Czechoslovakia-szlovák,Czechoslovakia-szlovák,NA,NA,NA
Czechoslovakia-szlovák,Denmark,0.003484320557491289,1,0
Denmark,Czechoslovakia-szlovák,0.0625,1,1
Czechoslovakia-szlovák,Egypt,0.003484320557491289,1,1
Egypt,Czechoslovakia-szlovák,0.25,1,0
Czechoslovakia-szlovák,Federal Republic of Germany,0.09407665505226481,27,9
Federal Republic of Germany,Czechoslovakia-szlovák,0.16463414634146342,27,18
Czechoslovakia-szlovák,Finland,0.03484320557491289,10,6
Finland,Czechoslovakia-szlovák,0.22727272727272727,10,4
Czechoslovakia-szlovák,France,0.08013937282229965,23,8.5
France,Czechoslovakia-szlovák,0.24731182795698925,23,14.5
Czechoslovakia-szlovák,GDR,0.2682926829268293,77,35
GDR,Czechoslovakia-szlovák,0.30677290836653387,77,42
Czechoslovakia-szlovák,Greece,0.013937282229965157,4,4
Greece,Czechoslovakia-szlovák,1,4,0
Czechoslovakia-szlovák,Hungary,0.1602787456445993,46,22
Hungary,Czechoslovakia-szlovák,0.31724137931034485,46,24
Czechoslovakia-szlovák,India,0,0,0
India,Czechoslovakia-szlovák,0,0,0
Czechoslovakia-szlovák,Iran,0.006968641114982578,2,1.5
Iran,Czechoslovakia-szlovák,0.6666666666666666,2,0.5
Czechoslovakia-szlovák,Israel,0.013937282229965157,4,4
Israel,Czechoslovakia-szlovák,0.14285714285714285,4,0
Czechoslovakia-szlovák,Italy,0.04529616724738676,13,8
Italy,Czechoslovakia-szlovák,0.21666666666666667,13,5
Czechoslovakia-szlovák,Japan,0.020905923344947737,6,4.5
Japan,Czechoslovakia-szlovák,0.35294117647058826,6,1.5
Czechoslovakia-szlovák,Malaysia,0,0,0
Malaysia,Czechoslovakia-szlovák,0,0,0
Czechoslovakia-szlovák,Mexico,0.003484320557491289,1,0
Mexico,Czechoslovakia-szlovák,0.5,1,1
Czechoslovakia-szlovák,Mongolia,0.003484320557491289,1,0.5
Mongolia,Czechoslovakia-szlovák,0.3333333333333333,1,0.5
Czechoslovakia-szlovák,Netherlands,0.0313588850174216,9,6.5
Netherlands,Czechoslovakia-szlovák,0.20454545454545456,9,2.5
Czechoslovakia-szlovák,Norway,0.013937282229965157,4,2
Norway,Czechoslovakia-szlovák,0.2,4,2
Czechoslovakia-szlovák,Poland,0.21951219512195122,63,32.5
Poland,Czechoslovakia-szlovák,0.27631578947368424,63,30.5
Czechoslovakia-szlovák,Portugal,0.010452961672473868,3,1
Portugal,Czechoslovakia-szlovák,0.75,3,2
Czechoslovakia-szlovák,Romania,0.14982578397212543,43,29
Romania,Czechoslovakia-szlovák,0.27044025157232704,43,14
Czechoslovakia-szlovák,Singapore,0,0,0
Singapore,Czechoslovakia-szlovák,0,0,0
Czechoslovakia-szlovák,South Korea,0,0,0
South Korea,Czechoslovakia-szlovák,0,0,0
Czechoslovakia-szlovák,Spain,0.041811846689895474,12,7.5
Spain,Czechoslovakia-szlovák,0.17647058823529413,12,4.5
Czechoslovakia-szlovák,Sweden,0.041811846689895474,12,5.5
Sweden,Czechoslovakia-szlovák,0.2727272727272727,12,6.5
Czechoslovakia-szlovák,Switzerland,0.020905923344947737,6,4
Switzerland,Czechoslovakia-szlovák,0.2608695652173913,6,2
Czechoslovakia-szlovák,Turkey,0.020905923344947737,6,1.5
Turkey,Czechoslovakia-szlovák,0.1935483870967742,6,4.5
Czechoslovakia-szlovák,UK,0.027874564459930314,8,3.5
UK,Czechoslovakia-szlovák,0.25,8,4.5
Czechoslovakia-szlovák,USA,0.024390243902439025,7,4
USA,Czechoslovakia-szlovák,0.18421052631578946,7,3
Czechoslovakia-szlovák,USSR-altaji,0,0,0
USSR-altaji,Czechoslovakia-szlovák,0,0,0
Czechoslovakia-szlovák,USSR-azerbajdzsán,0.003484320557491289,1,1
USSR-azerbajdzsán,Czechoslovakia-szlovák,0.14285714285714285,1,0
Czechoslovakia-szlovák,USSR-csuvas,0,0,0
USSR-csuvas,Czechoslovakia-szlovák,0,0,0
Czechoslovakia-szlovák,USSR-fehérorosz,0,0,0
USSR-fehérorosz,Czechoslovakia-szlovák,0,0,0
Czechoslovakia-szlovák,USSR-finn,0,0,0
USSR-finn,Czechoslovakia-szlovák,0,0,0
Czechoslovakia-szlovák,USSR-grúz,0.03484320557491289,10,9
USSR-grúz,Czechoslovakia-szlovák,0.38461538461538464,10,1
Czechoslovakia-szlovák,USSR-kazah,0.013937282229965157,4,4
USSR-kazah,Czechoslovakia-szlovák,0.5,4,0
Czechoslovakia-szlovák,USSR-kirgiz,0.006968641114982578,2,1
USSR-kirgiz,Czechoslovakia-szlovák,0.6666666666666666,2,1
Czechoslovakia-szlovák,USSR-lett,0.05226480836236934,15,14.5
USSR-lett,Czechoslovakia-szlovák,0.5555555555555556,15,0.5
Czechoslovakia-szlovák,USSR-litván,0.06968641114982578,20,13.5
USSR-litván,Czechoslovakia-szlovák,0.5555555555555556,20,6.5
Czechoslovakia-szlovák,USSR-moldva,0.013937282229965157,4,4
USSR-moldva,Czechoslovakia-szlovák,0.5,4,0
Czechoslovakia-szlovák,USSR-orosz,0.20905923344947736,60,34.5
USSR-orosz,Czechoslovakia-szlovák,0.2898550724637681,60,25.5
Czechoslovakia-szlovák,USSR-tadzsik,0,0,0
USSR-tadzsik,Czechoslovakia-szlovák,0,0,0
Czechoslovakia-szlovák,USSR-türkmén,0.006968641114982578,2,2
USSR-türkmén,Czechoslovakia-szlovák,0.5,2,0
Czechoslovakia-szlovák,USSR-udmurt,0,0,0
USSR-udmurt,Czechoslovakia-szlovák,0,0,0
Czechoslovakia-szlovák,USSR-ukrán,0.0627177700348432,18,13.5
USSR-ukrán,Czechoslovakia-szlovák,0.32142857142857145,18,4.5
Czechoslovakia-szlovák,USSR-észt,0.04878048780487805,14,11
USSR-észt,Czechoslovakia-szlovák,0.4666666666666667,14,3
Czechoslovakia-szlovák,USSR-örmény,0.03484320557491289,10,9
USSR-örmény,Czechoslovakia-szlovák,0.625,10,1
Czechoslovakia-szlovák,USSR-üzbég,0.017421602787456445,5,5
USSR-üzbég,Czechoslovakia-szlovák,0.625,5,0
Czechoslovakia-szlovák,Venezuela,0.003484320557491289,1,0
Venezuela,Czechoslovakia-szlovák,0.5,1,1
Czechoslovakia-szlovák,Vietnam,0.010452961672473868,3,3
Vietnam,Czechoslovakia-szlovák,1,3,0
Czechoslovakia-szlovák,Yugoslavia,0.11846689895470383,34,17
Yugoslavia,Czechoslovakia-szlovák,0.265625,34,17
Denmark,Denmark,NA,NA,NA
Denmark,Egypt,0,0,0
Egypt,Denmark,0,0,0
Denmark,Federal Republic of Germany,0.75,12,2.5
Federal Republic of Germany,Denmark,0.07317073170731707,12,9.5
Denmark,Finland,0.4375,7,4.5
Finland,Denmark,0.1590909090909091,7,2.5
Denmark,France,0.375,6,1
France,Denmark,0.06451612903225806,6,5
Denmark,GDR,0.1875,3,2
GDR,Denmark,0.01195219123505976,3,1
Denmark,Greece,0.0625,1,1
Greece,Denmark,0.25,1,0
Denmark,Hungary,0,0,0
Hungary,Denmark,0,0,0
Denmark,India,0,0,0
India,Denmark,0,0,0
Denmark,Iran,0,0,0
Iran,Denmark,0,0,0
Denmark,Israel,0,0,0
Israel,Denmark,0,0,0
Denmark,Italy,0.3125,5,2
Italy,Denmark,0.08333333333333333,5,3
Denmark,Japan,0.0625,1,1
Japan,Denmark,0.058823529411764705,1,0
Denmark,Malaysia,0,0,0
Malaysia,Denmark,0,0,0
Denmark,Mexico,0,0,0
Mexico,Denmark,0,0,0
Denmark,Mongolia,0,0,0
Mongolia,Denmark,0,0,0
Denmark,Netherlands,0.3125,5,1.5
Netherlands,Denmark,0.11363636363636363,5,3.5
Denmark,Norway,0.375,6,3
Norway,Denmark,0.3,6,3
Denmark,Poland,0.25,4,2
Poland,Denmark,0.017543859649122806,4,2
Denmark,Portugal,0,0,0
Portugal,Denmark,0,0,0
Denmark,Romania,0,0,0
Romania,Denmark,0,0,0
Denmark,Singapore,0,0,0
Singapore,Denmark,0,0,0
Denmark,South Korea,0,0,0
South Korea,Denmark,0,0,0
Denmark,Spain,0.3125,5,3
Spain,Denmark,0.07352941176470588,5,2
Denmark,Sweden,0.5,8,4.5
Sweden,Denmark,0.18181818181818182,8,3.5
Denmark,Switzerland,0,0,0
Switzerland,Denmark,0,0,0
Denmark,Turkey,0.0625,1,1
Turkey,Denmark,0.03225806451612903,1,0
Denmark,UK,0.25,4,2
UK,Denmark,0.125,4,2
Denmark,USA,0.25,4,0.5
USA,Denmark,0.10526315789473684,4,3.5
Denmark,USSR-altaji,0,0,0
USSR-altaji,Denmark,0,0,0
Denmark,USSR-azerbajdzsán,0,0,0
USSR-azerbajdzsán,Denmark,0,0,0
Denmark,USSR-csuvas,0,0,0
USSR-csuvas,Denmark,0,0,0
Denmark,USSR-fehérorosz,0.0625,1,1
USSR-fehérorosz,Denmark,0.16666666666666666,1,0
Denmark,USSR-finn,0,0,0
USSR-finn,Denmark,0,0,0
Denmark,USSR-grúz,0.0625,1,1
USSR-grúz,Denmark,0.038461538461538464,1,0
Denmark,USSR-kazah,0,0,0
USSR-kazah,Denmark,0,0,0
Denmark,USSR-kirgiz,0,0,0
USSR-kirgiz,Denmark,0,0,0
Denmark,USSR-lett,0,0,0
USSR-lett,Denmark,0,0,0
Denmark,USSR-litván,0,0,0
USSR-litván,Denmark,0,0,0
Denmark,USSR-moldva,0.0625,1,1
USSR-moldva,Denmark,0.125,1,0
Denmark,USSR-orosz,0.125,2,1
USSR-orosz,Denmark,0.00966183574879227,2,1
Denmark,USSR-tadzsik,0,0,0
USSR-tadzsik,Denmark,0,0,0
Denmark,USSR-türkmén,0,0,0
USSR-türkmén,Denmark,0,0,0
Denmark,USSR-udmurt,0,0,0
USSR-udmurt,Denmark,0,0,0
Denmark,USSR-ukrán,0,0,0
USSR-ukrán,Denmark,0,0,0
Denmark,USSR-észt,0.0625,1,1
USSR-észt,Denmark,0.03333333333333333,1,0
Denmark,USSR-örmény,0,0,0
USSR-örmény,Denmark,0,0,0
Denmark,USSR-üzbég,0,0,0
USSR-üzbég,Denmark,0,0,0
Denmark,Venezuela,0,0,0
Venezuela,Denmark,0,0,0
Denmark,Vietnam,0,0,0
Vietnam,Denmark,0,0,0
Denmark,Yugoslavia,0.4375,7,4.5
Yugoslavia,Denmark,0.0546875,7,2.5
Egypt,Egypt,NA,NA,NA
Egypt,Federal Republic of Germany,0.25,1,0
Federal Republic of Germany,Egypt,0.006097560975609756,1,1
Egypt,Finland,0,0,0
Finland,Egypt,0,0,0
Egypt,France,0.25,1,0
France,Egypt,0.010752688172043012,1,1
Egypt,GDR,0,0,0
GDR,Egypt,0,0,0
Egypt,Greece,0,0,0
Greece,Egypt,0,0,0
Egypt,Hungary,0,0,0
Hungary,Egypt,0,0,0
Egypt,India,0,0,0
India,Egypt,0,0,0
Egypt,Iran,0,0,0
Iran,Egypt,0,0,0
Egypt,Israel,0,0,0
Israel,Egypt,0,0,0
Egypt,Italy,0,0,0
Italy,Egypt,0,0,0
Egypt,Japan,0.25,1,1
Japan,Egypt,0.058823529411764705,1,0
Egypt,Malaysia,0,0,0
Malaysia,Egypt,0,0,0
Egypt,Mexico,0,0,0
Mexico,Egypt,0,0,0
Egypt,Mongolia,0,0,0
Mongolia,Egypt,0,0,0
Egypt,Netherlands,0.25,1,0
Netherlands,Egypt,0.022727272727272728,1,1
Egypt,Norway,0,0,0
Norway,Egypt,0,0,0
Egypt,Poland,0,0,0
Poland,Egypt,0,0,0
Egypt,Portugal,0,0,0
Portugal,Egypt,0,0,0
Egypt,Romania,0,0,0
Romania,Egypt,0,0,0
Egypt,Singapore,0,0,0
Singapore,Egypt,0,0,0
Egypt,South Korea,0.25,1,0.5
South Korea,Egypt,1,1,0.5
Egypt,Spain,0.25,1,0
Spain,Egypt,0.014705882352941176,1,1
Egypt,Sweden,0,0,0
Sweden,Egypt,0,0,0
Egypt,Switzerland,0,0,0
Switzerland,Egypt,0,0,0
Egypt,Turkey,0,0,0
Turkey,Egypt,0,0,0
Egypt,UK,0,0,0
UK,Egypt,0,0,0
Egypt,USA,0,0,0
USA,Egypt,0,0,0
Egypt,USSR-altaji,0,0,0
USSR-altaji,Egypt,0,0,0
Egypt,USSR-azerbajdzsán,0,0,0
USSR-azerbajdzsán,Egypt,0,0,0
Egypt,USSR-csuvas,0,0,0
USSR-csuvas,Egypt,0,0,0
Egypt,USSR-fehérorosz,0,0,0
USSR-fehérorosz,Egypt,0,0,0
Egypt,USSR-finn,0,0,0
USSR-finn,Egypt,0,0,0
Egypt,USSR-grúz,0,0,0
USSR-grúz,Egypt,0,0,0
Egypt,USSR-kazah,0,0,0
USSR-kazah,Egypt,0,0,0
Egypt,USSR-kirgiz,0.25,1,0
USSR-kirgiz,Egypt,0.3333333333333333,1,1
Egypt,USSR-lett,0,0,0
USSR-lett,Egypt,0,0,0
Egypt,USSR-litván,0,0,0
USSR-litván,Egypt,0,0,0
Egypt,USSR-moldva,0,0,0
USSR-moldva,Egypt,0,0,0
Egypt,USSR-orosz,0,0,0
USSR-orosz,Egypt,0,0,0
Egypt,USSR-tadzsik,0,0,0
USSR-tadzsik,Egypt,0,0,0
Egypt,USSR-türkmén,0,0,0
USSR-türkmén,Egypt,0,0,0
Egypt,USSR-udmurt,0,0,0
USSR-udmurt,Egypt,0,0,0
Egypt,USSR-ukrán,0,0,0
USSR-ukrán,Egypt,0,0,0
Egypt,USSR-észt,0.25,1,0
USSR-észt,Egypt,0.03333333333333333,1,1
Egypt,USSR-örmény,0,0,0
USSR-örmény,Egypt,0,0,0
Egypt,USSR-üzbég,0,0,0
USSR-üzbég,Egypt,0,0,0
Egypt,Venezuela,0,0,0
Venezuela,Egypt,0,0,0
Egypt,Vietnam,0,0,0
Vietnam,Egypt,0,0,0
Egypt,Yugoslavia,0,0,0
Yugoslavia,Egypt,0,0,0
Federal Republic of Germany,Federal Republic of Germany,NA,NA,NA
Federal Republic of Germany,Finland,0.12195121951219512,20,15
Finland,Federal Republic of Germany,0.45454545454545453,20,5
Federal Republic of Germany,France,0.2073170731707317,34,21
France,Federal Republic of Germany,0.3655913978494624,34,13
Federal Republic of Germany,GDR,0.18292682926829268,30,18
GDR,Federal Republic of Germany,0.11952191235059761,30,12
Federal Republic of Germany,Greece,0.012195121951219513,2,2
Greece,Federal Republic of Germany,0.5,2,0
Federal Republic of Germany,Hungary,0.0975609756097561,16,4
Hungary,Federal Republic of Germany,0.1103448275862069,16,12
Federal Republic of Germany,India,0.006097560975609756,1,1
India,Federal Republic of Germany,1,1,0
Federal Republic of Germany,Iran,0,0,0
Iran,Federal Republic of Germany,0,0,0
Federal Republic of Germany,Israel,0.03048780487804878,5,4
Israel,Federal Republic of Germany,0.17857142857142858,5,1
Federal Republic of Germany,Italy,0.12804878048780488,21,15
Italy,Federal Republic of Germany,0.35,21,6
Federal Republic of Germany,Japan,0.04878048780487805,8,5
Japan,Federal Republic of Germany,0.47058823529411764,8,3
Federal Republic of Germany,Malaysia,0.006097560975609756,1,1
Malaysia,Federal Republic of Germany,1,1,0
Federal Republic of Germany,Mexico,0,0,0
Mexico,Federal Republic of Germany,0,0,0
Federal Republic of Germany,Mongolia,0,0,0
Mongolia,Federal Republic of Germany,0,0,0
Federal Republic of Germany,Netherlands,0.12804878048780488,21,16
Netherlands,Federal Republic of Germany,0.4772727272727273,21,5
Federal Republic of Germany,Norway,0.054878048780487805,9,7.5
Norway,Federal Republic of Germany,0.45,9,1.5
Federal Republic of Germany,Poland,0.21951219512195122,36,22.5
Poland,Federal Republic of Germany,0.15789473684210525,36,13.5
Federal Republic of Germany,Portugal,0.006097560975609756,1,1
Portugal,Federal Republic of Germany,0.25,1,0
Federal Republic of Germany,Romania,0.07926829268292683,13,9
Romania,Federal Republic of Germany,0.08176100628930817,13,4
Federal Republic of Germany,Singapore,0.006097560975609756,1,1
Singapore,Federal Republic of Germany,1,1,0
Federal Republic of Germany,South Korea,0.006097560975609756,1,1
South Korea,Federal Republic of Germany,1,1,0
Federal Republic of Germany,Spain,0.16463414634146342,27,21.5
Spain,Federal Republic of Germany,0.39705882352941174,27,5.5
Federal Republic of Germany,Sweden,0.1524390243902439,25,18.5
Sweden,Federal Republic of Germany,0.5681818181818182,25,6.5
Federal Republic of Germany,Switzerland,0.024390243902439025,4,2
Switzerland,Federal Republic of Germany,0.17391304347826086,4,2
Federal Republic of Germany,Turkey,0.03048780487804878,5,4
Turkey,Federal Republic of Germany,0.16129032258064516,5,1
Federal Republic of Germany,UK,0.08536585365853659,14,11.5
UK,Federal Republic of Germany,0.4375,14,2.5
Federal Republic of Germany,USA,0.09146341463414634,15,12.5
USA,Federal Republic of Germany,0.39473684210526316,15,2.5
Federal Republic of Germany,USSR-altaji,0,0,0
USSR-altaji,Federal Republic of Germany,0,0,0
Federal Republic of Germany,USSR-azerbajdzsán,0.006097560975609756,1,1
USSR-azerbajdzsán,Federal Republic of Germany,0.14285714285714285,1,0
Federal Republic of Germany,USSR-csuvas,0,0,0
USSR-csuvas,Federal Republic of Germany,0,0,0
Federal Republic of Germany,USSR-fehérorosz,0.006097560975609756,1,1
USSR-fehérorosz,Federal Republic of Germany,0.16666666666666666,1,0
Federal Republic of Germany,USSR-finn,0,0,0
USSR-finn,Federal Republic of Germany,0,0,0
Federal Republic of Germany,USSR-grúz,0.018292682926829267,3,3
USSR-grúz,Federal Republic of Germany,0.11538461538461539,3,0
Federal Republic of Germany,USSR-kazah,0,0,0
USSR-kazah,Federal Republic of Germany,0,0,0
Federal Republic of Germany,USSR-kirgiz,0,0,0
USSR-kirgiz,Federal Republic of Germany,0,0,0
Federal Republic of Germany,USSR-lett,0.018292682926829267,3,3
USSR-lett,Federal Republic of Germany,0.1111111111111111,3,0
Federal Republic of Germany,USSR-litván,0.042682926829268296,7,5
USSR-litván,Federal Republic of Germany,0.19444444444444445,7,2
Federal Republic of Germany,USSR-moldva,0.012195121951219513,2,2
USSR-moldva,Federal Republic of Germany,0.25,2,0
Federal Republic of Germany,USSR-orosz,0.08536585365853659,14,9.5
USSR-orosz,Federal Republic of Germany,0.06763285024154589,14,4.5
Federal Republic of Germany,USSR-tadzsik,0,0,0
USSR-tadzsik,Federal Republic of Germany,0,0,0
Federal Republic of Germany,USSR-türkmén,0,0,0
USSR-türkmén,Federal Republic of Germany,0,0,0
Federal Republic of Germany,USSR-udmurt,0,0,0
USSR-udmurt,Federal Republic of Germany,0,0,0
Federal Republic of Germany,USSR-ukrán,0.036585365853658534,6,5
USSR-ukrán,Federal Republic of Germany,0.10714285714285714,6,1
Federal Republic of Germany,USSR-észt,0.054878048780487805,9,7
USSR-észt,Federal Republic of Germany,0.3,9,2
Federal Republic of Germany,USSR-örmény,0.006097560975609756,1,1
USSR-örmény,Federal Republic of Germany,0.0625,1,0
Federal Republic of Germany,USSR-üzbég,0.006097560975609756,1,1
USSR-üzbég,Federal Republic of Germany,0.125,1,0
Federal Republic of Germany,Venezuela,0.012195121951219513,2,2
Venezuela,Federal Republic of Germany,1,2,0
Federal Republic of Germany,Vietnam,0.006097560975609756,1,1
Vietnam,Federal Republic of Germany,0.3333333333333333,1,0
Federal Republic of Germany,Yugoslavia,0.17073170731707318,28,18.5
Yugoslavia,Federal Republic of Germany,0.21875,28,9.5
Finland,Finland,NA,NA,NA
Finland,France,0.36363636363636365,16,5.5
France,Finland,0.17204301075268819,16,10.5
Finland,GDR,0.2727272727272727,12,4.5
GDR,Finland,0.04780876494023904,12,7.5
Finland,Greece,0.06818181818181818,3,3
Greece,Finland,0.75,3,0
Finland,Hungary,0.13636363636363635,6,2.5
Hungary,Finland,0.041379310344827586,6,3.5
Finland,India,0,0,0
India,Finland,0,0,0
Finland,Iran,0.022727272727272728,1,1
Iran,Finland,0.3333333333333333,1,0
Finland,Israel,0.06818181818181818,3,3
Israel,Finland,0.10714285714285714,3,0
Finland,Italy,0.2727272727272727,12,6
Italy,Finland,0.2,12,6
Finland,Japan,0.09090909090909091,4,3
Japan,Finland,0.23529411764705882,4,1
Finland,Malaysia,0,0,0
Malaysia,Finland,0,0,0
Finland,Mexico,0,0,0
Mexico,Finland,0,0,0
Finland,Mongolia,0,0,0
Mongolia,Finland,0,0,0
Finland,Netherlands,0.18181818181818182,8,6
Netherlands,Finland,0.18181818181818182,8,2
Finland,Norway,0.1590909090909091,7,4.5
Norway,Finland,0.35,7,2.5
Finland,Poland,0.4090909090909091,18,10
Poland,Finland,0.07894736842105263,18,8
Finland,Portugal,0,0,0
Portugal,Finland,0,0,0
Finland,Romania,0.18181818181818182,8,5
Romania,Finland,0.050314465408805034,8,3
Finland,Singapore,0,0,0
Singapore,Finland,0,0,0
Finland,South Korea,0,0,0
South Korea,Finland,0,0,0
Finland,Spain,0.29545454545454547,13,9
Spain,Finland,0.19117647058823528,13,4
Finland,Sweden,0.29545454545454547,13,7.5
Sweden,Finland,0.29545454545454547,13,5.5
Finland,Switzerland,0,0,0
Switzerland,Finland,0,0,0
Finland,Turkey,0.09090909090909091,4,4
Turkey,Finland,0.12903225806451613,4,0
Finland,UK,0.13636363636363635,6,3.5
UK,Finland,0.1875,6,2.5
Finland,USA,0.1590909090909091,7,4
USA,Finland,0.18421052631578946,7,3
Finland,USSR-altaji,0,0,0
USSR-altaji,Finland,0,0,0
Finland,USSR-azerbajdzsán,0,0,0
USSR-azerbajdzsán,Finland,0,0,0
Finland,USSR-csuvas,0,0,0
USSR-csuvas,Finland,0,0,0
Finland,USSR-fehérorosz,0.022727272727272728,1,1
USSR-fehérorosz,Finland,0.16666666666666666,1,0
Finland,USSR-finn,0,0,0
USSR-finn,Finland,0,0,0
Finland,USSR-grúz,0.045454545454545456,2,2
USSR-grúz,Finland,0.07692307692307693,2,0
Finland,USSR-kazah,0,0,0
USSR-kazah,Finland,0,0,0
Finland,USSR-kirgiz,0,0,0
USSR-kirgiz,Finland,0,0,0
Finland,USSR-lett,0.022727272727272728,1,1
USSR-lett,Finland,0.037037037037037035,1,0
Finland,USSR-litván,0.06818181818181818,3,2
USSR-litván,Finland,0.08333333333333333,3,1
Finland,USSR-moldva,0.045454545454545456,2,2
USSR-moldva,Finland,0.25,2,0
Finland,USSR-orosz,0.13636363636363635,6,4
USSR-orosz,Finland,0.028985507246376812,6,2
Finland,USSR-tadzsik,0,0,0
USSR-tadzsik,Finland,0,0,0
Finland,USSR-türkmén,0,0,0
USSR-türkmén,Finland,0,0,0
Finland,USSR-udmurt,0,0,0
USSR-udmurt,Finland,0,0,0
Finland,USSR-ukrán,0.06818181818181818,3,2
USSR-ukrán,Finland,0.05357142857142857,3,1
Finland,USSR-észt,0.13636363636363635,6,4
USSR-észt,Finland,0.2,6,2
Finland,USSR-örmény,0.022727272727272728,1,1
USSR-örmény,Finland,0.0625,1,0
Finland,USSR-üzbég,0,0,0
USSR-üzbég,Finland,0,0,0
Finland,Venezuela,0,0,0
Venezuela,Finland,0,0,0
Finland,Vietnam,0.022727272727272728,1,0
Vietnam,Finland,0.3333333333333333,1,1
Finland,Yugoslavia,0.3409090909090909,15,9
Yugoslavia,Finland,0.1171875,15,6
France,France,NA,NA,NA
France,GDR,0.3333333333333333,31,19.5
GDR,France,0.12350597609561753,31,11.5
France,Greece,0.010752688172043012,1,1
Greece,France,0.25,1,0
France,Hungary,0.12903225806451613,12,6.5
Hungary,France,0.08275862068965517,12,5.5
France,India,0,0,0
India,France,0,0,0
France,Iran,0.010752688172043012,1,1
Iran,France,0.3333333333333333,1,0
France,Israel,0.06451612903225806,6,4
Israel,France,0.21428571428571427,6,2
France,Italy,0.20430107526881722,19,15.5
Italy,France,0.31666666666666665,19,3.5
France,Japan,0.07526881720430108,7,7
Japan,France,0.4117647058823529,7,0
France,Malaysia,0,0,0
Malaysia,France,0,0,0
France,Mexico,0.010752688172043012,1,0
Mexico,France,0.5,1,1
France,Mongolia,0,0,0
Mongolia,France,0,0,0
France,Netherlands,0.10752688172043011,10,8
Netherlands,France,0.22727272727272727,10,2
France,Norway,0.08602150537634409,8,4
Norway,France,0.4,8,4
France,Poland,0.3333333333333333,31,15
Poland,France,0.13596491228070176,31,16
France,Portugal,0.021505376344086023,2,2
Portugal,France,0.5,2,0
France,Romania,0.20430107526881722,19,14
Romania,France,0.11949685534591195,19,5
France,Singapore,0,0,0
Singapore,France,0,0,0
France,South Korea,0,0,0
South Korea,France,0,0,0
France,Spain,0.17204301075268819,16,12
Spain,France,0.23529411764705882,16,4
France,Sweden,0.22580645161290322,21,13.5
Sweden,France,0.4772727272727273,21,7.5
France,Switzerland,0.043010752688172046,4,3
Switzerland,France,0.17391304347826086,4,1
France,Turkey,0.043010752688172046,4,4
Turkey,France,0.12903225806451613,4,0
France,UK,0.12903225806451613,12,10
UK,France,0.375,12,2
France,USA,0.1827956989247312,17,12.5
USA,France,0.4473684210526316,17,4.5
France,USSR-altaji,0,0,0
USSR-altaji,France,0,0,0
France,USSR-azerbajdzsán,0.010752688172043012,1,1
USSR-azerbajdzsán,France,0.14285714285714285,1,0
France,USSR-csuvas,0,0,0
USSR-csuvas,France,0,0,0
France,USSR-fehérorosz,0.010752688172043012,1,1
USSR-fehérorosz,France,0.16666666666666666,1,0
France,USSR-finn,0,0,0
USSR-finn,France,0,0,0
France,USSR-grúz,0.053763440860215055,5,4
USSR-grúz,France,0.19230769230769232,5,1
France,USSR-kazah,0,0,0
USSR-kazah,France,0,0,0
France,USSR-kirgiz,0.010752688172043012,1,1
USSR-kirgiz,France,0.3333333333333333,1,0
France,USSR-lett,0.043010752688172046,4,4
USSR-lett,France,0.14814814814814814,4,0
France,USSR-litván,0.053763440860215055,5,3
USSR-litván,France,0.1388888888888889,5,2
France,USSR-moldva,0.03225806451612903,3,3
USSR-moldva,France,0.375,3,0
France,USSR-orosz,0.17204301075268819,16,10.5
USSR-orosz,France,0.07729468599033816,16,5.5
France,USSR-tadzsik,0,0,0
USSR-tadzsik,France,0,0,0
France,USSR-türkmén,0.010752688172043012,1,1
USSR-türkmén,France,0.25,1,0
France,USSR-udmurt,0,0,0
USSR-udmurt,France,0,0,0
France,USSR-ukrán,0.053763440860215055,5,3
USSR-ukrán,France,0.08928571428571429,5,2
France,USSR-észt,0.07526881720430108,7,5
USSR-észt,France,0.23333333333333334,7,2
France,USSR-örmény,0.021505376344086023,2,2
USSR-örmény,France,0.125,2,0
France,USSR-üzbég,0.010752688172043012,1,1
USSR-üzbég,France,0.125,1,0
France,Venezuela,0.021505376344086023,2,1
Venezuela,France,1,2,1
France,Vietnam,0.010752688172043012,1,1
Vietnam,France,0.3333333333333333,1,0
France,Yugoslavia,0.2903225806451613,27,17
Yugoslavia,France,0.2109375,27,10
GDR,GDR,NA,NA,NA
GDR,Greece,0.00398406374501992,1,1
Greece,GDR,0.25,1,0
GDR,Hungary,0.16733067729083664,42,21
Hungary,GDR,0.2896551724137931,42,21
GDR,India,0,0,0
India,GDR,0,0,0
GDR,Iran,0.00796812749003984,2,1.5
Iran,GDR,0.6666666666666666,2,0.5
GDR,Israel,0.01195219123505976,3,2
Israel,GDR,0.10714285714285714,3,1
GDR,Italy,0.06772908366533864,17,6
Italy,GDR,0.2833333333333333,17,11
GDR,Japan,0.0199203187250996,5,4
Japan,GDR,0.29411764705882354,5,1
GDR,Malaysia,0,0,0
Malaysia,GDR,0,0,0
GDR,Mexico,0.00398406374501992,1,1
Mexico,GDR,0.5,1,0
GDR,Mongolia,0.00796812749003984,2,1
Mongolia,GDR,0.6666666666666666,2,1
GDR,Netherlands,0.0398406374501992,10,5
Netherlands,GDR,0.22727272727272727,10,5
GDR,Norway,0.01593625498007968,4,0
Norway,GDR,0.2,4,4
GDR,Poland,0.2788844621513944,70,34
Poland,GDR,0.30701754385964913,70,36
GDR,Portugal,0.00796812749003984,2,2
Portugal,GDR,0.5,2,0
GDR,Romania,0.14741035856573706,37,20
Romania,GDR,0.23270440251572327,37,17
GDR,Singapore,0,0,0
Singapore,GDR,0,0,0
GDR,South Korea,0,0,0
South Korea,GDR,0,0,0
GDR,Spain,0.055776892430278883,14,5.5
Spain,GDR,0.20588235294117646,14,8.5
GDR,Sweden,0.06374501992031872,16,9
Sweden,GDR,0.36363636363636365,16,7
GDR,Switzerland,0.0199203187250996,5,1.5
Switzerland,GDR,0.21739130434782608,5,3.5
GDR,Turkey,0.0199203187250996,5,3
Turkey,GDR,0.16129032258064516,5,2
GDR,UK,0.0398406374501992,10,4.5
UK,GDR,0.3125,10,5.5
GDR,USA,0.03187250996015936,8,2
USA,GDR,0.21052631578947367,8,6
GDR,USSR-altaji,0.00398406374501992,1,1
USSR-altaji,GDR,1,1,0
GDR,USSR-azerbajdzsán,0.01593625498007968,4,2.5
USSR-azerbajdzsán,GDR,0.5714285714285714,4,1.5
GDR,USSR-csuvas,0.00398406374501992,1,0.5
USSR-csuvas,GDR,1,1,0.5
GDR,USSR-fehérorosz,0.00796812749003984,2,2
USSR-fehérorosz,GDR,0.3333333333333333,2,0
GDR,USSR-finn,0.00398406374501992,1,1
USSR-finn,GDR,1,1,0
GDR,USSR-grúz,0.05179282868525897,13,11
USSR-grúz,GDR,0.5,13,2
GDR,USSR-kazah,0.0199203187250996,5,5
USSR-kazah,GDR,0.625,5,0
GDR,USSR-kirgiz,0.00398406374501992,1,1
USSR-kirgiz,GDR,0.3333333333333333,1,0
GDR,USSR-lett,0.05179282868525897,13,12
USSR-lett,GDR,0.48148148148148145,13,1
GDR,USSR-litván,0.06772908366533864,17,13.5
USSR-litván,GDR,0.4722222222222222,17,3.5
GDR,USSR-moldva,0.0199203187250996,5,3.5
USSR-moldva,GDR,0.625,5,1.5
GDR,USSR-orosz,0.250996015936255,63,38
USSR-orosz,GDR,0.30434782608695654,63,25
GDR,USSR-tadzsik,0.00796812749003984,2,2
USSR-tadzsik,GDR,0.4,2,0
GDR,USSR-türkmén,0.01593625498007968,4,4
USSR-türkmén,GDR,1,4,0
GDR,USSR-udmurt,0.00398406374501992,1,1
USSR-udmurt,GDR,1,1,0
GDR,USSR-ukrán,0.09163346613545817,23,13.5
USSR-ukrán,GDR,0.4107142857142857,23,9.5
GDR,USSR-észt,0.04780876494023904,12,6
USSR-észt,GDR,0.4,12,6
GDR,USSR-örmény,0.03187250996015936,8,6.5
USSR-örmény,GDR,0.5,8,1.5
GDR,USSR-üzbég,0.0199203187250996,5,5
USSR-üzbég,GDR,0.625,5,0
GDR,Venezuela,0.00398406374501992,1,0
Venezuela,GDR,0.5,1,1
GDR,Vietnam,0.01195219123505976,3,3
Vietnam,GDR,1,3,0
GDR,Yugoslavia,0.11952191235059761,30,12
Yugoslavia,GDR,0.234375,30,18
Greece,Greece,NA,NA,NA
Greece,Hungary,0.5,2,0
Hungary,Greece,0.013793103448275862,2,2
Greece,India,0,0,0
India,Greece,0,0,0
Greece,Iran,0,0,0
Iran,Greece,0,0,0
Greece,Israel,0.25,1,1
Israel,Greece,0.03571428571428571,1,0
Greece,Italy,0.5,2,0
Italy,Greece,0.03333333333333333,2,2
Greece,Japan,0,0,0
Japan,Greece,0,0,0
Greece,Malaysia,0,0,0
Malaysia,Greece,0,0,0
Greece,Mexico,0,0,0
Mexico,Greece,0,0,0
Greece,Mongolia,0,0,0
Mongolia,Greece,0,0,0
Greece,Netherlands,0.25,1,0
Netherlands,Greece,0.022727272727272728,1,1
Greece,Norway,0.25,1,0
Norway,Greece,0.05,1,1
Greece,Poland,0.5,2,0
Poland,Greece,0.008771929824561403,2,2
Greece,Portugal,0,0,0
Portugal,Greece,0,0,0
Greece,Romania,0.5,2,0
Romania,Greece,0.012578616352201259,2,2
Greece,Singapore,0,0,0
Singapore,Greece,0,0,0
Greece,South Korea,0,0,0
South Korea,Greece,0,0,0
Greece,Spain,0.25,1,0
Spain,Greece,0.014705882352941176,1,1
Greece,Sweden,0,0,0
Sweden,Greece,0,0,0
Greece,Switzerland,0,0,0
Switzerland,Greece,0,0,0
Greece,Turkey,0,0,0
Turkey,Greece,0,0,0
Greece,UK,0,0,0
UK,Greece,0,0,0
Greece,USA,0,0,0
USA,Greece,0,0,0
Greece,USSR-altaji,0,0,0
USSR-altaji,Greece,0,0,0
Greece,USSR-azerbajdzsán,0,0,0
USSR-azerbajdzsán,Greece,0,0,0
Greece,USSR-csuvas,0,0,0
USSR-csuvas,Greece,0,0,0
Greece,USSR-fehérorosz,0,0,0
USSR-fehérorosz,Greece,0,0,0
Greece,USSR-finn,0,0,0
USSR-finn,Greece,0,0,0
Greece,USSR-grúz,0,0,0
USSR-grúz,Greece,0,0,0
Greece,USSR-kazah,0,0,0
USSR-kazah,Greece,0,0,0
Greece,USSR-kirgiz,0,0,0
USSR-kirgiz,Greece,0,0,0
Greece,USSR-lett,0,0,0
USSR-lett,Greece,0,0,0
Greece,USSR-litván,0.25,1,0
USSR-litván,Greece,0.027777777777777776,1,1
Greece,USSR-moldva,0,0,0
USSR-moldva,Greece,0,0,0
Greece,USSR-orosz,0.75,3,0
USSR-orosz,Greece,0.014492753623188406,3,3
Greece,USSR-tadzsik,0,0,0
USSR-tadzsik,Greece,0,0,0
Greece,USSR-türkmén,0,0,0
USSR-türkmén,Greece,0,0,0
Greece,USSR-udmurt,0,0,0
USSR-udmurt,Greece,0,0,0
Greece,USSR-ukrán,0.25,1,0
USSR-ukrán,Greece,0.017857142857142856,1,1
Greece,USSR-észt,0.25,1,0
USSR-észt,Greece,0.03333333333333333,1,1
Greece,USSR-örmény,0,0,0
USSR-örmény,Greece,0,0,0
Greece,USSR-üzbég,0,0,0
USSR-üzbég,Greece,0,0,0
Greece,Venezuela,0,0,0
Venezuela,Greece,0,0,0
Greece,Vietnam,0.25,1,0
Vietnam,Greece,0.3333333333333333,1,1
Greece,Yugoslavia,0.5,2,0
Yugoslavia,Greece,0.015625,2,2
Hungary,Hungary,NA,NA,NA
Hungary,India,0,0,0
India,Hungary,0,0,0
Hungary,Iran,0,0,0
Iran,Hungary,0,0,0
Hungary,Israel,0.041379310344827586,6,2
Israel,Hungary,0.21428571428571427,6,4
Hungary,Italy,0.05517241379310345,8,4
Italy,Hungary,0.13333333333333333,8,4
Hungary,Japan,0.027586206896551724,4,4
Japan,Hungary,0.23529411764705882,4,0
Hungary,Malaysia,0,0,0
Malaysia,Hungary,0,0,0
Hungary,Mexico,0,0,0
Mexico,Hungary,0,0,0
Hungary,Mongolia,0.006896551724137931,1,1
Mongolia,Hungary,0.3333333333333333,1,0
Hungary,Netherlands,0.04827586206896552,7,4
Netherlands,Hungary,0.1590909090909091,7,3
Hungary,Norway,0.020689655172413793,3,3
Norway,Hungary,0.15,3,0
Hungary,Poland,0.27586206896551724,40,25.5
Poland,Hungary,0.17543859649122806,40,14.5
Hungary,Portugal,0.006896551724137931,1,1
Portugal,Hungary,0.25,1,0
Hungary,Romania,0.16551724137931034,24,11.5
Romania,Hungary,0.1509433962264151,24,12.5
Hungary,Singapore,0,0,0
Singapore,Hungary,0,0,0
Hungary,South Korea,0,0,0
South Korea,Hungary,0,0,0
Hungary,Spain,0.027586206896551724,4,0
Spain,Hungary,0.058823529411764705,4,4
Hungary,Sweden,0.034482758620689655,5,3
Sweden,Hungary,0.11363636363636363,5,2
Hungary,Switzerland,0.020689655172413793,3,0
Switzerland,Hungary,0.13043478260869565,3,3
Hungary,Turkey,0.041379310344827586,6,3
Turkey,Hungary,0.1935483870967742,6,3
Hungary,UK,0.04827586206896552,7,4.5
UK,Hungary,0.21875,7,2.5
Hungary,USA,0.027586206896551724,4,3
USA,Hungary,0.10526315789473684,4,1
Hungary,USSR-altaji,0,0,0
USSR-altaji,Hungary,0,0,0
Hungary,USSR-azerbajdzsán,0.006896551724137931,1,1
USSR-azerbajdzsán,Hungary,0.14285714285714285,1,0
Hungary,USSR-csuvas,0,0,0
USSR-csuvas,Hungary,0,0,0
Hungary,USSR-fehérorosz,0,0,0
USSR-fehérorosz,Hungary,0,0,0
Hungary,USSR-finn,0,0,0
USSR-finn,Hungary,0,0,0
Hungary,USSR-grúz,0.05517241379310345,8,8
USSR-grúz,Hungary,0.3076923076923077,8,0
Hungary,USSR-kazah,0.013793103448275862,2,1
USSR-kazah,Hungary,0.25,2,1
Hungary,USSR-kirgiz,0,0,0
USSR-kirgiz,Hungary,0,0,0
Hungary,USSR-lett,0.05517241379310345,8,6
USSR-lett,Hungary,0.2962962962962963,8,2
Hungary,USSR-litván,0.0896551724137931,13,8
USSR-litván,Hungary,0.3611111111111111,13,5
Hungary,USSR-moldva,0.020689655172413793,3,1
USSR-moldva,Hungary,0.375,3,2
Hungary,USSR-orosz,0.2206896551724138,32,18
USSR-orosz,Hungary,0.15458937198067632,32,14
Hungary,USSR-tadzsik,0,0,0
USSR-tadzsik,Hungary,0,0,0
Hungary,USSR-türkmén,0.013793103448275862,2,2
USSR-türkmén,Hungary,0.5,2,0
Hungary,USSR-udmurt,0,0,0
USSR-udmurt,Hungary,0,0,0
Hungary,USSR-ukrán,0.09655172413793103,14,9
USSR-ukrán,Hungary,0.25,14,5
Hungary,USSR-észt,0.06206896551724138,9,5.5
USSR-észt,Hungary,0.3,9,3.5
Hungary,USSR-örmény,0.04827586206896552,7,5.5
USSR-örmény,Hungary,0.4375,7,1.5
Hungary,USSR-üzbég,0.034482758620689655,5,5
USSR-üzbég,Hungary,0.625,5,0
Hungary,Venezuela,0,0,0
Venezuela,Hungary,0,0,0
Hungary,Vietnam,0.020689655172413793,3,3
Vietnam,Hungary,1,3,0
Hungary,Yugoslavia,0.16551724137931034,24,12
Yugoslavia,Hungary,0.1875,24,12
India,India,NA,NA,NA
India,Iran,0,0,0
Iran,India,0,0,0
India,Israel,0,0,0
Israel,India,0,0,0
India,Italy,0,0,0
Italy,India,0,0,0
India,Japan,0,0,0
Japan,India,0,0,0
India,Malaysia,0,0,0
Malaysia,India,0,0,0
India,Mexico,0,0,0
Mexico,India,0,0,0
India,Mongolia,0,0,0
Mongolia,India,0,0,0
India,Netherlands,0,0,0
Netherlands,India,0,0,0
India,Norway,0,0,0
Norway,India,0,0,0
India,Poland,0,0,0
Poland,India,0,0,0
India,Portugal,0,0,0
Portugal,India,0,0,0
India,Romania,0,0,0
Romania,India,0,0,0
India,Singapore,0,0,0
Singapore,India,0,0,0
India,South Korea,0,0,0
South Korea,India,0,0,0
India,Spain,0,0,0
Spain,India,0,0,0
India,Sweden,0,0,0
Sweden,India,0,0,0
India,Switzerland,0,0,0
Switzerland,India,0,0,0
India,Turkey,0,0,0
Turkey,India,0,0,0
India,UK,0,0,0
UK,India,0,0,0
India,USA,1,1,0
USA,India,0.02631578947368421,1,1
India,USSR-altaji,0,0,0
USSR-altaji,India,0,0,0
India,USSR-azerbajdzsán,0,0,0
USSR-azerbajdzsán,India,0,0,0
India,USSR-csuvas,0,0,0
USSR-csuvas,India,0,0,0
India,USSR-fehérorosz,0,0,0
USSR-fehérorosz,India,0,0,0
India,USSR-finn,0,0,0
USSR-finn,India,0,0,0
India,USSR-grúz,0,0,0
USSR-grúz,India,0,0,0
India,USSR-kazah,0,0,0
USSR-kazah,India,0,0,0
India,USSR-kirgiz,0,0,0
USSR-kirgiz,India,0,0,0
India,USSR-lett,0,0,0
USSR-lett,India,0,0,0
India,USSR-litván,0,0,0
USSR-litván,India,0,0,0
India,USSR-moldva,0,0,0
USSR-moldva,India,0,0,0
India,USSR-orosz,0,0,0
USSR-orosz,India,0,0,0
India,USSR-tadzsik,0,0,0
USSR-tadzsik,India,0,0,0
India,USSR-türkmén,0,0,0
USSR-türkmén,India,0,0,0
India,USSR-udmurt,0,0,0
USSR-udmurt,India,0,0,0
India,USSR-ukrán,0,0,0
USSR-ukrán,India,0,0,0
India,USSR-észt,0,0,0
USSR-észt,India,0,0,0
India,USSR-örmény,0,0,0
USSR-örmény,India,0,0,0
India,USSR-üzbég,0,0,0
USSR-üzbég,India,0,0,0
India,Venezuela,0,0,0
Venezuela,India,0,0,0
India,Vietnam,0,0,0
Vietnam,India,0,0,0
India,Yugoslavia,1,1,0
Yugoslavia,India,0.0078125,1,1
Iran,Iran,NA,NA,NA
Iran,Israel,0,0,0
Israel,Iran,0,0,0
Iran,Italy,0.3333333333333333,1,0.5
Italy,Iran,0.016666666666666666,1,0.5
Iran,Japan,0,0,0
Japan,Iran,0,0,0
Iran,Malaysia,0,0,0
Malaysia,Iran,0,0,0
Iran,Mexico,0,0,0
Mexico,Iran,0,0,0
Iran,Mongolia,0,0,0
Mongolia,Iran,0,0,0
Iran,Netherlands,0,0,0
Netherlands,Iran,0,0,0
Iran,Norway,0,0,0
Norway,Iran,0,0,0
Iran,Poland,0.3333333333333333,1,0.5
Poland,Iran,0.0043859649122807015,1,0.5
Iran,Portugal,0,0,0
Portugal,Iran,0,0,0
Iran,Romania,0.3333333333333333,1,1
Romania,Iran,0.006289308176100629,1,0
Iran,Singapore,0,0,0
Singapore,Iran,0,0,0
Iran,South Korea,0,0,0
South Korea,Iran,0,0,0
Iran,Spain,0,0,0
Spain,Iran,0,0,0
Iran,Sweden,0,0,0
Sweden,Iran,0,0,0
Iran,Switzerland,0,0,0
Switzerland,Iran,0,0,0
Iran,Turkey,0,0,0
Turkey,Iran,0,0,0
Iran,UK,0,0,0
UK,Iran,0,0,0
Iran,USA,0,0,0
USA,Iran,0,0,0
Iran,USSR-altaji,0,0,0
USSR-altaji,Iran,0,0,0
Iran,USSR-azerbajdzsán,0,0,0
USSR-azerbajdzsán,Iran,0,0,0
Iran,USSR-csuvas,0,0,0
USSR-csuvas,Iran,0,0,0
Iran,USSR-fehérorosz,0,0,0
USSR-fehérorosz,Iran,0,0,0
Iran,USSR-finn,0,0,0
USSR-finn,Iran,0,0,0
Iran,USSR-grúz,0,0,0
USSR-grúz,Iran,0,0,0
Iran,USSR-kazah,0,0,0
USSR-kazah,Iran,0,0,0
Iran,USSR-kirgiz,0,0,0
USSR-kirgiz,Iran,0,0,0
Iran,USSR-lett,0,0,0
USSR-lett,Iran,0,0,0
Iran,USSR-litván,0,0,0
USSR-litván,Iran,0,0,0
Iran,USSR-moldva,0,0,0
USSR-moldva,Iran,0,0,0
Iran,USSR-orosz,0.3333333333333333,1,1
USSR-orosz,Iran,0.004830917874396135,1,0
Iran,USSR-tadzsik,0,0,0
USSR-tadzsik,Iran,0,0,0
Iran,USSR-türkmén,0,0,0
USSR-türkmén,Iran,0,0,0
Iran,USSR-udmurt,0,0,0
USSR-udmurt,Iran,0,0,0
Iran,USSR-ukrán,0,0,0
USSR-ukrán,Iran,0,0,0
Iran,USSR-észt,0,0,0
USSR-észt,Iran,0,0,0
Iran,USSR-örmény,0,0,0
USSR-örmény,Iran,0,0,0
Iran,USSR-üzbég,0,0,0
USSR-üzbég,Iran,0,0,0
Iran,Venezuela,0,0,0
Venezuela,Iran,0,0,0
Iran,Vietnam,0,0,0
Vietnam,Iran,0,0,0
Iran,Yugoslavia,0,0,0
Yugoslavia,Iran,0,0,0
Israel,Israel,NA,NA,NA
Israel,Italy,0.14285714285714285,4,2
Italy,Israel,0.06666666666666667,4,2
Israel,Japan,0,0,0
Japan,Israel,0,0,0
Israel,Malaysia,0,0,0
Malaysia,Israel,0,0,0
Israel,Mexico,0,0,0
Mexico,Israel,0,0,0
Israel,Mongolia,0,0,0
Mongolia,Israel,0,0,0
Israel,Netherlands,0.10714285714285714,3,1
Netherlands,Israel,0.06818181818181818,3,2
Israel,Norway,0.07142857142857142,2,1
Norway,Israel,0.1,2,1
Israel,Poland,0.21428571428571427,6,1
Poland,Israel,0.02631578947368421,6,5
Israel,Portugal,0,0,0
Portugal,Israel,0,0,0
Israel,Romania,0.17857142857142858,5,1
Romania,Israel,0.031446540880503145,5,4
Israel,Singapore,0,0,0
Singapore,Israel,0,0,0
Israel,South Korea,0,0,0
South Korea,Israel,0,0,0
Israel,Spain,0.07142857142857142,2,2
Spain,Israel,0.029411764705882353,2,0
Israel,Sweden,0.14285714285714285,4,2
Sweden,Israel,0.09090909090909091,4,2
Israel,Switzerland,0.03571428571428571,1,0
Switzerland,Israel,0.043478260869565216,1,1
Israel,Turkey,0.10714285714285714,3,1
Turkey,Israel,0.0967741935483871,3,2
Israel,UK,0.17857142857142858,5,0
UK,Israel,0.15625,5,5
Israel,USA,0.14285714285714285,4,1
USA,Israel,0.10526315789473684,4,3
Israel,USSR-altaji,0,0,0
USSR-altaji,Israel,0,0,0
Israel,USSR-azerbajdzsán,0.03571428571428571,1,1
USSR-azerbajdzsán,Israel,0.14285714285714285,1,0
Israel,USSR-csuvas,0,0,0
USSR-csuvas,Israel,0,0,0
Israel,USSR-fehérorosz,0,0,0
USSR-fehérorosz,Israel,0,0,0
Israel,USSR-finn,0,0,0
USSR-finn,Israel,0,0,0
Israel,USSR-grúz,0.03571428571428571,1,1
USSR-grúz,Israel,0.038461538461538464,1,0
Israel,USSR-kazah,0,0,0
USSR-kazah,Israel,0,0,0
Israel,USSR-kirgiz,0,0,0
USSR-kirgiz,Israel,0,0,0
Israel,USSR-lett,0.03571428571428571,1,0.5
USSR-lett,Israel,0.037037037037037035,1,0.5
Israel,USSR-litván,0.07142857142857142,2,1
USSR-litván,Israel,0.05555555555555555,2,1
Israel,USSR-moldva,0.03571428571428571,1,1
USSR-moldva,Israel,0.125,1,0
Israel,USSR-orosz,0.14285714285714285,4,2
USSR-orosz,Israel,0.01932367149758454,4,2
Israel,USSR-tadzsik,0,0,0
USSR-tadzsik,Israel,0,0,0
Israel,USSR-türkmén,0,0,0
USSR-türkmén,Israel,0,0,0
Israel,USSR-udmurt,0,0,0
USSR-udmurt,Israel,0,0,0
Israel,USSR-ukrán,0.14285714285714285,4,3
USSR-ukrán,Israel,0.07142857142857142,4,1
Israel,USSR-észt,0.10714285714285714,3,1.5
USSR-észt,Israel,0.1,3,1.5
Israel,USSR-örmény,0.03571428571428571,1,1
USSR-örmény,Israel,0.0625,1,0
Israel,USSR-üzbég,0.03571428571428571,1,1
USSR-üzbég,Israel,0.125,1,0
Israel,Venezuela,0,0,0
Venezuela,Israel,0,0,0
Israel,Vietnam,0,0,0
Vietnam,Israel,0,0,0
Israel,Yugoslavia,0.2857142857142857,8,4
Yugoslavia,Israel,0.0625,8,4
Italy,Italy,NA,NA,NA
Italy,Japan,0.06666666666666667,4,3
Japan,Italy,0.23529411764705882,4,1
Italy,Malaysia,0,0,0
Malaysia,Italy,0,0,0
Italy,Mexico,0.016666666666666666,1,1
Mexico,Italy,0.5,1,0
Italy,Mongolia,0,0,0
Mongolia,Italy,0,0,0
Italy,Netherlands,0.15,9,3.5
Netherlands,Italy,0.20454545454545456,9,5.5
Italy,Norway,0.1,6,3.5
Norway,Italy,0.3,6,2.5
Italy,Poland,0.31666666666666665,19,11.5
Poland,Italy,0.08333333333333333,19,7.5
Italy,Portugal,0.016666666666666666,1,0
Portugal,Italy,0.25,1,1
Italy,Romania,0.2,12,6
Romania,Italy,0.07547169811320754,12,6
Italy,Singapore,0,0,0
Singapore,Italy,0,0,0
Italy,South Korea,0,0,0
South Korea,Italy,0,0,0
Italy,Spain,0.16666666666666666,10,5
Spain,Italy,0.14705882352941177,10,5
Italy,Sweden,0.15,9,5.5
Sweden,Italy,0.20454545454545456,9,3.5
Italy,Switzerland,0.06666666666666667,4,3
Switzerland,Italy,0.17391304347826086,4,1
Italy,Turkey,0.06666666666666667,4,2
Turkey,Italy,0.12903225806451613,4,2
Italy,UK,0.13333333333333333,8,3
UK,Italy,0.25,8,5
Italy,USA,0.16666666666666666,10,4
USA,Italy,0.2631578947368421,10,6
Italy,USSR-altaji,0,0,0
USSR-altaji,Italy,0,0,0
Italy,USSR-azerbajdzsán,0.016666666666666666,1,1
USSR-azerbajdzsán,Italy,0.14285714285714285,1,0
Italy,USSR-csuvas,0,0,0
USSR-csuvas,Italy,0,0,0
Italy,USSR-fehérorosz,0,0,0
USSR-fehérorosz,Italy,0,0,0
Italy,USSR-finn,0,0,0
USSR-finn,Italy,0,0,0
Italy,USSR-grúz,0.05,3,3
USSR-grúz,Italy,0.11538461538461539,3,0
Italy,USSR-kazah,0.03333333333333333,2,1
USSR-kazah,Italy,0.25,2,1
Italy,USSR-kirgiz,0,0,0
USSR-kirgiz,Italy,0,0,0
Italy,USSR-lett,0.05,3,3
USSR-lett,Italy,0.1111111111111111,3,0
Italy,USSR-litván,0.06666666666666667,4,3
USSR-litván,Italy,0.1111111111111111,4,1
Italy,USSR-moldva,0.016666666666666666,1,1
USSR-moldva,Italy,0.125,1,0
Italy,USSR-orosz,0.21666666666666667,13,8
USSR-orosz,Italy,0.06280193236714976,13,5
Italy,USSR-tadzsik,0.016666666666666666,1,1
USSR-tadzsik,Italy,0.2,1,0
Italy,USSR-türkmén,0.016666666666666666,1,1
USSR-türkmén,Italy,0.25,1,0
Italy,USSR-udmurt,0,0,0
USSR-udmurt,Italy,0,0,0
Italy,USSR-ukrán,0.11666666666666667,7,6
USSR-ukrán,Italy,0.125,7,1
Italy,USSR-észt,0.08333333333333333,5,3
USSR-észt,Italy,0.16666666666666666,5,2
Italy,USSR-örmény,0.016666666666666666,1,1
USSR-örmény,Italy,0.0625,1,0
Italy,USSR-üzbég,0,0,0
USSR-üzbég,Italy,0,0,0
Italy,Venezuela,0.016666666666666666,1,1
Venezuela,Italy,0.5,1,0
Italy,Vietnam,0.016666666666666666,1,1
Vietnam,Italy,0.3333333333333333,1,0
Italy,Yugoslavia,0.25,15,9.5
Yugoslavia,Italy,0.1171875,15,5.5
Japan,Japan,NA,NA,NA
Japan,Malaysia,0,0,0
Malaysia,Japan,0,0,0
Japan,Mexico,0,0,0
Mexico,Japan,0,0,0
Japan,Mongolia,0.058823529411764705,1,1
Mongolia,Japan,0.3333333333333333,1,0
Japan,Netherlands,0.17647058823529413,3,1
Netherlands,Japan,0.06818181818181818,3,2
Japan,Norway,0.17647058823529413,3,2
Norway,Japan,0.15,3,1
Japan,Poland,0.35294117647058826,6,1
Poland,Japan,0.02631578947368421,6,5
Japan,Portugal,0.058823529411764705,1,0.5
Portugal,Japan,0.25,1,0.5
Japan,Romania,0.17647058823529413,3,0
Romania,Japan,0.018867924528301886,3,3
Japan,Singapore,0,0,0
Singapore,Japan,0,0,0
Japan,South Korea,0,0,0
South Korea,Japan,0,0,0
Japan,Spain,0.11764705882352941,2,2
Spain,Japan,0.029411764705882353,2,0
Japan,Sweden,0.23529411764705882,4,2
Sweden,Japan,0.09090909090909091,4,2
Japan,Switzerland,0.058823529411764705,1,1
Switzerland,Japan,0.043478260869565216,1,0
Japan,Turkey,0.17647058823529413,3,0.5
Turkey,Japan,0.0967741935483871,3,2.5
Japan,UK,0.058823529411764705,1,0
UK,Japan,0.03125,1,1
Japan,USA,0.11764705882352941,2,0
USA,Japan,0.05263157894736842,2,2
Japan,USSR-altaji,0,0,0
USSR-altaji,Japan,0,0,0
Japan,USSR-azerbajdzsán,0,0,0
USSR-azerbajdzsán,Japan,0,0,0
Japan,USSR-csuvas,0,0,0
USSR-csuvas,Japan,0,0,0
Japan,USSR-fehérorosz,0,0,0
USSR-fehérorosz,Japan,0,0,0
Japan,USSR-finn,0,0,0
USSR-finn,Japan,0,0,0
Japan,USSR-grúz,0.058823529411764705,1,1
USSR-grúz,Japan,0.038461538461538464,1,0
Japan,USSR-kazah,0,0,0
USSR-kazah,Japan,0,0,0
Japan,USSR-kirgiz,0.058823529411764705,1,0
USSR-kirgiz,Japan,0.3333333333333333,1,1
Japan,USSR-lett,0,0,0
USSR-lett,Japan,0,0,0
Japan,USSR-litván,0,0,0
USSR-litván,Japan,0,0,0
Japan,USSR-moldva,0,0,0
USSR-moldva,Japan,0,0,0
Japan,USSR-orosz,0.17647058823529413,3,1
USSR-orosz,Japan,0.014492753623188406,3,2
Japan,USSR-tadzsik,0,0,0
USSR-tadzsik,Japan,0,0,0
Japan,USSR-türkmén,0.058823529411764705,1,1
USSR-türkmén,Japan,0.25,1,0
Japan,USSR-udmurt,0,0,0
USSR-udmurt,Japan,0,0,0
Japan,USSR-ukrán,0.11764705882352941,2,0
USSR-ukrán,Japan,0.03571428571428571,2,2
Japan,USSR-észt,0.11764705882352941,2,0
USSR-észt,Japan,0.06666666666666667,2,2
Japan,USSR-örmény,0,0,0
USSR-örmény,Japan,0,0,0
Japan,USSR-üzbég,0,0,0
USSR-üzbég,Japan,0,0,0
Japan,Venezuela,0,0,0
Venezuela,Japan,0,0,0
Japan,Vietnam,0,0,0
Vietnam,Japan,0,0,0
Japan,Yugoslavia,0.29411764705882354,5,1.5
Yugoslavia,Japan,0.0390625,5,3.5
Malaysia,Malaysia,NA,NA,NA
Malaysia,Mexico,0,0,0
Mexico,Malaysia,0,0,0
Malaysia,Mongolia,0,0,0
Mongolia,Malaysia,0,0,0
Malaysia,Netherlands,0,0,0
Netherlands,Malaysia,0,0,0
Malaysia,Norway,0,0,0
Norway,Malaysia,0,0,0
Malaysia,Poland,0,0,0
Poland,Malaysia,0,0,0
Malaysia,Portugal,0,0,0
Portugal,Malaysia,0,0,0
Malaysia,Romania,0,0,0
Romania,Malaysia,0,0,0
Malaysia,Singapore,1,1,1
Singapore,Malaysia,1,1,0
Malaysia,South Korea,0,0,0
South Korea,Malaysia,0,0,0
Malaysia,Spain,0,0,0
Spain,Malaysia,0,0,0
Malaysia,Sweden,0,0,0
Sweden,Malaysia,0,0,0
Malaysia,Switzerland,0,0,0
Switzerland,Malaysia,0,0,0
Malaysia,Turkey,0,0,0
Turkey,Malaysia,0,0,0
Malaysia,UK,0,0,0
UK,Malaysia,0,0,0
Malaysia,USA,0,0,0
USA,Malaysia,0,0,0
Malaysia,USSR-altaji,0,0,0
USSR-altaji,Malaysia,0,0,0
Malaysia,USSR-azerbajdzsán,0,0,0
USSR-azerbajdzsán,Malaysia,0,0,0
Malaysia,USSR-csuvas,0,0,0
USSR-csuvas,Malaysia,0,0,0
Malaysia,USSR-fehérorosz,0,0,0
USSR-fehérorosz,Malaysia,0,0,0
Malaysia,USSR-finn,0,0,0
USSR-finn,Malaysia,0,0,0
Malaysia,USSR-grúz,0,0,0
USSR-grúz,Malaysia,0,0,0
Malaysia,USSR-kazah,0,0,0
USSR-kazah,Malaysia,0,0,0
Malaysia,USSR-kirgiz,0,0,0
USSR-kirgiz,Malaysia,0,0,0
Malaysia,USSR-lett,0,0,0
USSR-lett,Malaysia,0,0,0
Malaysia,USSR-litván,0,0,0
USSR-litván,Malaysia,0,0,0
Malaysia,USSR-moldva,0,0,0
USSR-moldva,Malaysia,0,0,0
Malaysia,USSR-orosz,0,0,0
USSR-orosz,Malaysia,0,0,0
Malaysia,USSR-tadzsik,0,0,0
USSR-tadzsik,Malaysia,0,0,0
Malaysia,USSR-türkmén,0,0,0
USSR-türkmén,Malaysia,0,0,0
Malaysia,USSR-udmurt,0,0,0
USSR-udmurt,Malaysia,0,0,0
Malaysia,USSR-ukrán,0,0,0
USSR-ukrán,Malaysia,0,0,0
Malaysia,USSR-észt,0,0,0
USSR-észt,Malaysia,0,0,0
Malaysia,USSR-örmény,0,0,0
USSR-örmény,Malaysia,0,0,0
Malaysia,USSR-üzbég,0,0,0
USSR-üzbég,Malaysia,0,0,0
Malaysia,Venezuela,0,0,0
Venezuela,Malaysia,0,0,0
Malaysia,Vietnam,0,0,0
Vietnam,Malaysia,0,0,0
Malaysia,Yugoslavia,0,0,0
Yugoslavia,Malaysia,0,0,0
Mexico,Mexico,NA,NA,NA
Mexico,Mongolia,0,0,0
Mongolia,Mexico,0,0,0
Mexico,Netherlands,0,0,0
Netherlands,Mexico,0,0,0
Mexico,Norway,0,0,0
Norway,Mexico,0,0,0
Mexico,Poland,0,0,0
Poland,Mexico,0,0,0
Mexico,Portugal,0,0,0
Portugal,Mexico,0,0,0
Mexico,Romania,0,0,0
Romania,Mexico,0,0,0
Mexico,Singapore,0,0,0
Singapore,Mexico,0,0,0
Mexico,South Korea,0,0,0
South Korea,Mexico,0,0,0
Mexico,Spain,0.5,1,1
Spain,Mexico,0.014705882352941176,1,0
Mexico,Sweden,0,0,0
Sweden,Mexico,0,0,0
Mexico,Switzerland,0,0,0
Switzerland,Mexico,0,0,0
Mexico,Turkey,0,0,0
Turkey,Mexico,0,0,0
Mexico,UK,0.5,1,0
UK,Mexico,0.03125,1,1
Mexico,USA,0.5,1,1
USA,Mexico,0.02631578947368421,1,0
Mexico,USSR-altaji,0,0,0
USSR-altaji,Mexico,0,0,0
Mexico,USSR-azerbajdzsán,0.5,1,0
USSR-azerbajdzsán,Mexico,0.14285714285714285,1,1
Mexico,USSR-csuvas,0,0,0
USSR-csuvas,Mexico,0,0,0
Mexico,USSR-fehérorosz,0,0,0
USSR-fehérorosz,Mexico,0,0,0
Mexico,USSR-finn,0,0,0
USSR-finn,Mexico,0,0,0
Mexico,USSR-grúz,0,0,0
USSR-grúz,Mexico,0,0,0
Mexico,USSR-kazah,0,0,0
USSR-kazah,Mexico,0,0,0
Mexico,USSR-kirgiz,0,0,0
USSR-kirgiz,Mexico,0,0,0
Mexico,USSR-lett,0,0,0
USSR-lett,Mexico,0,0,0
Mexico,USSR-litván,0.5,1,0
USSR-litván,Mexico,0.027777777777777776,1,1
Mexico,USSR-moldva,0,0,0
USSR-moldva,Mexico,0,0,0
Mexico,USSR-orosz,0.5,1,0
USSR-orosz,Mexico,0.004830917874396135,1,1
Mexico,USSR-tadzsik,0.5,1,0
USSR-tadzsik,Mexico,0.2,1,1
Mexico,USSR-türkmén,0.5,1,0
USSR-türkmén,Mexico,0.25,1,1
Mexico,USSR-udmurt,0,0,0
USSR-udmurt,Mexico,0,0,0
Mexico,USSR-ukrán,0.5,1,0
USSR-ukrán,Mexico,0.017857142857142856,1,1
Mexico,USSR-észt,0,0,0
USSR-észt,Mexico,0,0,0
Mexico,USSR-örmény,0,0,0
USSR-örmény,Mexico,0,0,0
Mexico,USSR-üzbég,0,0,0
USSR-üzbég,Mexico,0,0,0
Mexico,Venezuela,0,0,0
Venezuela,Mexico,0,0,0
Mexico,Vietnam,0,0,0
Vietnam,Mexico,0,0,0
Mexico,Yugoslavia,0.5,1,1
Yugoslavia,Mexico,0.0078125,1,0
Mongolia,Mongolia,NA,NA,NA
Mongolia,Netherlands,0,0,0
Netherlands,Mongolia,0,0,0
Mongolia,Norway,0,0,0
Norway,Mongolia,0,0,0
Mongolia,Poland,0.3333333333333333,1,0
Poland,Mongolia,0.0043859649122807015,1,1
Mongolia,Portugal,0.3333333333333333,1,0
Portugal,Mongolia,0.25,1,1
Mongolia,Romania,0,0,0
Romania,Mongolia,0,0,0
Mongolia,Singapore,0,0,0
Singapore,Mongolia,0,0,0
Mongolia,South Korea,0,0,0
South Korea,Mongolia,0,0,0
Mongolia,Spain,0,0,0
Spain,Mongolia,0,0,0
Mongolia,Sweden,0,0,0
Sweden,Mongolia,0,0,0
Mongolia,Switzerland,0,0,0
Switzerland,Mongolia,0,0,0
Mongolia,Turkey,0.3333333333333333,1,0
Turkey,Mongolia,0.03225806451612903,1,1
Mongolia,UK,0,0,0
UK,Mongolia,0,0,0
Mongolia,USA,0,0,0
USA,Mongolia,0,0,0
Mongolia,USSR-altaji,0.3333333333333333,1,1
USSR-altaji,Mongolia,1,1,0
Mongolia,USSR-azerbajdzsán,0.3333333333333333,1,1
USSR-azerbajdzsán,Mongolia,0.14285714285714285,1,0
Mongolia,USSR-csuvas,0.3333333333333333,1,1
USSR-csuvas,Mongolia,1,1,0
Mongolia,USSR-fehérorosz,0.3333333333333333,1,1
USSR-fehérorosz,Mongolia,0.16666666666666666,1,0
Mongolia,USSR-finn,0.3333333333333333,1,1
USSR-finn,Mongolia,1,1,0
Mongolia,USSR-grúz,0.3333333333333333,1,1
USSR-grúz,Mongolia,0.038461538461538464,1,0
Mongolia,USSR-kazah,0.3333333333333333,1,1
USSR-kazah,Mongolia,0.125,1,0
Mongolia,USSR-kirgiz,0,0,0
USSR-kirgiz,Mongolia,0,0,0
Mongolia,USSR-lett,0,0,0
USSR-lett,Mongolia,0,0,0
Mongolia,USSR-litván,0,0,0
USSR-litván,Mongolia,0,0,0
Mongolia,USSR-moldva,0.3333333333333333,1,1
USSR-moldva,Mongolia,0.125,1,0
Mongolia,USSR-orosz,0.3333333333333333,1,1
USSR-orosz,Mongolia,0.004830917874396135,1,0
Mongolia,USSR-tadzsik,0,0,0
USSR-tadzsik,Mongolia,0,0,0
Mongolia,USSR-türkmén,0.3333333333333333,1,1
USSR-türkmén,Mongolia,0.25,1,0
Mongolia,USSR-udmurt,0.3333333333333333,1,1
USSR-udmurt,Mongolia,1,1,0
Mongolia,USSR-ukrán,0,0,0
USSR-ukrán,Mongolia,0,0,0
Mongolia,USSR-észt,0,0,0
USSR-észt,Mongolia,0,0,0
Mongolia,USSR-örmény,0,0,0
USSR-örmény,Mongolia,0,0,0
Mongolia,USSR-üzbég,0,0,0
USSR-üzbég,Mongolia,0,0,0
Mongolia,Venezuela,0,0,0
Venezuela,Mongolia,0,0,0
Mongolia,Vietnam,0,0,0
Vietnam,Mongolia,0,0,0
Mongolia,Yugoslavia,0.3333333333333333,1,0
Yugoslavia,Mongolia,0.0078125,1,1
Netherlands,Netherlands,NA,NA,NA
Netherlands,Norway,0.09090909090909091,4,0
Norway,Netherlands,0.2,4,4
Netherlands,Poland,0.2727272727272727,12,2
Poland,Netherlands,0.05263157894736842,12,10
Netherlands,Portugal,0.022727272727272728,1,0
Portugal,Netherlands,0.25,1,1
Netherlands,Romania,0.1590909090909091,7,3
Romania,Netherlands,0.0440251572327044,7,4
Netherlands,Singapore,0,0,0
Singapore,Netherlands,0,0,0
Netherlands,South Korea,0.022727272727272728,1,1
South Korea,Netherlands,1,1,0
Netherlands,Spain,0.20454545454545456,9,6
Spain,Netherlands,0.1323529411764706,9,3
Netherlands,Sweden,0.22727272727272727,10,5
Sweden,Netherlands,0.22727272727272727,10,5
Netherlands,Switzerland,0.045454545454545456,2,1
Switzerland,Netherlands,0.08695652173913043,2,1
Netherlands,Turkey,0.022727272727272728,1,1
Turkey,Netherlands,0.03225806451612903,1,0
Netherlands,UK,0.18181818181818182,8,4
UK,Netherlands,0.25,8,4
Netherlands,USA,0.13636363636363635,6,3.5
USA,Netherlands,0.15789473684210525,6,2.5
Netherlands,USSR-altaji,0,0,0
USSR-altaji,Netherlands,0,0,0
Netherlands,USSR-azerbajdzsán,0,0,0
USSR-azerbajdzsán,Netherlands,0,0,0
Netherlands,USSR-csuvas,0,0,0
USSR-csuvas,Netherlands,0,0,0
Netherlands,USSR-fehérorosz,0,0,0
USSR-fehérorosz,Netherlands,0,0,0
Netherlands,USSR-finn,0,0,0
USSR-finn,Netherlands,0,0,0
Netherlands,USSR-grúz,0.022727272727272728,1,1
USSR-grúz,Netherlands,0.038461538461538464,1,0
Netherlands,USSR-kazah,0.022727272727272728,1,1
USSR-kazah,Netherlands,0.125,1,0
Netherlands,USSR-kirgiz,0,0,0
USSR-kirgiz,Netherlands,0,0,0
Netherlands,USSR-lett,0.06818181818181818,3,3
USSR-lett,Netherlands,0.1111111111111111,3,0
Netherlands,USSR-litván,0.06818181818181818,3,2
USSR-litván,Netherlands,0.08333333333333333,3,1
Netherlands,USSR-moldva,0.022727272727272728,1,1
USSR-moldva,Netherlands,0.125,1,0
Netherlands,USSR-orosz,0.09090909090909091,4,1.5
USSR-orosz,Netherlands,0.01932367149758454,4,2.5
Netherlands,USSR-tadzsik,0,0,0
USSR-tadzsik,Netherlands,0,0,0
Netherlands,USSR-türkmén,0,0,0
USSR-türkmén,Netherlands,0,0,0
Netherlands,USSR-udmurt,0,0,0
USSR-udmurt,Netherlands,0,0,0
Netherlands,USSR-ukrán,0.09090909090909091,4,2
USSR-ukrán,Netherlands,0.07142857142857142,4,2
Netherlands,USSR-észt,0.06818181818181818,3,1.5
USSR-észt,Netherlands,0.1,3,1.5
Netherlands,USSR-örmény,0.022727272727272728,1,1
USSR-örmény,Netherlands,0.0625,1,0
Netherlands,USSR-üzbég,0.022727272727272728,1,1
USSR-üzbég,Netherlands,0.125,1,0
Netherlands,Venezuela,0.022727272727272728,1,1
Venezuela,Netherlands,0.5,1,0
Netherlands,Vietnam,0.022727272727272728,1,0
Vietnam,Netherlands,0.3333333333333333,1,1
Netherlands,Yugoslavia,0.29545454545454547,13,6
Yugoslavia,Netherlands,0.1015625,13,7
Norway,Norway,NA,NA,NA
Norway,Poland,0.35,7,4.5
Poland,Norway,0.03070175438596491,7,2.5
Norway,Portugal,0,0,0
Portugal,Norway,0,0,0
Norway,Romania,0.1,2,1
Romania,Norway,0.012578616352201259,2,1
Norway,Singapore,0,0,0
Singapore,Norway,0,0,0
Norway,South Korea,0,0,0
South Korea,Norway,0,0,0
Norway,Spain,0.15,3,2
Spain,Norway,0.04411764705882353,3,1
Norway,Sweden,0.55,11,6
Sweden,Norway,0.25,11,5
Norway,Switzerland,0,0,0
Switzerland,Norway,0,0,0
Norway,Turkey,0.15,3,2
Turkey,Norway,0.0967741935483871,3,1
Norway,UK,0.2,4,1.5
UK,Norway,0.125,4,2.5
Norway,USA,0.3,6,1
USA,Norway,0.15789473684210525,6,5
Norway,USSR-altaji,0,0,0
USSR-altaji,Norway,0,0,0
Norway,USSR-azerbajdzsán,0,0,0
USSR-azerbajdzsán,Norway,0,0,0
Norway,USSR-csuvas,0,0,0
USSR-csuvas,Norway,0,0,0
Norway,USSR-fehérorosz,0,0,0
USSR-fehérorosz,Norway,0,0,0
Norway,USSR-finn,0,0,0
USSR-finn,Norway,0,0,0
Norway,USSR-grúz,0.1,2,1
USSR-grúz,Norway,0.07692307692307693,2,1
Norway,USSR-kazah,0,0,0
USSR-kazah,Norway,0,0,0
Norway,USSR-kirgiz,0,0,0
USSR-kirgiz,Norway,0,0,0
Norway,USSR-lett,0,0,0
USSR-lett,Norway,0,0,0
Norway,USSR-litván,0.05,1,0
USSR-litván,Norway,0.027777777777777776,1,1
Norway,USSR-moldva,0,0,0
USSR-moldva,Norway,0,0,0
Norway,USSR-orosz,0.1,2,0
USSR-orosz,Norway,0.00966183574879227,2,2
Norway,USSR-tadzsik,0,0,0
USSR-tadzsik,Norway,0,0,0
Norway,USSR-türkmén,0,0,0
USSR-türkmén,Norway,0,0,0
Norway,USSR-udmurt,0,0,0
USSR-udmurt,Norway,0,0,0
Norway,USSR-ukrán,0.05,1,0
USSR-ukrán,Norway,0.017857142857142856,1,1
Norway,USSR-észt,0.05,1,1
USSR-észt,Norway,0.03333333333333333,1,0
Norway,USSR-örmény,0,0,0
USSR-örmény,Norway,0,0,0
Norway,USSR-üzbég,0,0,0
USSR-üzbég,Norway,0,0,0
Norway,Venezuela,0,0,0
Venezuela,Norway,0,0,0
Norway,Vietnam,0,0,0
Vietnam,Norway,0,0,0
Norway,Yugoslavia,0.4,8,6.5
Yugoslavia,Norway,0.0625,8,1.5
Poland,Poland,NA,NA,NA
Poland,Portugal,0.008771929824561403,2,2
Portugal,Poland,0.5,2,0
Poland,Romania,0.17982456140350878,41,22
Romania,Poland,0.2578616352201258,41,19
Poland,Singapore,0,0,0
Singapore,Poland,0,0,0
Poland,South Korea,0,0,0
South Korea,Poland,0,0,0
Poland,Spain,0.05701754385964912,13,9
Spain,Poland,0.19117647058823528,13,4
Poland,Sweden,0.08333333333333333,19,11
Sweden,Poland,0.4318181818181818,19,8
Poland,Switzerland,0.021929824561403508,5,4
Switzerland,Poland,0.21739130434782608,5,1
Poland,Turkey,0.03070175438596491,7,4
Turkey,Poland,0.22580645161290322,7,3
Poland,UK,0.04824561403508772,11,5
UK,Poland,0.34375,11,6
Poland,USA,0.03508771929824561,8,4.5
USA,Poland,0.21052631578947367,8,3.5
Poland,USSR-altaji,0,0,0
USSR-altaji,Poland,0,0,0
Poland,USSR-azerbajdzsán,0,0,0
USSR-azerbajdzsán,Poland,0,0,0
Poland,USSR-csuvas,0,0,0
USSR-csuvas,Poland,0,0,0
Poland,USSR-fehérorosz,0,0,0
USSR-fehérorosz,Poland,0,0,0
Poland,USSR-finn,0,0,0
USSR-finn,Poland,0,0,0
Poland,USSR-grúz,0.03070175438596491,7,7
USSR-grúz,Poland,0.2692307692307692,7,0
Poland,USSR-kazah,0.013157894736842105,3,2
USSR-kazah,Poland,0.375,3,1
Poland,USSR-kirgiz,0.0043859649122807015,1,1
USSR-kirgiz,Poland,0.3333333333333333,1,0
Poland,USSR-lett,0.04824561403508772,11,8.5
USSR-lett,Poland,0.4074074074074074,11,2.5
Poland,USSR-litván,0.07456140350877193,17,13
USSR-litván,Poland,0.4722222222222222,17,4
Poland,USSR-moldva,0.008771929824561403,2,2
USSR-moldva,Poland,0.25,2,0
Poland,USSR-orosz,0.17105263157894737,39,25.5
USSR-orosz,Poland,0.18840579710144928,39,13.5
Poland,USSR-tadzsik,0.0043859649122807015,1,1
USSR-tadzsik,Poland,0.2,1,0
Poland,USSR-türkmén,0.008771929824561403,2,2
USSR-türkmén,Poland,0.5,2,0
Poland,USSR-udmurt,0,0,0
USSR-udmurt,Poland,0,0,0
Poland,USSR-ukrán,0.07456140350877193,17,15
USSR-ukrán,Poland,0.30357142857142855,17,2
Poland,USSR-észt,0.05263157894736842,12,6.5
USSR-észt,Poland,0.4,12,5.5
Poland,USSR-örmény,0.021929824561403508,5,5
USSR-örmény,Poland,0.3125,5,0
Poland,USSR-üzbég,0.013157894736842105,3,2
USSR-üzbég,Poland,0.375,3,1
Poland,Venezuela,0,0,0
Venezuela,Poland,0,0,0
Poland,Vietnam,0.008771929824561403,2,2
Vietnam,Poland,0.6666666666666666,2,0
Poland,Yugoslavia,0.18859649122807018,43,17.5
Yugoslavia,Poland,0.3359375,43,25.5
Portugal,Portugal,NA,NA,NA
Portugal,Romania,0.25,1,0
Romania,Portugal,0.006289308176100629,1,1
Portugal,Singapore,0,0,0
Singapore,Portugal,0,0,0
Portugal,South Korea,0,0,0
South Korea,Portugal,0,0,0
Portugal,Spain,0,0,0
Spain,Portugal,0,0,0
Portugal,Sweden,0.5,2,0.5
Sweden,Portugal,0.045454545454545456,2,1.5
Portugal,Switzerland,0,0,0
Switzerland,Portugal,0,0,0
Portugal,Turkey,0.25,1,0.5
Turkey,Portugal,0.03225806451612903,1,0.5
Portugal,UK,0.25,1,0
UK,Portugal,0.03125,1,1
Portugal,USA,0.25,1,0
USA,Portugal,0.02631578947368421,1,1
Portugal,USSR-altaji,0,0,0
USSR-altaji,Portugal,0,0,0
Portugal,USSR-azerbajdzsán,0,0,0
USSR-azerbajdzsán,Portugal,0,0,0
Portugal,USSR-csuvas,0,0,0
USSR-csuvas,Portugal,0,0,0
Portugal,USSR-fehérorosz,0,0,0
USSR-fehérorosz,Portugal,0,0,0
Portugal,USSR-finn,0,0,0
USSR-finn,Portugal,0,0,0
Portugal,USSR-grúz,0,0,0
USSR-grúz,Portugal,0,0,0
Portugal,USSR-kazah,0,0,0
USSR-kazah,Portugal,0,0,0
Portugal,USSR-kirgiz,0,0,0
USSR-kirgiz,Portugal,0,0,0
Portugal,USSR-lett,0,0,0
USSR-lett,Portugal,0,0,0
Portugal,USSR-litván,0,0,0
USSR-litván,Portugal,0,0,0
Portugal,USSR-moldva,0,0,0
USSR-moldva,Portugal,0,0,0
Portugal,USSR-orosz,0.25,1,1
USSR-orosz,Portugal,0.004830917874396135,1,0
Portugal,USSR-tadzsik,0,0,0
USSR-tadzsik,Portugal,0,0,0
Portugal,USSR-türkmén,0.25,1,1
USSR-türkmén,Portugal,0.25,1,0
Portugal,USSR-udmurt,0,0,0
USSR-udmurt,Portugal,0,0,0
Portugal,USSR-ukrán,0,0,0
USSR-ukrán,Portugal,0,0,0
Portugal,USSR-észt,0,0,0
USSR-észt,Portugal,0,0,0
Portugal,USSR-örmény,0,0,0
USSR-örmény,Portugal,0,0,0
Portugal,USSR-üzbég,0,0,0
USSR-üzbég,Portugal,0,0,0
Portugal,Venezuela,0,0,0
Venezuela,Portugal,0,0,0
Portugal,Vietnam,0,0,0
Vietnam,Portugal,0,0,0
Portugal,Yugoslavia,0.5,2,1
Yugoslavia,Portugal,0.015625,2,1
Romania,Romania,NA,NA,NA
Romania,Singapore,0,0,0
Singapore,Romania,0,0,0
Romania,South Korea,0,0,0
South Korea,Romania,0,0,0
Romania,Spain,0.06289308176100629,10,4.5
Spain,Romania,0.14705882352941177,10,5.5
Romania,Sweden,0.06289308176100629,10,4.5
Sweden,Romania,0.22727272727272727,10,5.5
Romania,Switzerland,0.025157232704402517,4,1
Switzerland,Romania,0.17391304347826086,4,3
Romania,Turkey,0.03773584905660377,6,1
Turkey,Romania,0.1935483870967742,6,5
Romania,UK,0.031446540880503145,5,1
UK,Romania,0.15625,5,4
Romania,USA,0.03773584905660377,6,2
USA,Romania,0.15789473684210525,6,4
Romania,USSR-altaji,0,0,0
USSR-altaji,Romania,0,0,0
Romania,USSR-azerbajdzsán,0,0,0
USSR-azerbajdzsán,Romania,0,0,0
Romania,USSR-csuvas,0,0,0
USSR-csuvas,Romania,0,0,0
Romania,USSR-fehérorosz,0,0,0
USSR-fehérorosz,Romania,0,0,0
Romania,USSR-finn,0,0,0
USSR-finn,Romania,0,0,0
Romania,USSR-grúz,0.050314465408805034,8,7
USSR-grúz,Romania,0.3076923076923077,8,1
Romania,USSR-kazah,0.018867924528301886,3,3
USSR-kazah,Romania,0.375,3,0
Romania,USSR-kirgiz,0,0,0
USSR-kirgiz,Romania,0,0,0
Romania,USSR-lett,0.0440251572327044,7,5.5
USSR-lett,Romania,0.25925925925925924,7,1.5
Romania,USSR-litván,0.06289308176100629,10,7
USSR-litván,Romania,0.2777777777777778,10,3
Romania,USSR-moldva,0.012578616352201259,2,2
USSR-moldva,Romania,0.25,2,0
Romania,USSR-orosz,0.1949685534591195,31,20
USSR-orosz,Romania,0.1497584541062802,31,11
Romania,USSR-tadzsik,0,0,0
USSR-tadzsik,Romania,0,0,0
Romania,USSR-türkmén,0.006289308176100629,1,1
USSR-türkmén,Romania,0.25,1,0
Romania,USSR-udmurt,0,0,0
USSR-udmurt,Romania,0,0,0
Romania,USSR-ukrán,0.08176100628930817,13,9.5
USSR-ukrán,Romania,0.23214285714285715,13,3.5
Romania,USSR-észt,0.0440251572327044,7,4
USSR-észt,Romania,0.23333333333333334,7,3
Romania,USSR-örmény,0.025157232704402517,4,4
USSR-örmény,Romania,0.25,4,0
Romania,USSR-üzbég,0.025157232704402517,4,3.5
USSR-üzbég,Romania,0.5,4,0.5
Romania,Venezuela,0,0,0
Venezuela,Romania,0,0,0
Romania,Vietnam,0.018867924528301886,3,3
Vietnam,Romania,1,3,0
Romania,Yugoslavia,0.11949685534591195,19,7
Yugoslavia,Romania,0.1484375,19,12
Singapore,Singapore,NA,NA,NA
Singapore,South Korea,0,0,0
South Korea,Singapore,0,0,0
Singapore,Spain,0,0,0
Spain,Singapore,0,0,0
Singapore,Sweden,0,0,0
Sweden,Singapore,0,0,0
Singapore,Switzerland,0,0,0
Switzerland,Singapore,0,0,0
Singapore,Turkey,0,0,0
Turkey,Singapore,0,0,0
Singapore,UK,0,0,0
UK,Singapore,0,0,0
Singapore,USA,0,0,0
USA,Singapore,0,0,0
Singapore,USSR-altaji,0,0,0
USSR-altaji,Singapore,0,0,0
Singapore,USSR-azerbajdzsán,0,0,0
USSR-azerbajdzsán,Singapore,0,0,0
Singapore,USSR-csuvas,0,0,0
USSR-csuvas,Singapore,0,0,0
Singapore,USSR-fehérorosz,0,0,0
USSR-fehérorosz,Singapore,0,0,0
Singapore,USSR-finn,0,0,0
USSR-finn,Singapore,0,0,0
Singapore,USSR-grúz,0,0,0
USSR-grúz,Singapore,0,0,0
Singapore,USSR-kazah,0,0,0
USSR-kazah,Singapore,0,0,0
Singapore,USSR-kirgiz,0,0,0
USSR-kirgiz,Singapore,0,0,0
Singapore,USSR-lett,0,0,0
USSR-lett,Singapore,0,0,0
Singapore,USSR-litván,0,0,0
USSR-litván,Singapore,0,0,0
Singapore,USSR-moldva,0,0,0
USSR-moldva,Singapore,0,0,0
Singapore,USSR-orosz,0,0,0
USSR-orosz,Singapore,0,0,0
Singapore,USSR-tadzsik,0,0,0
USSR-tadzsik,Singapore,0,0,0
Singapore,USSR-türkmén,0,0,0
USSR-türkmén,Singapore,0,0,0
Singapore,USSR-udmurt,0,0,0
USSR-udmurt,Singapore,0,0,0
Singapore,USSR-ukrán,0,0,0
USSR-ukrán,Singapore,0,0,0
Singapore,USSR-észt,0,0,0
USSR-észt,Singapore,0,0,0
Singapore,USSR-örmény,0,0,0
USSR-örmény,Singapore,0,0,0
Singapore,USSR-üzbég,0,0,0
USSR-üzbég,Singapore,0,0,0
Singapore,Venezuela,0,0,0
Venezuela,Singapore,0,0,0
Singapore,Vietnam,0,0,0
Vietnam,Singapore,0,0,0
Singapore,Yugoslavia,0,0,0
Yugoslavia,Singapore,0,0,0
South Korea,South Korea,NA,NA,NA
South Korea,Spain,1,1,0
Spain,South Korea,0.014705882352941176,1,1
South Korea,Sweden,0,0,0
Sweden,South Korea,0,0,0
South Korea,Switzerland,0,0,0
Switzerland,South Korea,0,0,0
South Korea,Turkey,0,0,0
Turkey,South Korea,0,0,0
South Korea,UK,0,0,0
UK,South Korea,0,0,0
South Korea,USA,0,0,0
USA,South Korea,0,0,0
South Korea,USSR-altaji,0,0,0
USSR-altaji,South Korea,0,0,0
South Korea,USSR-azerbajdzsán,0,0,0
USSR-azerbajdzsán,South Korea,0,0,0
South Korea,USSR-csuvas,0,0,0
USSR-csuvas,South Korea,0,0,0
South Korea,USSR-fehérorosz,0,0,0
USSR-fehérorosz,South Korea,0,0,0
South Korea,USSR-finn,0,0,0
USSR-finn,South Korea,0,0,0
South Korea,USSR-grúz,0,0,0
USSR-grúz,South Korea,0,0,0
South Korea,USSR-kazah,0,0,0
USSR-kazah,South Korea,0,0,0
South Korea,USSR-kirgiz,0,0,0
USSR-kirgiz,South Korea,0,0,0
South Korea,USSR-lett,0,0,0
USSR-lett,South Korea,0,0,0
South Korea,USSR-litván,0,0,0
USSR-litván,South Korea,0,0,0
South Korea,USSR-moldva,0,0,0
USSR-moldva,South Korea,0,0,0
South Korea,USSR-orosz,0,0,0
USSR-orosz,South Korea,0,0,0
South Korea,USSR-tadzsik,0,0,0
USSR-tadzsik,South Korea,0,0,0
South Korea,USSR-türkmén,0,0,0
USSR-türkmén,South Korea,0,0,0
South Korea,USSR-udmurt,0,0,0
USSR-udmurt,South Korea,0,0,0
South Korea,USSR-ukrán,0,0,0
USSR-ukrán,South Korea,0,0,0
South Korea,USSR-észt,0,0,0
USSR-észt,South Korea,0,0,0
South Korea,USSR-örmény,0,0,0
USSR-örmény,South Korea,0,0,0
South Korea,USSR-üzbég,0,0,0
USSR-üzbég,South Korea,0,0,0
South Korea,Venezuela,0,0,0
Venezuela,South Korea,0,0,0
South Korea,Vietnam,0,0,0
Vietnam,South Korea,0,0,0
South Korea,Yugoslavia,0,0,0
Yugoslavia,South Korea,0,0,0
Spain,Spain,NA,NA,NA
Spain,Sweden,0.1323529411764706,9,6
Sweden,Spain,0.20454545454545456,9,3
Spain,Switzerland,0.058823529411764705,4,1
Switzerland,Spain,0.17391304347826086,4,3
Spain,Turkey,0.058823529411764705,4,2
Turkey,Spain,0.12903225806451613,4,2
Spain,UK,0.10294117647058823,7,3
UK,Spain,0.21875,7,4
Spain,USA,0.14705882352941177,10,4
USA,Spain,0.2631578947368421,10,6
Spain,USSR-altaji,0,0,0
USSR-altaji,Spain,0,0,0
Spain,USSR-azerbajdzsán,0,0,0
USSR-azerbajdzsán,Spain,0,0,0
Spain,USSR-csuvas,0,0,0
USSR-csuvas,Spain,0,0,0
Spain,USSR-fehérorosz,0.014705882352941176,1,1
USSR-fehérorosz,Spain,0.16666666666666666,1,0
Spain,USSR-finn,0,0,0
USSR-finn,Spain,0,0,0
Spain,USSR-grúz,0.058823529411764705,4,4
USSR-grúz,Spain,0.15384615384615385,4,0
Spain,USSR-kazah,0.014705882352941176,1,1
USSR-kazah,Spain,0.125,1,0
Spain,USSR-kirgiz,0,0,0
USSR-kirgiz,Spain,0,0,0
Spain,USSR-lett,0.029411764705882353,2,2
USSR-lett,Spain,0.07407407407407407,2,0
Spain,USSR-litván,0.058823529411764705,4,4
USSR-litván,Spain,0.1111111111111111,4,0
Spain,USSR-moldva,0.029411764705882353,2,2
USSR-moldva,Spain,0.25,2,0
Spain,USSR-orosz,0.10294117647058823,7,5.5
USSR-orosz,Spain,0.033816425120772944,7,1.5
Spain,USSR-tadzsik,0,0,0
USSR-tadzsik,Spain,0,0,0
Spain,USSR-türkmén,0,0,0
USSR-türkmén,Spain,0,0,0
Spain,USSR-udmurt,0,0,0
USSR-udmurt,Spain,0,0,0
Spain,USSR-ukrán,0.029411764705882353,2,2
USSR-ukrán,Spain,0.03571428571428571,2,0
Spain,USSR-észt,0.08823529411764706,6,4
USSR-észt,Spain,0.2,6,2
Spain,USSR-örmény,0.029411764705882353,2,2
USSR-örmény,Spain,0.125,2,0
Spain,USSR-üzbég,0,0,0
USSR-üzbég,Spain,0,0,0
Spain,Venezuela,0,0,0
Venezuela,Spain,0,0,0
Spain,Vietnam,0,0,0
Vietnam,Spain,0,0,0
Spain,Yugoslavia,0.3088235294117647,21,8.5
Yugoslavia,Spain,0.1640625,21,12.5
Sweden,Sweden,NA,NA,NA
Sweden,Switzerland,0.045454545454545456,2,0
Switzerland,Sweden,0.08695652173913043,2,2
Sweden,Turkey,0.11363636363636363,5,3
Turkey,Sweden,0.16129032258064516,5,2
Sweden,UK,0.18181818181818182,8,4
UK,Sweden,0.25,8,4
Sweden,USA,0.2727272727272727,12,3
USA,Sweden,0.3157894736842105,12,9
Sweden,USSR-altaji,0,0,0
USSR-altaji,Sweden,0,0,0
Sweden,USSR-azerbajdzsán,0.022727272727272728,1,1
USSR-azerbajdzsán,Sweden,0.14285714285714285,1,0
Sweden,USSR-csuvas,0,0,0
USSR-csuvas,Sweden,0,0,0
Sweden,USSR-fehérorosz,0,0,0
USSR-fehérorosz,Sweden,0,0,0
Sweden,USSR-finn,0,0,0
USSR-finn,Sweden,0,0,0
Sweden,USSR-grúz,0.06818181818181818,3,2
USSR-grúz,Sweden,0.11538461538461539,3,1
Sweden,USSR-kazah,0,0,0
USSR-kazah,Sweden,0,0,0
Sweden,USSR-kirgiz,0,0,0
USSR-kirgiz,Sweden,0,0,0
Sweden,USSR-lett,0.022727272727272728,1,1
USSR-lett,Sweden,0.037037037037037035,1,0
Sweden,USSR-litván,0.09090909090909091,4,2.5
USSR-litván,Sweden,0.1111111111111111,4,1.5
Sweden,USSR-moldva,0.022727272727272728,1,1
USSR-moldva,Sweden,0.125,1,0
Sweden,USSR-orosz,0.11363636363636363,5,3
USSR-orosz,Sweden,0.024154589371980676,5,2
Sweden,USSR-tadzsik,0,0,0
USSR-tadzsik,Sweden,0,0,0
Sweden,USSR-türkmén,0,0,0
USSR-türkmén,Sweden,0,0,0
Sweden,USSR-udmurt,0,0,0
USSR-udmurt,Sweden,0,0,0
Sweden,USSR-ukrán,0.045454545454545456,2,1
USSR-ukrán,Sweden,0.03571428571428571,2,1
Sweden,USSR-észt,0.11363636363636363,5,3
USSR-észt,Sweden,0.16666666666666666,5,2
Sweden,USSR-örmény,0.045454545454545456,2,1
USSR-örmény,Sweden,0.125,2,1
Sweden,USSR-üzbég,0.022727272727272728,1,1
USSR-üzbég,Sweden,0.125,1,0
Sweden,Venezuela,0.022727272727272728,1,1
Venezuela,Sweden,0.5,1,0
Sweden,Vietnam,0,0,0
Vietnam,Sweden,0,0,0
Sweden,Yugoslavia,0.45454545454545453,20,10.5
Yugoslavia,Sweden,0.15625,20,9.5
Switzerland,Switzerland,NA,NA,NA
Switzerland,Turkey,0.17391304347826086,4,2
Turkey,Switzerland,0.12903225806451613,4,2
Switzerland,UK,0.13043478260869565,3,1.5
UK,Switzerland,0.09375,3,1.5
Switzerland,USA,0.13043478260869565,3,1
USA,Switzerland,0.07894736842105263,3,2
Switzerland,USSR-altaji,0,0,0
USSR-altaji,Switzerland,0,0,0
Switzerland,USSR-azerbajdzsán,0,0,0
USSR-azerbajdzsán,Switzerland,0,0,0
Switzerland,USSR-csuvas,0,0,0
USSR-csuvas,Switzerland,0,0,0
Switzerland,USSR-fehérorosz,0,0,0
USSR-fehérorosz,Switzerland,0,0,0
Switzerland,USSR-finn,0,0,0
USSR-finn,Switzerland,0,0,0
Switzerland,USSR-grúz,0.08695652173913043,2,2
USSR-grúz,Switzerland,0.07692307692307693,2,0
Switzerland,USSR-kazah,0.043478260869565216,1,1
USSR-kazah,Switzerland,0.125,1,0
Switzerland,USSR-kirgiz,0,0,0
USSR-kirgiz,Switzerland,0,0,0
Switzerland,USSR-lett,0.043478260869565216,1,1
USSR-lett,Switzerland,0.037037037037037035,1,0
Switzerland,USSR-litván,0.043478260869565216,1,1
USSR-litván,Switzerland,0.027777777777777776,1,0
Switzerland,USSR-moldva,0,0,0
USSR-moldva,Switzerland,0,0,0
Switzerland,USSR-orosz,0.13043478260869565,3,2.5
USSR-orosz,Switzerland,0.014492753623188406,3,0.5
Switzerland,USSR-tadzsik,0,0,0
USSR-tadzsik,Switzerland,0,0,0
Switzerland,USSR-türkmén,0,0,0
USSR-türkmén,Switzerland,0,0,0
Switzerland,USSR-udmurt,0,0,0
USSR-udmurt,Switzerland,0,0,0
Switzerland,USSR-ukrán,0.08695652173913043,2,2
USSR-ukrán,Switzerland,0.03571428571428571,2,0
Switzerland,USSR-észt,0.08695652173913043,2,2
USSR-észt,Switzerland,0.06666666666666667,2,0
Switzerland,USSR-örmény,0.043478260869565216,1,1
USSR-örmény,Switzerland,0.0625,1,0
Switzerland,USSR-üzbég,0,0,0
USSR-üzbég,Switzerland,0,0,0
Switzerland,Venezuela,0,0,0
Venezuela,Switzerland,0,0,0
Switzerland,Vietnam,0,0,0
Vietnam,Switzerland,0,0,0
Switzerland,Yugoslavia,0.21739130434782608,5,1
Yugoslavia,Switzerland,0.0390625,5,4
Turkey,Turkey,NA,NA,NA
Turkey,UK,0.06451612903225806,2,0
UK,Turkey,0.0625,2,2
Turkey,USA,0.0967741935483871,3,1
USA,Turkey,0.07894736842105263,3,2
Turkey,USSR-altaji,0,0,0
USSR-altaji,Turkey,0,0,0
Turkey,USSR-azerbajdzsán,0,0,0
USSR-azerbajdzsán,Turkey,0,0,0
Turkey,USSR-csuvas,0,0,0
USSR-csuvas,Turkey,0,0,0
Turkey,USSR-fehérorosz,0,0,0
USSR-fehérorosz,Turkey,0,0,0
Turkey,USSR-finn,0,0,0
USSR-finn,Turkey,0,0,0
Turkey,USSR-grúz,0.0967741935483871,3,3
USSR-grúz,Turkey,0.11538461538461539,3,0
Turkey,USSR-kazah,0,0,0
USSR-kazah,Turkey,0,0,0
Turkey,USSR-kirgiz,0,0,0
USSR-kirgiz,Turkey,0,0,0
Turkey,USSR-lett,0,0,0
USSR-lett,Turkey,0,0,0
Turkey,USSR-litván,0.06451612903225806,2,1
USSR-litván,Turkey,0.05555555555555555,2,1
Turkey,USSR-moldva,0.03225806451612903,1,0
USSR-moldva,Turkey,0.125,1,1
Turkey,USSR-orosz,0.12903225806451613,4,3
USSR-orosz,Turkey,0.01932367149758454,4,1
Turkey,USSR-tadzsik,0,0,0
USSR-tadzsik,Turkey,0,0,0
Turkey,USSR-türkmén,0.03225806451612903,1,1
USSR-türkmén,Turkey,0.25,1,0
Turkey,USSR-udmurt,0,0,0
USSR-udmurt,Turkey,0,0,0
Turkey,USSR-ukrán,0.06451612903225806,2,1
USSR-ukrán,Turkey,0.03571428571428571,2,1
Turkey,USSR-észt,0.0967741935483871,3,2
USSR-észt,Turkey,0.1,3,1
Turkey,USSR-örmény,0.06451612903225806,2,1
USSR-örmény,Turkey,0.125,2,1
Turkey,USSR-üzbég,0,0,0
USSR-üzbég,Turkey,0,0,0
Turkey,Venezuela,0,0,0
Venezuela,Turkey,0,0,0
Turkey,Vietnam,0,0,0
Vietnam,Turkey,0,0,0
Turkey,Yugoslavia,0.25806451612903225,8,2.5
Yugoslavia,Turkey,0.0625,8,5.5
UK,UK,NA,NA,NA
UK,USA,0.4375,14,4.5
USA,UK,0.3684210526315789,14,9.5
UK,USSR-altaji,0,0,0
USSR-altaji,UK,0,0,0
UK,USSR-azerbajdzsán,0,0,0
USSR-azerbajdzsán,UK,0,0,0
UK,USSR-csuvas,0,0,0
USSR-csuvas,UK,0,0,0
UK,USSR-fehérorosz,0,0,0
USSR-fehérorosz,UK,0,0,0
UK,USSR-finn,0,0,0
USSR-finn,UK,0,0,0
UK,USSR-grúz,0.03125,1,1
USSR-grúz,UK,0.038461538461538464,1,0
UK,USSR-kazah,0.03125,1,1
USSR-kazah,UK,0.125,1,0
UK,USSR-kirgiz,0,0,0
USSR-kirgiz,UK,0,0,0
UK,USSR-lett,0.03125,1,1
USSR-lett,UK,0.037037037037037035,1,0
UK,USSR-litván,0.0625,2,1
USSR-litván,UK,0.05555555555555555,2,1
UK,USSR-moldva,0,0,0
USSR-moldva,UK,0,0,0
UK,USSR-orosz,0.15625,5,3
USSR-orosz,UK,0.024154589371980676,5,2
UK,USSR-tadzsik,0,0,0
USSR-tadzsik,UK,0,0,0
UK,USSR-türkmén,0,0,0
USSR-türkmén,UK,0,0,0
UK,USSR-udmurt,0,0,0
USSR-udmurt,UK,0,0,0
UK,USSR-ukrán,0.0625,2,2
USSR-ukrán,UK,0.03571428571428571,2,0
UK,USSR-észt,0.125,4,3
USSR-észt,UK,0.13333333333333333,4,1
UK,USSR-örmény,0.03125,1,1
USSR-örmény,UK,0.0625,1,0
UK,USSR-üzbég,0,0,0
USSR-üzbég,UK,0,0,0
UK,Venezuela,0,0,0
Venezuela,UK,0,0,0
UK,Vietnam,0.03125,1,1
Vietnam,UK,0.3333333333333333,1,0
UK,Yugoslavia,0.3125,10,7
Yugoslavia,UK,0.078125,10,3
USA,USA,NA,NA,NA
USA,USSR-altaji,0,0,0
USSR-altaji,USA,0,0,0
USA,USSR-azerbajdzsán,0,0,0
USSR-azerbajdzsán,USA,0,0,0
USA,USSR-csuvas,0,0,0
USSR-csuvas,USA,0,0,0
USA,USSR-fehérorosz,0,0,0
USSR-fehérorosz,USA,0,0,0
USA,USSR-finn,0,0,0
USSR-finn,USA,0,0,0
USA,USSR-grúz,0.02631578947368421,1,1
USSR-grúz,USA,0.038461538461538464,1,0
USA,USSR-kazah,0,0,0
USSR-kazah,USA,0,0,0
USA,USSR-kirgiz,0,0,0
USSR-kirgiz,USA,0,0,0
USA,USSR-lett,0.02631578947368421,1,1
USSR-lett,USA,0.037037037037037035,1,0
USA,USSR-litván,0.05263157894736842,2,1
USSR-litván,USA,0.05555555555555555,2,1
USA,USSR-moldva,0,0,0
USSR-moldva,USA,0,0,0
USA,USSR-orosz,0.10526315789473684,4,3
USSR-orosz,USA,0.01932367149758454,4,1
USA,USSR-tadzsik,0,0,0
USSR-tadzsik,USA,0,0,0
USA,USSR-türkmén,0,0,0
USSR-türkmén,USA,0,0,0
USA,USSR-udmurt,0,0,0
USSR-udmurt,USA,0,0,0
USA,USSR-ukrán,0.02631578947368421,1,1
USSR-ukrán,USA,0.017857142857142856,1,0
USA,USSR-észt,0.05263157894736842,2,1
USSR-észt,USA,0.06666666666666667,2,1
USA,USSR-örmény,0,0,0
USSR-örmény,USA,0,0,0
USA,USSR-üzbég,0,0,0
USSR-üzbég,USA,0,0,0
USA,Venezuela,0,0,0
Venezuela,USA,0,0,0
USA,Vietnam,0,0,0
Vietnam,USA,0,0,0
USA,Yugoslavia,0.3684210526315789,14,7
Yugoslavia,USA,0.109375,14,7
USSR-altaji,USSR-altaji,NA,NA,NA
USSR-altaji,USSR-azerbajdzsán,1,1,0
USSR-azerbajdzsán,USSR-altaji,0.14285714285714285,1,1
USSR-altaji,USSR-csuvas,1,1,0
USSR-csuvas,USSR-altaji,1,1,1
USSR-altaji,USSR-fehérorosz,1,1,0
USSR-fehérorosz,USSR-altaji,0.16666666666666666,1,1
USSR-altaji,USSR-finn,1,1,0
USSR-finn,USSR-altaji,1,1,1
USSR-altaji,USSR-grúz,1,1,0
USSR-grúz,USSR-altaji,0.038461538461538464,1,1
USSR-altaji,USSR-kazah,1,1,0
USSR-kazah,USSR-altaji,0.125,1,1
USSR-altaji,USSR-kirgiz,0,0,0
USSR-kirgiz,USSR-altaji,0,0,0
USSR-altaji,USSR-lett,0,0,0
USSR-lett,USSR-altaji,0,0,0
USSR-altaji,USSR-litván,0,0,0
USSR-litván,USSR-altaji,0,0,0
USSR-altaji,USSR-moldva,1,1,0
USSR-moldva,USSR-altaji,0.125,1,1
USSR-altaji,USSR-orosz,1,1,0
USSR-orosz,USSR-altaji,0.004830917874396135,1,1
USSR-altaji,USSR-tadzsik,0,0,0
USSR-tadzsik,USSR-altaji,0,0,0
USSR-altaji,USSR-türkmén,0,0,0
USSR-türkmén,USSR-altaji,0,0,0
USSR-altaji,USSR-udmurt,1,1,0
USSR-udmurt,USSR-altaji,1,1,1
USSR-altaji,USSR-ukrán,0,0,0
USSR-ukrán,USSR-altaji,0,0,0
USSR-altaji,USSR-észt,0,0,0
USSR-észt,USSR-altaji,0,0,0
USSR-altaji,USSR-örmény,0,0,0
USSR-örmény,USSR-altaji,0,0,0
USSR-altaji,USSR-üzbég,0,0,0
USSR-üzbég,USSR-altaji,0,0,0
USSR-altaji,Venezuela,0,0,0
Venezuela,USSR-altaji,0,0,0
USSR-altaji,Vietnam,0,0,0
Vietnam,USSR-altaji,0,0,0
USSR-altaji,Yugoslavia,0,0,0
Yugoslavia,USSR-altaji,0,0,0
USSR-azerbajdzsán,USSR-azerbajdzsán,NA,NA,NA
USSR-azerbajdzsán,USSR-csuvas,0.14285714285714285,1,0.5
USSR-csuvas,USSR-azerbajdzsán,1,1,0.5
USSR-azerbajdzsán,USSR-fehérorosz,0.14285714285714285,1,1
USSR-fehérorosz,USSR-azerbajdzsán,0.16666666666666666,1,0
USSR-azerbajdzsán,USSR-finn,0.14285714285714285,1,1
USSR-finn,USSR-azerbajdzsán,1,1,0
USSR-azerbajdzsán,USSR-grúz,0.2857142857142857,2,2
USSR-grúz,USSR-azerbajdzsán,0.07692307692307693,2,0
USSR-azerbajdzsán,USSR-kazah,0.2857142857142857,2,1.5
USSR-kazah,USSR-azerbajdzsán,0.25,2,0.5
USSR-azerbajdzsán,USSR-kirgiz,0,0,0
USSR-kirgiz,USSR-azerbajdzsán,0,0,0
USSR-azerbajdzsán,USSR-lett,0.14285714285714285,1,0
USSR-lett,USSR-azerbajdzsán,0.037037037037037035,1,1
USSR-azerbajdzsán,USSR-litván,0.2857142857142857,2,0
USSR-litván,USSR-azerbajdzsán,0.05555555555555555,2,2
USSR-azerbajdzsán,USSR-moldva,0.2857142857142857,2,1.5
USSR-moldva,USSR-azerbajdzsán,0.25,2,0.5
USSR-azerbajdzsán,USSR-orosz,0.7142857142857143,5,1
USSR-orosz,USSR-azerbajdzsán,0.024154589371980676,5,4
USSR-azerbajdzsán,USSR-tadzsik,0.2857142857142857,2,1
USSR-tadzsik,USSR-azerbajdzsán,0.4,2,1
USSR-azerbajdzsán,USSR-türkmén,0.2857142857142857,2,1
USSR-türkmén,USSR-azerbajdzsán,0.5,2,1
USSR-azerbajdzsán,USSR-udmurt,0.14285714285714285,1,1
USSR-udmurt,USSR-azerbajdzsán,1,1,0
USSR-azerbajdzsán,USSR-ukrán,0.5714285714285714,4,0
USSR-ukrán,USSR-azerbajdzsán,0.07142857142857142,4,4
USSR-azerbajdzsán,USSR-észt,0.2857142857142857,2,0.5
USSR-észt,USSR-azerbajdzsán,0.06666666666666667,2,1.5
USSR-azerbajdzsán,USSR-örmény,0.14285714285714285,1,0
USSR-örmény,USSR-azerbajdzsán,0.0625,1,1
USSR-azerbajdzsán,USSR-üzbég,0,0,0
USSR-üzbég,USSR-azerbajdzsán,0,0,0
USSR-azerbajdzsán,Venezuela,0.14285714285714285,1,0
Venezuela,USSR-azerbajdzsán,0.5,1,1
USSR-azerbajdzsán,Vietnam,0,0,0
Vietnam,USSR-azerbajdzsán,0,0,0
USSR-azerbajdzsán,Yugoslavia,0.14285714285714285,1,0
Yugoslavia,USSR-azerbajdzsán,0.0078125,1,1
USSR-csuvas,USSR-csuvas,NA,NA,NA
USSR-csuvas,USSR-fehérorosz,1,1,1
USSR-fehérorosz,USSR-csuvas,0.16666666666666666,1,0
USSR-csuvas,USSR-finn,1,1,1
USSR-finn,USSR-csuvas,1,1,0
USSR-csuvas,USSR-grúz,1,1,1
USSR-grúz,USSR-csuvas,0.038461538461538464,1,0
USSR-csuvas,USSR-kazah,1,1,1
USSR-kazah,USSR-csuvas,0.125,1,0
USSR-csuvas,USSR-kirgiz,0,0,0
USSR-kirgiz,USSR-csuvas,0,0,0
USSR-csuvas,USSR-lett,0,0,0
USSR-lett,USSR-csuvas,0,0,0
USSR-csuvas,USSR-litván,0,0,0
USSR-litván,USSR-csuvas,0,0,0
USSR-csuvas,USSR-moldva,1,1,0.5
USSR-moldva,USSR-csuvas,0.125,1,0.5
USSR-csuvas,USSR-orosz,1,1,0
USSR-orosz,USSR-csuvas,0.004830917874396135,1,1
USSR-csuvas,USSR-tadzsik,0,0,0
USSR-tadzsik,USSR-csuvas,0,0,0
USSR-csuvas,USSR-türkmén,0,0,0
USSR-türkmén,USSR-csuvas,0,0,0
USSR-csuvas,USSR-udmurt,1,1,1
USSR-udmurt,USSR-csuvas,1,1,0
USSR-csuvas,USSR-ukrán,0,0,0
USSR-ukrán,USSR-csuvas,0,0,0
USSR-csuvas,USSR-észt,0,0,0
USSR-észt,USSR-csuvas,0,0,0
USSR-csuvas,USSR-örmény,0,0,0
USSR-örmény,USSR-csuvas,0,0,0
USSR-csuvas,USSR-üzbég,0,0,0
USSR-üzbég,USSR-csuvas,0,0,0
USSR-csuvas,Venezuela,0,0,0
Venezuela,USSR-csuvas,0,0,0
USSR-csuvas,Vietnam,0,0,0
Vietnam,USSR-csuvas,0,0,0
USSR-csuvas,Yugoslavia,0,0,0
Yugoslavia,USSR-csuvas,0,0,0
USSR-fehérorosz,USSR-fehérorosz,NA,NA,NA
USSR-fehérorosz,USSR-finn,0.16666666666666666,1,0
USSR-finn,USSR-fehérorosz,1,1,1
USSR-fehérorosz,USSR-grúz,0.5,3,2
USSR-grúz,USSR-fehérorosz,0.11538461538461539,3,1
USSR-fehérorosz,USSR-kazah,0.16666666666666666,1,0
USSR-kazah,USSR-fehérorosz,0.125,1,1
USSR-fehérorosz,USSR-kirgiz,0,0,0
USSR-kirgiz,USSR-fehérorosz,0,0,0
USSR-fehérorosz,USSR-lett,0.16666666666666666,1,0
USSR-lett,USSR-fehérorosz,0.037037037037037035,1,1
USSR-fehérorosz,USSR-litván,0.16666666666666666,1,0
USSR-litván,USSR-fehérorosz,0.027777777777777776,1,1
USSR-fehérorosz,USSR-moldva,0.3333333333333333,2,1
USSR-moldva,USSR-fehérorosz,0.25,2,1
USSR-fehérorosz,USSR-orosz,0.6666666666666666,4,0
USSR-orosz,USSR-fehérorosz,0.01932367149758454,4,4
USSR-fehérorosz,USSR-tadzsik,0,0,0
USSR-tadzsik,USSR-fehérorosz,0,0,0
USSR-fehérorosz,USSR-türkmén,0,0,0
USSR-türkmén,USSR-fehérorosz,0,0,0
USSR-fehérorosz,USSR-udmurt,0.16666666666666666,1,0
USSR-udmurt,USSR-fehérorosz,1,1,1
USSR-fehérorosz,USSR-ukrán,0,0,0
USSR-ukrán,USSR-fehérorosz,0,0,0
USSR-fehérorosz,USSR-észt,0.16666666666666666,1,0
USSR-észt,USSR-fehérorosz,0.03333333333333333,1,1
USSR-fehérorosz,USSR-örmény,0.16666666666666666,1,0
USSR-örmény,USSR-fehérorosz,0.0625,1,1
USSR-fehérorosz,USSR-üzbég,0,0,0
USSR-üzbég,USSR-fehérorosz,0,0,0
USSR-fehérorosz,Venezuela,0,0,0
Venezuela,USSR-fehérorosz,0,0,0
USSR-fehérorosz,Vietnam,0,0,0
Vietnam,USSR-fehérorosz,0,0,0
USSR-fehérorosz,Yugoslavia,0.16666666666666666,1,1
Yugoslavia,USSR-fehérorosz,0.0078125,1,0
USSR-finn,USSR-finn,NA,NA,NA
USSR-finn,USSR-grúz,1,1,1
USSR-grúz,USSR-finn,0.038461538461538464,1,0
USSR-finn,USSR-kazah,1,1,0.5
USSR-kazah,USSR-finn,0.125,1,0.5
USSR-finn,USSR-kirgiz,0,0,0
USSR-kirgiz,USSR-finn,0,0,0
USSR-finn,USSR-lett,0,0,0
USSR-lett,USSR-finn,0,0,0
USSR-finn,USSR-litván,0,0,0
USSR-litván,USSR-finn,0,0,0
USSR-finn,USSR-moldva,1,1,0
USSR-moldva,USSR-finn,0.125,1,1
USSR-finn,USSR-orosz,1,1,0
USSR-orosz,USSR-finn,0.004830917874396135,1,1
USSR-finn,USSR-tadzsik,0,0,0
USSR-tadzsik,USSR-finn,0,0,0
USSR-finn,USSR-türkmén,0,0,0
USSR-türkmén,USSR-finn,0,0,0
USSR-finn,USSR-udmurt,1,1,0.5
USSR-udmurt,USSR-finn,1,1,0.5
USSR-finn,USSR-ukrán,0,0,0
USSR-ukrán,USSR-finn,0,0,0
USSR-finn,USSR-észt,0,0,0
USSR-észt,USSR-finn,0,0,0
USSR-finn,USSR-örmény,0,0,0
USSR-örmény,USSR-finn,0,0,0
USSR-finn,USSR-üzbég,0,0,0
USSR-üzbég,USSR-finn,0,0,0
USSR-finn,Venezuela,0,0,0
Venezuela,USSR-finn,0,0,0
USSR-finn,Vietnam,0,0,0
Vietnam,USSR-finn,0,0,0
USSR-finn,Yugoslavia,0,0,0
Yugoslavia,USSR-finn,0,0,0
USSR-grúz,USSR-grúz,NA,NA,NA
USSR-grúz,USSR-kazah,0.11538461538461539,3,0
USSR-kazah,USSR-grúz,0.375,3,3
USSR-grúz,USSR-kirgiz,0.038461538461538464,1,0
USSR-kirgiz,USSR-grúz,0.3333333333333333,1,1
USSR-grúz,USSR-lett,0.19230769230769232,5,2
USSR-lett,USSR-grúz,0.18518518518518517,5,3
USSR-grúz,USSR-litván,0.38461538461538464,10,2
USSR-litván,USSR-grúz,0.2777777777777778,10,8
USSR-grúz,USSR-moldva,0.15384615384615385,4,1
USSR-moldva,USSR-grúz,0.5,4,3
USSR-grúz,USSR-orosz,0.6153846153846154,16,0
USSR-orosz,USSR-grúz,0.07729468599033816,16,16
USSR-grúz,USSR-tadzsik,0.07692307692307693,2,0.5
USSR-tadzsik,USSR-grúz,0.4,2,1.5
USSR-grúz,USSR-türkmén,0.038461538461538464,1,0
USSR-türkmén,USSR-grúz,0.25,1,1
USSR-grúz,USSR-udmurt,0.038461538461538464,1,0
USSR-udmurt,USSR-grúz,1,1,1
USSR-grúz,USSR-ukrán,0.23076923076923078,6,2
USSR-ukrán,USSR-grúz,0.10714285714285714,6,4
USSR-grúz,USSR-észt,0.2692307692307692,7,2
USSR-észt,USSR-grúz,0.23333333333333334,7,5
USSR-grúz,USSR-örmény,0.23076923076923078,6,2
USSR-örmény,USSR-grúz,0.375,6,4
USSR-grúz,USSR-üzbég,0.11538461538461539,3,1
USSR-üzbég,USSR-grúz,0.375,3,2
USSR-grúz,Venezuela,0,0,0
Venezuela,USSR-grúz,0,0,0
USSR-grúz,Vietnam,0,0,0
Vietnam,USSR-grúz,0,0,0
USSR-grúz,Yugoslavia,0.2692307692307692,7,1
Yugoslavia,USSR-grúz,0.0546875,7,6
USSR-kazah,USSR-kazah,NA,NA,NA
USSR-kazah,USSR-kirgiz,0.125,1,0
USSR-kirgiz,USSR-kazah,0.3333333333333333,1,1
USSR-kazah,USSR-lett,0.375,3,0.5
USSR-lett,USSR-kazah,0.1111111111111111,3,2.5
USSR-kazah,USSR-litván,0.375,3,1
USSR-litván,USSR-kazah,0.08333333333333333,3,2
USSR-kazah,USSR-moldva,0.25,2,1
USSR-moldva,USSR-kazah,0.25,2,1
USSR-kazah,USSR-orosz,0.875,7,1
USSR-orosz,USSR-kazah,0.033816425120772944,7,6
USSR-kazah,USSR-tadzsik,0.125,1,0.5
USSR-tadzsik,USSR-kazah,0.2,1,0.5
USSR-kazah,USSR-türkmén,0.125,1,1
USSR-türkmén,USSR-kazah,0.25,1,0
USSR-kazah,USSR-udmurt,0.125,1,0.5
USSR-udmurt,USSR-kazah,1,1,0.5
USSR-kazah,USSR-ukrán,0.625,5,1
USSR-ukrán,USSR-kazah,0.08928571428571429,5,4
USSR-kazah,USSR-észt,0.25,2,0
USSR-észt,USSR-kazah,0.06666666666666667,2,2
USSR-kazah,USSR-örmény,0.25,2,0
USSR-örmény,USSR-kazah,0.125,2,2
USSR-kazah,USSR-üzbég,0.125,1,1
USSR-üzbég,USSR-kazah,0.125,1,0
USSR-kazah,Venezuela,0,0,0
Venezuela,USSR-kazah,0,0,0
USSR-kazah,Vietnam,0,0,0
Vietnam,USSR-kazah,0,0,0
USSR-kazah,Yugoslavia,0.25,2,1
Yugoslavia,USSR-kazah,0.015625,2,1
USSR-kirgiz,USSR-kirgiz,NA,NA,NA
USSR-kirgiz,USSR-lett,0,0,0
USSR-lett,USSR-kirgiz,0,0,0
USSR-kirgiz,USSR-litván,0.6666666666666666,2,1.5
USSR-litván,USSR-kirgiz,0.05555555555555555,2,0.5
USSR-kirgiz,USSR-moldva,0,0,0
USSR-moldva,USSR-kirgiz,0,0,0
USSR-kirgiz,USSR-orosz,0.3333333333333333,1,0
USSR-orosz,USSR-kirgiz,0.004830917874396135,1,1
USSR-kirgiz,USSR-tadzsik,0,0,0
USSR-tadzsik,USSR-kirgiz,0,0,0
USSR-kirgiz,USSR-türkmén,0,0,0
USSR-türkmén,USSR-kirgiz,0,0,0
USSR-kirgiz,USSR-udmurt,0,0,0
USSR-udmurt,USSR-kirgiz,0,0,0
USSR-kirgiz,USSR-ukrán,0.3333333333333333,1,0
USSR-ukrán,USSR-kirgiz,0.017857142857142856,1,1
USSR-kirgiz,USSR-észt,0.6666666666666666,2,0
USSR-észt,USSR-kirgiz,0.06666666666666667,2,2
USSR-kirgiz,USSR-örmény,0.3333333333333333,1,1
USSR-örmény,USSR-kirgiz,0.0625,1,0
USSR-kirgiz,USSR-üzbég,0,0,0
USSR-üzbég,USSR-kirgiz,0,0,0
USSR-kirgiz,Venezuela,0,0,0
Venezuela,USSR-kirgiz,0,0,0
USSR-kirgiz,Vietnam,0,0,0
Vietnam,USSR-kirgiz,0,0,0
USSR-kirgiz,Yugoslavia,0,0,0
Yugoslavia,USSR-kirgiz,0,0,0
USSR-lett,USSR-lett,NA,NA,NA
USSR-lett,USSR-litván,0.37037037037037035,10,3.5
USSR-litván,USSR-lett,0.2777777777777778,10,6.5
USSR-lett,USSR-moldva,0.07407407407407407,2,1.5
USSR-moldva,USSR-lett,0.25,2,0.5
USSR-lett,USSR-orosz,0.7037037037037037,19,3
USSR-orosz,USSR-lett,0.09178743961352658,19,16
USSR-lett,USSR-tadzsik,0.037037037037037035,1,1
USSR-tadzsik,USSR-lett,0.2,1,0
USSR-lett,USSR-türkmén,0.037037037037037035,1,1
USSR-türkmén,USSR-lett,0.25,1,0
USSR-lett,USSR-udmurt,0,0,0
USSR-udmurt,USSR-lett,0,0,0
USSR-lett,USSR-ukrán,0.2962962962962963,8,5
USSR-ukrán,USSR-lett,0.14285714285714285,8,3
USSR-lett,USSR-észt,0.1111111111111111,3,0
USSR-észt,USSR-lett,0.1,3,3
USSR-lett,USSR-örmény,0.18518518518518517,5,3
USSR-örmény,USSR-lett,0.3125,5,2
USSR-lett,USSR-üzbég,0.1111111111111111,3,3
USSR-üzbég,USSR-lett,0.375,3,0
USSR-lett,Venezuela,0,0,0
Venezuela,USSR-lett,0,0,0
USSR-lett,Vietnam,0,0,0
Vietnam,USSR-lett,0,0,0
USSR-lett,Yugoslavia,0.2222222222222222,6,2.5
Yugoslavia,USSR-lett,0.046875,6,3.5
USSR-litván,USSR-litván,NA,NA,NA
USSR-litván,USSR-moldva,0.05555555555555555,2,2
USSR-moldva,USSR-litván,0.25,2,0
USSR-litván,USSR-orosz,0.6388888888888888,23,2.5
USSR-orosz,USSR-litván,0.1111111111111111,23,20.5
USSR-litván,USSR-tadzsik,0.05555555555555555,2,2
USSR-tadzsik,USSR-litván,0.4,2,0
USSR-litván,USSR-türkmén,0.05555555555555555,2,1
USSR-türkmén,USSR-litván,0.5,2,1
USSR-litván,USSR-udmurt,0,0,0
USSR-udmurt,USSR-litván,0,0,0
USSR-litván,USSR-ukrán,0.25,9,2
USSR-ukrán,USSR-litván,0.16071428571428573,9,7
USSR-litván,USSR-észt,0.2222222222222222,8,4
USSR-észt,USSR-litván,0.26666666666666666,8,4
USSR-litván,USSR-örmény,0.19444444444444445,7,6
USSR-örmény,USSR-litván,0.4375,7,1
USSR-litván,USSR-üzbég,0.1111111111111111,4,3.5
USSR-üzbég,USSR-litván,0.5,4,0.5
USSR-litván,Venezuela,0,0,0
Venezuela,USSR-litván,0,0,0
USSR-litván,Vietnam,0.05555555555555555,2,2
Vietnam,USSR-litván,0.6666666666666666,2,0
USSR-litván,Yugoslavia,0.3055555555555556,11,5
Yugoslavia,USSR-litván,0.0859375,11,6
USSR-moldva,USSR-moldva,NA,NA,NA
USSR-moldva,USSR-orosz,0.625,5,0
USSR-orosz,USSR-moldva,0.024154589371980676,5,5
USSR-moldva,USSR-tadzsik,0.125,1,0
USSR-tadzsik,USSR-moldva,0.2,1,1
USSR-moldva,USSR-türkmén,0.25,2,2
USSR-türkmén,USSR-moldva,0.5,2,0
USSR-moldva,USSR-udmurt,0.125,1,1
USSR-udmurt,USSR-moldva,1,1,0
USSR-moldva,USSR-ukrán,0.375,3,1
USSR-ukrán,USSR-moldva,0.05357142857142857,3,2
USSR-moldva,USSR-észt,0.25,2,0
USSR-észt,USSR-moldva,0.06666666666666667,2,2
USSR-moldva,USSR-örmény,0.5,4,2.5
USSR-örmény,USSR-moldva,0.25,4,1.5
USSR-moldva,USSR-üzbég,0,0,0
USSR-üzbég,USSR-moldva,0,0,0
USSR-moldva,Venezuela,0,0,0
Venezuela,USSR-moldva,0,0,0
USSR-moldva,Vietnam,0,0,0
Vietnam,USSR-moldva,0,0,0
USSR-moldva,Yugoslavia,0.375,3,1
Yugoslavia,USSR-moldva,0.0234375,3,2
USSR-orosz,USSR-orosz,NA,NA,NA
USSR-orosz,USSR-tadzsik,0.004830917874396135,1,1
USSR-tadzsik,USSR-orosz,0.2,1,0
USSR-orosz,USSR-türkmén,0.004830917874396135,1,1
USSR-türkmén,USSR-orosz,0.25,1,0
USSR-orosz,USSR-udmurt,0.004830917874396135,1,1
USSR-udmurt,USSR-orosz,1,1,0
USSR-orosz,USSR-ukrán,0.1497584541062802,31,21.5
USSR-ukrán,USSR-orosz,0.5535714285714286,31,9.5
USSR-orosz,USSR-észt,0.06280193236714976,13,9
USSR-észt,USSR-orosz,0.43333333333333335,13,4
USSR-orosz,USSR-örmény,0.05314009661835749,11,10
USSR-örmény,USSR-orosz,0.6875,11,1
USSR-orosz,USSR-üzbég,0.024154589371980676,5,5
USSR-üzbég,USSR-orosz,0.625,5,0
USSR-orosz,Venezuela,0,0,0
Venezuela,USSR-orosz,0,0,0
USSR-orosz,Vietnam,0.014492753623188406,3,3
Vietnam,USSR-orosz,1,3,0
USSR-orosz,Yugoslavia,0.11594202898550725,24,11
Yugoslavia,USSR-orosz,0.1875,24,13
USSR-tadzsik,USSR-tadzsik,NA,NA,NA
USSR-tadzsik,USSR-türkmén,0.4,2,1
USSR-türkmén,USSR-tadzsik,0.5,2,1
USSR-tadzsik,USSR-udmurt,0,0,0
USSR-udmurt,USSR-tadzsik,0,0,0
USSR-tadzsik,USSR-ukrán,0.4,2,0
USSR-ukrán,USSR-tadzsik,0.03571428571428571,2,2
USSR-tadzsik,USSR-észt,0.2,1,0
USSR-észt,USSR-tadzsik,0.03333333333333333,1,1
USSR-tadzsik,USSR-örmény,0.2,1,0
USSR-örmény,USSR-tadzsik,0.0625,1,1
USSR-tadzsik,USSR-üzbég,0,0,0
USSR-üzbég,USSR-tadzsik,0,0,0
USSR-tadzsik,Venezuela,0,0,0
Venezuela,USSR-tadzsik,0,0,0
USSR-tadzsik,Vietnam,0,0,0
Vietnam,USSR-tadzsik,0,0,0
USSR-tadzsik,Yugoslavia,0,0,0
Yugoslavia,USSR-tadzsik,0,0,0
USSR-türkmén,USSR-türkmén,NA,NA,NA
USSR-türkmén,USSR-udmurt,0,0,0
USSR-udmurt,USSR-türkmén,0,0,0
USSR-türkmén,USSR-ukrán,0.5,2,0.5
USSR-ukrán,USSR-türkmén,0.03571428571428571,2,1.5
USSR-türkmén,USSR-észt,0,0,0
USSR-észt,USSR-türkmén,0,0,0
USSR-türkmén,USSR-örmény,0.5,2,1
USSR-örmény,USSR-türkmén,0.125,2,1
USSR-türkmén,USSR-üzbég,0,0,0
USSR-üzbég,USSR-türkmén,0,0,0
USSR-türkmén,Venezuela,0,0,0
Venezuela,USSR-türkmén,0,0,0
USSR-türkmén,Vietnam,0,0,0
Vietnam,USSR-türkmén,0,0,0
USSR-türkmén,Yugoslavia,0.25,1,0
Yugoslavia,USSR-türkmén,0.0078125,1,1
USSR-udmurt,USSR-udmurt,NA,NA,NA
USSR-udmurt,USSR-ukrán,0,0,0
USSR-ukrán,USSR-udmurt,0,0,0
USSR-udmurt,USSR-észt,0,0,0
USSR-észt,USSR-udmurt,0,0,0
USSR-udmurt,USSR-örmény,0,0,0
USSR-örmény,USSR-udmurt,0,0,0
USSR-udmurt,USSR-üzbég,0,0,0
USSR-üzbég,USSR-udmurt,0,0,0
USSR-udmurt,Venezuela,0,0,0
Venezuela,USSR-udmurt,0,0,0
USSR-udmurt,Vietnam,0,0,0
Vietnam,USSR-udmurt,0,0,0
USSR-udmurt,Yugoslavia,0,0,0
Yugoslavia,USSR-udmurt,0,0,0
USSR-ukrán,USSR-ukrán,NA,NA,NA
USSR-ukrán,USSR-észt,0.10714285714285714,6,1.5
USSR-észt,USSR-ukrán,0.2,6,4.5
USSR-ukrán,USSR-örmény,0.08928571428571429,5,2.5
USSR-örmény,USSR-ukrán,0.3125,5,2.5
USSR-ukrán,USSR-üzbég,0.07142857142857142,4,3
USSR-üzbég,USSR-ukrán,0.5,4,1
USSR-ukrán,Venezuela,0,0,0
Venezuela,USSR-ukrán,0,0,0
USSR-ukrán,Vietnam,0.017857142857142856,1,0
Vietnam,USSR-ukrán,0.3333333333333333,1,1
USSR-ukrán,Yugoslavia,0.21428571428571427,12,3
Yugoslavia,USSR-ukrán,0.09375,12,9
USSR-észt,USSR-észt,NA,NA,NA
USSR-észt,USSR-örmény,0.16666666666666666,5,4
USSR-örmény,USSR-észt,0.3125,5,1
USSR-észt,USSR-üzbég,0.06666666666666667,2,1
USSR-üzbég,USSR-észt,0.25,2,1
USSR-észt,Venezuela,0.03333333333333333,1,0
Venezuela,USSR-észt,0.5,1,1
USSR-észt,Vietnam,0.03333333333333333,1,1
Vietnam,USSR-észt,0.3333333333333333,1,0
USSR-észt,Yugoslavia,0.3333333333333333,10,4
Yugoslavia,USSR-észt,0.078125,10,6
USSR-örmény,USSR-örmény,NA,NA,NA
USSR-örmény,USSR-üzbég,0.0625,1,0
USSR-üzbég,USSR-örmény,0.125,1,1
USSR-örmény,Venezuela,0,0,0
Venezuela,USSR-örmény,0,0,0
USSR-örmény,Vietnam,0.0625,1,1
Vietnam,USSR-örmény,0.3333333333333333,1,0
USSR-örmény,Yugoslavia,0.125,2,0
Yugoslavia,USSR-örmény,0.015625,2,2
USSR-üzbég,USSR-üzbég,NA,NA,NA
USSR-üzbég,Venezuela,0,0,0
Venezuela,USSR-üzbég,0,0,0
USSR-üzbég,Vietnam,0,0,0
Vietnam,USSR-üzbég,0,0,0
USSR-üzbég,Yugoslavia,0.375,3,1
Yugoslavia,USSR-üzbég,0.0234375,3,2
Venezuela,Venezuela,NA,NA,NA
Venezuela,Vietnam,0,0,0
Vietnam,Venezuela,0,0,0
Venezuela,Yugoslavia,0,0,0
Yugoslavia,Venezuela,0,0,0
Vietnam,Vietnam,NA,NA,NA
Vietnam,Yugoslavia,0.3333333333333333,1,1
Yugoslavia,Vietnam,0.0078125,1,0
Yugoslavia,Yugoslavia,NA,NA,NA
