author,region1,region2
JÓZSEF Attila: Források:,Albania,Argentina
PETŐFI Sándor: Források:,Albania,Austria
MOLNÁR Ferenc: A Pál utcai fiúk,Albania,Austria
JÓZSEF Attila: Források:,Albania,Belgium
MOLNÁR Ferenc: A Pál utcai fiúk,Albania,Brasil
MESTERHÁZI Lajos: Pár lépés a határ,Albania,Bulgaria
PETŐFI Sándor: Források:,Albania,Bulgaria
JÓZSEF Attila: Források:,Albania,Bulgaria
MÓRICZ Zsigmond: Források:,Albania,Bulgaria
MOLNÁR Ferenc: A Pál utcai fiúk,Albania,Bulgaria
MOLNÁR Ferenc: A Pál utcai fiúk,Albania,Colombia
PETŐFI Sándor: Források:,Albania,Cuba
NÉMETH László: Iszony,Albania,Cuba
JÓZSEF Attila: Források:,Albania,Cuba
PETŐFI Sándor: Források:,Albania,Czechoslovakia-cseh
NÉMETH László: Iszony,Albania,Czechoslovakia-cseh
JÓZSEF Attila: Források:,Albania,Czechoslovakia-cseh
MÓRICZ Zsigmond: Források:,Albania,Czechoslovakia-cseh
MURÁNYI KOVÁCS Endre: A firenzei varázsló,Albania,Czechoslovakia-cseh
MOLNÁR Ferenc: A Pál utcai fiúk,Albania,Czechoslovakia-cseh
MESTERHÁZI Lajos: Pár lépés a határ,Albania,Czechoslovakia-szlovák
PETŐFI Sándor: Források:,Albania,Czechoslovakia-szlovák
NÉMETH László: Iszony,Albania,Czechoslovakia-szlovák
JÓZSEF Attila: Források:,Albania,Czechoslovakia-szlovák
MURÁNYI KOVÁCS Endre: A firenzei varázsló,Albania,Czechoslovakia-szlovák
MOLNÁR Ferenc: A Pál utcai fiúk,Albania,Czechoslovakia-szlovák
JÓZSEF Attila: Források:,Albania,Denmark
PETŐFI Sándor: Források:,Albania,Egypt
NÉMETH László: Iszony,Albania,Federal Republic of Germany
MÓRICZ Zsigmond: Források:,Albania,Federal Republic of Germany
MURÁNYI KOVÁCS Endre: A firenzei varázsló,Albania,Federal Republic of Germany
MOLNÁR Ferenc: A Pál utcai fiúk,Albania,Federal Republic of Germany
PETŐFI Sándor: Források:,Albania,Finland
NÉMETH László: Iszony,Albania,Finland
MÓRICZ Zsigmond: Források:,Albania,Finland
MOLNÁR Ferenc: A Pál utcai fiúk,Albania,Finland
PETŐFI Sándor: Források:,Albania,France
NÉMETH László: Iszony,Albania,France
JÓZSEF Attila: Források:,Albania,France
MOLNÁR Ferenc: A Pál utcai fiúk,Albania,France
MESTERHÁZI Lajos: Pár lépés a határ,Albania,GDR
PETŐFI Sándor: Források:,Albania,GDR
NÉMETH László: Iszony,Albania,GDR
JÓZSEF Attila: Források:,Albania,GDR
MÓRICZ Zsigmond: Források:,Albania,GDR
MURÁNYI KOVÁCS Endre: A firenzei varázsló,Albania,GDR
MESTERHÁZI Lajos: Pár lépés a határ,Albania,Hungary
PETŐFI Sándor: Források:,Albania,Hungary
JÓZSEF Attila: Források:,Albania,Hungary
MÓRICZ Zsigmond: Források:,Albania,Hungary
MURÁNYI KOVÁCS Endre: A firenzei varázsló,Albania,Hungary
MOLNÁR Ferenc: A Pál utcai fiúk,Albania,Hungary
PETŐFI Sándor: Források:,Albania,India
PETŐFI Sándor: Források:,Albania,Iran
MÓRICZ Zsigmond: Források:,Albania,Iran
PETŐFI Sándor: Források:,Albania,Israel
MOLNÁR Ferenc: A Pál utcai fiúk,Albania,Israel
PETŐFI Sándor: Források:,Albania,Italy
NÉMETH László: Iszony,Albania,Italy
JÓZSEF Attila: Források:,Albania,Italy
MOLNÁR Ferenc: A Pál utcai fiúk,Albania,Italy
MESTERHÁZI Lajos: Pár lépés a határ,Albania,Japan
PETŐFI Sándor: Források:,Albania,Japan
PETŐFI Sándor: Források:,Albania,Mongolia
NÉMETH László: Iszony,Albania,Netherlands
PETŐFI Sándor: Források:,Albania,North Korea
PETŐFI Sándor: Források:,Albania,Norway
NÉMETH László: Iszony,Albania,Norway
JÓZSEF Attila: Források:,Albania,Norway
PETŐFI Sándor: Források:,Albania,PR China
JÓZSEF Attila: Források:,Albania,PR China
MÓRICZ Zsigmond: Források:,Albania,PR China
PETŐFI Sándor: Források:,Albania,Poland
NÉMETH László: Iszony,Albania,Poland
JÓZSEF Attila: Források:,Albania,Poland
MÓRICZ Zsigmond: Források:,Albania,Poland
MOLNÁR Ferenc: A Pál utcai fiúk,Albania,Poland
JÓZSEF Attila: Források:,Albania,Portugal
PETŐFI Sándor: Források:,Albania,Romania
NÉMETH László: Iszony,Albania,Romania
JÓZSEF Attila: Források:,Albania,Romania
MÓRICZ Zsigmond: Források:,Albania,Romania
MOLNÁR Ferenc: A Pál utcai fiúk,Albania,Romania
NÉMETH László: Iszony,Albania,Spain
JÓZSEF Attila: Források:,Albania,Spain
MOLNÁR Ferenc: A Pál utcai fiúk,Albania,Spain
PETŐFI Sándor: Források:,Albania,Sweden
NÉMETH László: Iszony,Albania,Sweden
MOLNÁR Ferenc: A Pál utcai fiúk,Albania,Sweden
JÓZSEF Attila: Források:,Albania,Switzerland
PETŐFI Sándor: Források:,Albania,Turkey
MÓRICZ Zsigmond: Források:,Albania,Turkey
MOLNÁR Ferenc: A Pál utcai fiúk,Albania,Turkey
NÉMETH László: Iszony,Albania,UK
JÓZSEF Attila: Források:,Albania,UK
PETŐFI Sándor: Források:,Albania,USA
NÉMETH László: Iszony,Albania,USA
JÓZSEF Attila: Források:,Albania,USA
PETŐFI Sándor: Források:,Albania,USSR-azerbajdzsán
PETŐFI Sándor: Források:,Albania,USSR-baskir
PETŐFI Sándor: Források:,Albania,USSR-fehérorosz
PETŐFI Sándor: Források:,Albania,USSR-grúz
MOLNÁR Ferenc: A Pál utcai fiúk,Albania,USSR-grúz
PETŐFI Sándor: Források:,Albania,USSR-kazah
PETŐFI Sándor: Források:,Albania,USSR-kirgiz
PETŐFI Sándor: Források:,Albania,USSR-lett
JÓZSEF Attila: Források:,Albania,USSR-lett
PETŐFI Sándor: Források:,Albania,USSR-litván
MOLNÁR Ferenc: A Pál utcai fiúk,Albania,USSR-litván
PETŐFI Sándor: Források:,Albania,USSR-moldva
MOLNÁR Ferenc: A Pál utcai fiúk,Albania,USSR-moldva
MESTERHÁZI Lajos: Pár lépés a határ,Albania,USSR-orosz
PETŐFI Sándor: Források:,Albania,USSR-orosz
JÓZSEF Attila: Források:,Albania,USSR-orosz
MÓRICZ Zsigmond: Források:,Albania,USSR-orosz
MURÁNYI KOVÁCS Endre: A firenzei varázsló,Albania,USSR-orosz
MOLNÁR Ferenc: A Pál utcai fiúk,Albania,USSR-orosz
PETŐFI Sándor: Források:,Albania,USSR-tadzsik
PETŐFI Sándor: Források:,Albania,USSR-türkmén
PETŐFI Sándor: Források:,Albania,USSR-udmurt
PETŐFI Sándor: Források:,Albania,USSR-ukrán
JÓZSEF Attila: Források:,Albania,USSR-ukrán
MÓRICZ Zsigmond: Források:,Albania,USSR-ukrán
MOLNÁR Ferenc: A Pál utcai fiúk,Albania,USSR-ukrán
MESTERHÁZI Lajos: Pár lépés a határ,Albania,USSR-észt
PETŐFI Sándor: Források:,Albania,USSR-észt
NÉMETH László: Iszony,Albania,USSR-észt
MÓRICZ Zsigmond: Források:,Albania,USSR-észt
MOLNÁR Ferenc: A Pál utcai fiúk,Albania,USSR-észt
PETŐFI Sándor: Források:,Albania,USSR-örmény
MOLNÁR Ferenc: A Pál utcai fiúk,Albania,USSR-örmény
PETŐFI Sándor: Források:,Albania,Vietnam
JÓZSEF Attila: Források:,Albania,Vietnam
PETŐFI Sándor: Források:,Albania,Yugoslavia
NÉMETH László: Iszony,Albania,Yugoslavia
JÓZSEF Attila: Források:,Albania,Yugoslavia
MOLNÁR Ferenc: A Pál utcai fiúk,Albania,Yugoslavia
JÓZSEF Attila: Források:,Argentina,Belgium
DÉRY Tibor: Niki,Argentina,Belgium
JÓKAI Mór: Sárga rózsa,Argentina,Bulgaria
JÓZSEF Attila: Források:,Argentina,Bulgaria
JÓZSEF Attila: Források:,Argentina,Cuba
JÓKAI Mór: Sárga rózsa,Argentina,Czechoslovakia-cseh
JÓZSEF Attila: Források:,Argentina,Czechoslovakia-cseh
DÉRY Tibor: Niki,Argentina,Czechoslovakia-cseh
JÓZSEF Attila: Források:,Argentina,Czechoslovakia-szlovák
JÓZSEF Attila: Források:,Argentina,Denmark
DÉRY Tibor: Niki,Argentina,Denmark
DÉRY Tibor: Niki,Argentina,Federal Republic of Germany
DÉRY Tibor: Niki,Argentina,Finland
JÓZSEF Attila: Források:,Argentina,France
DÉRY Tibor: Niki,Argentina,France
JÓKAI Mór: Sárga rózsa,Argentina,GDR
JÓZSEF Attila: Források:,Argentina,GDR
JÓZSEF Attila: Források:,Argentina,Hungary
"KACZÉR Illés: Ne félj szolgám, Jákob",Argentina,Israel
JÓKAI Mór: Sárga rózsa,Argentina,Italy
KÖRMENDI Ferenc: Bűnösök,Argentina,Italy
JÓZSEF Attila: Források:,Argentina,Italy
DÉRY Tibor: Niki,Argentina,Italy
JÓKAI Mór: Sárga rózsa,Argentina,Mexico
KÖRMENDI Ferenc: Bűnösök,Argentina,Netherlands
JÓZSEF Attila: Források:,Argentina,Norway
DÉRY Tibor: Niki,Argentina,Norway
JÓKAI Mór: Sárga rózsa,Argentina,PR China
JÓZSEF Attila: Források:,Argentina,PR China
JÓZSEF Attila: Források:,Argentina,Poland
DÉRY Tibor: Niki,Argentina,Poland
JÓZSEF Attila: Források:,Argentina,Portugal
JÓZSEF Attila: Források:,Argentina,Romania
JÓZSEF Attila: Források:,Argentina,Spain
DÉRY Tibor: Niki,Argentina,Sweden
JÓZSEF Attila: Források:,Argentina,Switzerland
DÉRY Tibor: Niki,Argentina,Turkey
KÖRMENDI Ferenc: Bűnösök,Argentina,UK
"KACZÉR Illés: Ne félj szolgám, Jákob",Argentina,UK
JÓZSEF Attila: Források:,Argentina,UK
DÉRY Tibor: Niki,Argentina,UK
JÓZSEF Attila: Források:,Argentina,USA
DÉRY Tibor: Niki,Argentina,USA
JÓKAI Mór: Sárga rózsa,Argentina,USSR-azerbajdzsán
JÓZSEF Attila: Források:,Argentina,USSR-lett
JÓKAI Mór: Sárga rózsa,Argentina,USSR-litván
JÓKAI Mór: Sárga rózsa,Argentina,USSR-orosz
JÓZSEF Attila: Források:,Argentina,USSR-orosz
JÓKAI Mór: Sárga rózsa,Argentina,USSR-tadzsik
JÓKAI Mór: Sárga rózsa,Argentina,USSR-türkmén
JÓKAI Mór: Sárga rózsa,Argentina,USSR-ukrán
JÓZSEF Attila: Források:,Argentina,USSR-ukrán
JÓZSEF Attila: Források:,Argentina,Vietnam
JÓZSEF Attila: Források:,Argentina,Yugoslavia
DÉRY Tibor: Niki,Argentina,Yugoslavia
HARSÁNYI Zsolt: Magyar rapszódia: Liszt életének regénye,Australia,Austria
HARSÁNYI Zsolt: Magyar rapszódia: Liszt életének regénye,Australia,Belgium
HARSÁNYI Zsolt: Magyar rapszódia: Liszt életének regénye,Australia,Brasil
MADÁCH Imre: Az ember tragédiája,Australia,Czechoslovakia-cseh
MADÁCH Imre: Az ember tragédiája,Australia,Czechoslovakia-szlovák
HARSÁNYI Zsolt: Magyar rapszódia: Liszt életének regénye,Australia,Federal Republic of Germany
HARSÁNYI Zsolt: Magyar rapszódia: Liszt életének regénye,Australia,Finland
HARSÁNYI Zsolt: Magyar rapszódia: Liszt életének regénye,Australia,France
MADÁCH Imre: Az ember tragédiája,Australia,Hungary
HARSÁNYI Zsolt: Magyar rapszódia: Liszt életének regénye,Australia,Israel
MADÁCH Imre: Az ember tragédiája,Australia,Italy
MADÁCH Imre: Az ember tragédiája,Australia,Japan
HARSÁNYI Zsolt: Magyar rapszódia: Liszt életének regénye,Australia,Netherlands
MADÁCH Imre: Az ember tragédiája,Australia,Norway
HARSÁNYI Zsolt: Magyar rapszódia: Liszt életének regénye,Australia,Norway
MADÁCH Imre: Az ember tragédiája,Australia,Poland
MADÁCH Imre: Az ember tragédiája,Australia,Romania
HARSÁNYI Zsolt: Magyar rapszódia: Liszt életének regénye,Australia,Sweden
MADÁCH Imre: Az ember tragédiája,Australia,Turkey
HARSÁNYI Zsolt: Magyar rapszódia: Liszt életének regénye,Australia,Turkey
MADÁCH Imre: Az ember tragédiája,Australia,USA
MADÁCH Imre: Az ember tragédiája,Australia,USSR-grúz
MADÁCH Imre: Az ember tragédiája,Australia,USSR-orosz
MADÁCH Imre: Az ember tragédiája,Australia,USSR-ukrán
HARSÁNYI Zsolt: Magyar rapszódia: Liszt életének regénye,Australia,Yugoslavia
HARSÁNYI Zsolt: És mégis mozog a föld,Austria,Belgium
HARSÁNYI Zsolt: Magdolna,Austria,Belgium
MIKSZÁTH Kálmán: Szent Péter esernyője,Austria,Belgium
PASSUTH László: Esőisten siratja Mexikót,Austria,Belgium
HARSÁNYI Zsolt: Magyar rapszódia: Liszt életének regénye,Austria,Belgium
GÁRDONYI Géza: Egri csillagok,Austria,Belgium
HARSÁNYI Zsolt: Élni jó. Rubens életének regénye,Austria,Belgium
HARSÁNYI Zsolt: Galgó három felesége,Austria,Belgium
PASSUTH László: Esőisten siratja Mexikót,Austria,Brasil
HARSÁNYI Zsolt: Magyar rapszódia: Liszt életének regénye,Austria,Brasil
MOLNÁR Ferenc: A Pál utcai fiúk,Austria,Brasil
ILLÉS Béla: Kárpáti rapszódia,Austria,Bulgaria
ILLÉS Béla: Szkipetárok,Austria,Bulgaria
MIKSZÁTH Kálmán: Szent Péter esernyője,Austria,Bulgaria
ÖRKÉNY István: Házastársak,Austria,Bulgaria
ZILAHY Lajos: A fegyverek visszanéznek,Austria,Bulgaria
GÁRDONYI Géza: Egri csillagok,Austria,Bulgaria
KRÚDY Gyula: A vörös postakocsi,Austria,Bulgaria
PETŐFI Sándor: Források:,Austria,Bulgaria
MOLNÁR Ferenc: A Pál utcai fiúk,Austria,Bulgaria
ZILAHY Lajos: A lélek kialszik,Austria,Chile
MOLNÁR Ferenc: A Pál utcai fiúk,Austria,Colombia
PETŐFI Sándor: Források:,Austria,Cuba
DÉRY Tibor: A befejezetlen mondat,Austria,Czechoslovakia-cseh
ILLÉS Béla: Kárpáti rapszódia,Austria,Czechoslovakia-cseh
ILLÉS Béla: Szkipetárok,Austria,Czechoslovakia-cseh
MIKSZÁTH Kálmán: Szent Péter esernyője,Austria,Czechoslovakia-cseh
PASSUTH László: Esőisten siratja Mexikót,Austria,Czechoslovakia-cseh
GÁRDONYI Géza: Egri csillagok,Austria,Czechoslovakia-cseh
KRÚDY Gyula: Források:,Austria,Czechoslovakia-cseh
"FEJES Endre: Jó estét nyár, jó estét szerelem",Austria,Czechoslovakia-cseh
SZÁNTÓ György: Stradivari,Austria,Czechoslovakia-cseh
ILLYÉS Gyula: Kháron ladikján,Austria,Czechoslovakia-cseh
PETŐFI Sándor: Források:,Austria,Czechoslovakia-cseh
MOLNÁR Ferenc: A Pál utcai fiúk,Austria,Czechoslovakia-cseh
ADY Endre: Források:,Austria,Czechoslovakia-cseh
BALÁZS Béla: Álmodó ifjúság,Austria,Czechoslovakia-szlovák
ILLÉS Béla: Kárpáti rapszódia,Austria,Czechoslovakia-szlovák
ILLÉS Béla: Szkipetárok,Austria,Czechoslovakia-szlovák
MIKSZÁTH Kálmán: Szent Péter esernyője,Austria,Czechoslovakia-szlovák
PASSUTH László: Esőisten siratja Mexikót,Austria,Czechoslovakia-szlovák
GÁRDONYI Géza: Egri csillagok,Austria,Czechoslovakia-szlovák
KRÚDY Gyula: Források:,Austria,Czechoslovakia-szlovák
ILLYÉS Gyula: Kháron ladikján,Austria,Czechoslovakia-szlovák
PETŐFI Sándor: Források:,Austria,Czechoslovakia-szlovák
MOLNÁR Ferenc: A Pál utcai fiúk,Austria,Czechoslovakia-szlovák
ADY Endre: Források:,Austria,Czechoslovakia-szlovák
MÁRAI Sándor: Az igazi,Austria,Denmark
ESTERHÁZY Péter: A szív segédigéi,Austria,Denmark
PETŐFI Sándor: Források:,Austria,Egypt
BALÁZS Béla: Álmodó ifjúság,Austria,Federal Republic of Germany
DÉRY Tibor: A befejezetlen mondat,Austria,Federal Republic of Germany
HARSÁNYI Zsolt: Ecce homo,Austria,Federal Republic of Germany
HARSÁNYI Zsolt: És mégis mozog a föld,Austria,Federal Republic of Germany
HARSÁNYI Zsolt: Magdolna,Austria,Federal Republic of Germany
HARSÁNYI Zsolt: Mathias rex,Austria,Federal Republic of Germany
KOMÁROMI János: Zúg a fenyves,Austria,Federal Republic of Germany
MÁRAI Sándor: Az igazi,Austria,Federal Republic of Germany
MÁRAI Sándor: Válás Budán,Austria,Federal Republic of Germany
MÁRAI Sándor: Vendégjáték Bolzanóban,Austria,Federal Republic of Germany
VASZARY Gábor: Hárman egymás ellen,Austria,Federal Republic of Germany
HARSÁNYI Zsolt: Magyar rapszódia: Liszt életének regénye,Austria,Federal Republic of Germany
GÁRDONYI Géza: Egri csillagok,Austria,Federal Republic of Germany
KÖRMENDI Ferenc: A budapesti kaland,Austria,Federal Republic of Germany
PASSUTH László: A mantuai herceg muzsikusa,Austria,Federal Republic of Germany
KRÚDY Gyula: Források:,Austria,Federal Republic of Germany
SZÁSZ Imre: Felhőfejes,Austria,Federal Republic of Germany
MOLNÁR Ferenc: A Pál utcai fiúk,Austria,Federal Republic of Germany
ADY Endre: Források:,Austria,Federal Republic of Germany
ESTERHÁZY Péter: A szív segédigéi,Austria,Federal Republic of Germany
ESTERHÁZY Péter: Ki szavatol a lady biztonságáért?,Austria,Federal Republic of Germany
HARSÁNYI Zsolt: Élni jó. Rubens életének regénye,Austria,Federal Republic of Germany
HARSÁNYI Zsolt: Whisky szódával,Austria,Federal Republic of Germany
MÁRAI Sándor: Az igazi,Austria,Finland
ZILAHY Lajos: A fegyverek visszanéznek,Austria,Finland
ZILAHY Lajos: Valamit visz a víz,Austria,Finland
HARSÁNYI Zsolt: Magyar rapszódia: Liszt életének regénye,Austria,Finland
GÁRDONYI Géza: Egri csillagok,Austria,Finland
SZÁSZ Imre: Felhőfejes,Austria,Finland
ILLYÉS Gyula: Kháron ladikján,Austria,Finland
PETŐFI Sándor: Források:,Austria,Finland
PILINSZKY János: Források:,Austria,Finland
MOLNÁR Ferenc: A Pál utcai fiúk,Austria,Finland
ADY Endre: Források:,Austria,Finland
HARSÁNYI Zsolt: Élni jó. Rubens életének regénye,Austria,Finland
HARSÁNYI Zsolt: Galgó három felesége,Austria,Finland
DÉRY Tibor: A befejezetlen mondat,Austria,France
HARSÁNYI Zsolt: És mégis mozog a föld,Austria,France
MÁRAI Sándor: A gyertyák csonkig égnek,Austria,France
ZILAHY Lajos: A fegyverek visszanéznek,Austria,France
ZILAHY Lajos: A lélek kialszik,Austria,France
PASSUTH László: Esőisten siratja Mexikót,Austria,France
HARSÁNYI Zsolt: Magyar rapszódia: Liszt életének regénye,Austria,France
KÖRMENDI Ferenc: A budapesti kaland,Austria,France
ZILAHY Lajos: A dühödt angyal,Austria,France
ILLYÉS Gyula: Kháron ladikján,Austria,France
PETŐFI Sándor: Források:,Austria,France
PILINSZKY János: Források:,Austria,France
MOLNÁR Ferenc: A Pál utcai fiúk,Austria,France
ADY Endre: Források:,Austria,France
DÉRY Tibor: A befejezetlen mondat,Austria,GDR
ILLÉS Béla: Kárpáti rapszódia,Austria,GDR
MIKSZÁTH Kálmán: Szent Péter esernyője,Austria,GDR
ÖRKÉNY István: Házastársak,Austria,GDR
GÁRDONYI Géza: Egri csillagok,Austria,GDR
PASSUTH László: A mantuai herceg muzsikusa,Austria,GDR
PASSUTH László: Lagúnák,Austria,GDR
KRÚDY Gyula: A vörös postakocsi,Austria,GDR
KRÚDY Gyula: Források:,Austria,GDR
ILLYÉS Gyula: Kháron ladikján,Austria,GDR
PETŐFI Sándor: Források:,Austria,GDR
ADY Endre: Források:,Austria,GDR
GÁRDONYI Géza: Egri csillagok,Austria,Greece
ILLÉS Béla: Kárpáti rapszódia,Austria,Hungary
MIKSZÁTH Kálmán: Szent Péter esernyője,Austria,Hungary
GÁRDONYI Géza: Egri csillagok,Austria,Hungary
KRÚDY Gyula: A vörös postakocsi,Austria,Hungary
KRÚDY Gyula: Források:,Austria,Hungary
PETŐFI Sándor: Források:,Austria,Hungary
PILINSZKY János: Források:,Austria,Hungary
MOLNÁR Ferenc: A Pál utcai fiúk,Austria,Hungary
ADY Endre: Források:,Austria,Hungary
FEKETE István: Lutra,Austria,Hungary
PETŐFI Sándor: Források:,Austria,India
ADY Endre: Források:,Austria,India
PETŐFI Sándor: Források:,Austria,Iran
ILLÉS Béla: Kárpáti rapszódia,Austria,Israel
HARSÁNYI Zsolt: Magyar rapszódia: Liszt életének regénye,Austria,Israel
PETŐFI Sándor: Források:,Austria,Israel
MOLNÁR Ferenc: A Pál utcai fiúk,Austria,Israel
ADY Endre: Források:,Austria,Israel
HARSÁNYI Zsolt: És mégis mozog a föld,Austria,Italy
MIKSZÁTH Kálmán: Szent Péter esernyője,Austria,Italy
GÁRDONYI Géza: Egri csillagok,Austria,Italy
ZILAHY Lajos: A dühödt angyal,Austria,Italy
PETŐFI Sándor: Források:,Austria,Italy
MOLNÁR Ferenc: A Pál utcai fiúk,Austria,Italy
ADY Endre: Források:,Austria,Italy
ESTERHÁZY Péter: A szív segédigéi,Austria,Italy
HARSÁNYI Zsolt: Élni jó. Rubens életének regénye,Austria,Italy
HARSÁNYI Zsolt: És mégis mozog a föld,Austria,Japan
ZILAHY Lajos: Halálos tavasz,Austria,Japan
PETŐFI Sándor: Források:,Austria,Japan
PASSUTH László: Esőisten siratja Mexikót,Austria,Mexico
PETŐFI Sándor: Források:,Austria,Mongolia
HARSÁNYI Zsolt: És mégis mozog a föld,Austria,Netherlands
HARSÁNYI Zsolt: Magdolna,Austria,Netherlands
ILLÉS Béla: Kárpáti rapszódia,Austria,Netherlands
MIKSZÁTH Kálmán: Szent Péter esernyője,Austria,Netherlands
HARSÁNYI Zsolt: Magyar rapszódia: Liszt életének regénye,Austria,Netherlands
PASSUTH László: Fekete bársonyban,Austria,Netherlands
GÁRDONYI Géza: Egri csillagok,Austria,Netherlands
PILINSZKY János: Források:,Austria,Netherlands
HARSÁNYI Zsolt: Élni jó. Rubens életének regénye,Austria,Netherlands
HARSÁNYI Zsolt: Életre-halálra,Austria,Netherlands
HARSÁNYI Zsolt: Whisky szódával,Austria,Netherlands
PETŐFI Sándor: Források:,Austria,North Korea
HARSÁNYI Zsolt: Magyar rapszódia: Liszt életének regénye,Austria,Norway
PETŐFI Sándor: Források:,Austria,Norway
ILLÉS Béla: Kárpáti rapszódia,Austria,PR China
MIKSZÁTH Kálmán: Szent Péter esernyője,Austria,PR China
PETŐFI Sándor: Források:,Austria,PR China
HÁY Gyula: A sevcsenkoi hullámvadász,Austria,Poland
ILLÉS Béla: Kárpáti rapszódia,Austria,Poland
ILLÉS Béla: Szkipetárok,Austria,Poland
MIKSZÁTH Kálmán: Szent Péter esernyője,Austria,Poland
GÁRDONYI Géza: Egri csillagok,Austria,Poland
PASSUTH László: Lagúnák,Austria,Poland
"FEJES Endre: Jó estét nyár, jó estét szerelem",Austria,Poland
SZÁNTÓ György: Stradivari,Austria,Poland
G. SZABÓ Judit: A macskát visszafelé simogatják,Austria,Poland
SZÁSZ Imre: Felhőfejes,Austria,Poland
ILLYÉS Gyula: Kháron ladikján,Austria,Poland
PETŐFI Sándor: Források:,Austria,Poland
MOLNÁR Ferenc: A Pál utcai fiúk,Austria,Poland
ADY Endre: Források:,Austria,Poland
ILLÉS Béla: Kárpáti rapszódia,Austria,Romania
MIKSZÁTH Kálmán: Szent Péter esernyője,Austria,Romania
ÖRKÉNY István: Házastársak,Austria,Romania
GÁRDONYI Géza: Egri csillagok,Austria,Romania
PASSUTH László: A mantuai herceg muzsikusa,Austria,Romania
KRÚDY Gyula: Források:,Austria,Romania
SZÁNTÓ György: Stradivari,Austria,Romania
PETŐFI Sándor: Források:,Austria,Romania
MIKES Kelemen: Törökországi levelek,Austria,Romania
MOLNÁR Ferenc: A Pál utcai fiúk,Austria,Romania
ADY Endre: Források:,Austria,Romania
HARSÁNYI Zsolt: Magdolna,Austria,Spain
MÁRAI Sándor: A gyertyák csonkig égnek,Austria,Spain
MÁRAI Sándor: Az igazi,Austria,Spain
MÁRAI Sándor: Vendégjáték Bolzanóban,Austria,Spain
MIKSZÁTH Kálmán: Szent Péter esernyője,Austria,Spain
ZILAHY Lajos: A fegyverek visszanéznek,Austria,Spain
ZILAHY Lajos: A lélek kialszik,Austria,Spain
ZILAHY Lajos: Csöndes élet,Austria,Spain
ZILAHY Lajos: Valamit visz a víz,Austria,Spain
PASSUTH László: Esőisten siratja Mexikót,Austria,Spain
MÁRAI Sándor: A nővér,Austria,Spain
PASSUTH László: Fekete bársonyban,Austria,Spain
ZILAHY Lajos: Halálos tavasz,Austria,Spain
ZILAHY Lajos: Két fogoly,Austria,Spain
PASSUTH László: A mantuai herceg muzsikusa,Austria,Spain
ZILAHY Lajos: A dühödt angyal,Austria,Spain
PASSUTH László: A bíborban született,Austria,Spain
PASSUTH László: Lagúnák,Austria,Spain
MOLNÁR Ferenc: A Pál utcai fiúk,Austria,Spain
ADY Endre: Források:,Austria,Spain
HARSÁNYI Zsolt: Whisky szódával,Austria,Spain
HARSÁNYI Zsolt: Magyar rapszódia: Liszt életének regénye,Austria,Sweden
ILLYÉS Gyula: Kháron ladikján,Austria,Sweden
PETŐFI Sándor: Források:,Austria,Sweden
MOLNÁR Ferenc: A Pál utcai fiúk,Austria,Sweden
ADY Endre: Források:,Austria,Sweden
ESTERHÁZY Péter: A szív segédigéi,Austria,Sweden
HARSÁNYI Zsolt: Galgó három felesége,Austria,Sweden
BALÁZS Béla: Álmodó ifjúság,Austria,Switzerland
HARSÁNYI Zsolt: És mégis mozog a föld,Austria,Switzerland
MÁRAI Sándor: Válás Budán,Austria,Switzerland
MIKSZÁTH Kálmán: Szent Péter esernyője,Austria,Switzerland
ZILAHY Lajos: A dühödt angyal,Austria,Switzerland
PILINSZKY János: Források:,Austria,Switzerland
HARSÁNYI Zsolt: Magyar rapszódia: Liszt életének regénye,Austria,Turkey
ZILAHY Lajos: Két fogoly,Austria,Turkey
PETŐFI Sándor: Források:,Austria,Turkey
MOLNÁR Ferenc: A Pál utcai fiúk,Austria,Turkey
ILLÉS Béla: Szkipetárok,Austria,UK
MIKSZÁTH Kálmán: Szent Péter esernyője,Austria,UK
PASSUTH László: Esőisten siratja Mexikót,Austria,UK
ZILAHY Lajos: A dühödt angyal,Austria,UK
PASSUTH László: Esőisten siratja Mexikót,Austria,USA
ZILAHY Lajos: Két fogoly,Austria,USA
ZILAHY Lajos: A dühödt angyal,Austria,USA
PETŐFI Sándor: Források:,Austria,USA
ADY Endre: Források:,Austria,USA
PETŐFI Sándor: Források:,Austria,USSR-azerbajdzsán
PETŐFI Sándor: Források:,Austria,USSR-baskir
PETŐFI Sándor: Források:,Austria,USSR-fehérorosz
MIKSZÁTH Kálmán: Szent Péter esernyője,Austria,USSR-grúz
PETŐFI Sándor: Források:,Austria,USSR-grúz
MOLNÁR Ferenc: A Pál utcai fiúk,Austria,USSR-grúz
ADY Endre: Források:,Austria,USSR-grúz
MIKSZÁTH Kálmán: Szent Péter esernyője,Austria,USSR-kazah
PETŐFI Sándor: Források:,Austria,USSR-kazah
PETŐFI Sándor: Források:,Austria,USSR-kirgiz
ILLÉS Béla: Kárpáti rapszódia,Austria,USSR-lett
MIKSZÁTH Kálmán: Szent Péter esernyője,Austria,USSR-lett
PETŐFI Sándor: Források:,Austria,USSR-lett
ILLÉS Béla: Kárpáti rapszódia,Austria,USSR-litván
GÁRDONYI Géza: Egri csillagok,Austria,USSR-litván
PETŐFI Sándor: Források:,Austria,USSR-litván
MOLNÁR Ferenc: A Pál utcai fiúk,Austria,USSR-litván
PETŐFI Sándor: Források:,Austria,USSR-moldva
MOLNÁR Ferenc: A Pál utcai fiúk,Austria,USSR-moldva
ILLÉS Béla: Kárpáti rapszódia,Austria,USSR-orosz
MIKSZÁTH Kálmán: Szent Péter esernyője,Austria,USSR-orosz
GÁRDONYI Géza: Egri csillagok,Austria,USSR-orosz
KRÚDY Gyula: Források:,Austria,USSR-orosz
PETŐFI Sándor: Források:,Austria,USSR-orosz
MOLNÁR Ferenc: A Pál utcai fiúk,Austria,USSR-orosz
ADY Endre: Források:,Austria,USSR-orosz
PETŐFI Sándor: Források:,Austria,USSR-tadzsik
PETŐFI Sándor: Források:,Austria,USSR-türkmén
PETŐFI Sándor: Források:,Austria,USSR-udmurt
ILLÉS Béla: Kárpáti rapszódia,Austria,USSR-ukrán
MIKSZÁTH Kálmán: Szent Péter esernyője,Austria,USSR-ukrán
GÁRDONYI Géza: Egri csillagok,Austria,USSR-ukrán
PETŐFI Sándor: Források:,Austria,USSR-ukrán
MOLNÁR Ferenc: A Pál utcai fiúk,Austria,USSR-ukrán
ADY Endre: Források:,Austria,USSR-ukrán
MIKSZÁTH Kálmán: Szent Péter esernyője,Austria,USSR-észt
GÁRDONYI Géza: Egri csillagok,Austria,USSR-észt
PETŐFI Sándor: Források:,Austria,USSR-észt
MOLNÁR Ferenc: A Pál utcai fiúk,Austria,USSR-észt
PETŐFI Sándor: Források:,Austria,USSR-örmény
MOLNÁR Ferenc: A Pál utcai fiúk,Austria,USSR-örmény
ILLÉS Béla: Kárpáti rapszódia,Austria,USSR-üzbég
GÁRDONYI Géza: Egri csillagok,Austria,Vietnam
PETŐFI Sándor: Források:,Austria,Vietnam
DÉRY Tibor: A befejezetlen mondat,Austria,Yugoslavia
HARSÁNYI Zsolt: És mégis mozog a föld,Austria,Yugoslavia
ILLÉS Béla: Kárpáti rapszódia,Austria,Yugoslavia
MIKSZÁTH Kálmán: Szent Péter esernyője,Austria,Yugoslavia
ZILAHY Lajos: A fegyverek visszanéznek,Austria,Yugoslavia
ZILAHY Lajos: A lélek kialszik,Austria,Yugoslavia
ZILAHY Lajos: Valamit visz a víz,Austria,Yugoslavia
PASSUTH László: Esőisten siratja Mexikót,Austria,Yugoslavia
HARSÁNYI Zsolt: Magyar rapszódia: Liszt életének regénye,Austria,Yugoslavia
ZILAHY Lajos: Halálos tavasz,Austria,Yugoslavia
ZILAHY Lajos: Két fogoly,Austria,Yugoslavia
GÁRDONYI Géza: Egri csillagok,Austria,Yugoslavia
ZILAHY Lajos: A dühödt angyal,Austria,Yugoslavia
G. SZABÓ Judit: A macskát visszafelé simogatják,Austria,Yugoslavia
PETŐFI Sándor: Források:,Austria,Yugoslavia
MOLNÁR Ferenc: A Pál utcai fiúk,Austria,Yugoslavia
ADY Endre: Források:,Austria,Yugoslavia
ESTERHÁZY Péter: A szív segédigéi,Austria,Yugoslavia
PASSUTH László: Esőisten siratja Mexikót,Belgium,Brasil
HARSÁNYI Zsolt: Magyar rapszódia: Liszt életének regénye,Belgium,Brasil
MIKSZÁTH Kálmán: Szent Péter esernyője,Belgium,Bulgaria
SÁNTA Ferenc: Az ötödik pecsét,Belgium,Bulgaria
GÁRDONYI Géza: Egri csillagok,Belgium,Bulgaria
JÓZSEF Attila: Források:,Belgium,Bulgaria
MIKSZÁTH Kálmán: Különös házasság,Belgium,Bulgaria
GÁRDONYI Géza: A láthatatlan ember,Belgium,Cuba
JÓZSEF Attila: Források:,Belgium,Cuba
MIKSZÁTH Kálmán: Beszterce ostroma,Belgium,Czechoslovakia-cseh
PASSUTH László: Esőisten siratja Mexikót,Belgium,Czechoslovakia-cseh
MIKSZÁTH Kálmán: Szent Péter esernyője,Belgium,Czechoslovakia-cseh
DÉRY Tibor: Niki,Belgium,Czechoslovakia-cseh
FEJES Endre: Rozsdatemető,Belgium,Czechoslovakia-cseh
GÁRDONYI Géza: A láthatatlan ember,Belgium,Czechoslovakia-cseh
SÁNTA Ferenc: Az ötödik pecsét,Belgium,Czechoslovakia-cseh
GÁRDONYI Géza: Egri csillagok,Belgium,Czechoslovakia-cseh
JÓZSEF Attila: Források:,Belgium,Czechoslovakia-cseh
MIKSZÁTH Kálmán: Különös házasság,Belgium,Czechoslovakia-cseh
MIKSZÁTH Kálmán: Beszterce ostroma,Belgium,Czechoslovakia-szlovák
PASSUTH László: Esőisten siratja Mexikót,Belgium,Czechoslovakia-szlovák
FÖLDES Jolán: A halászó macska uccája,Belgium,Czechoslovakia-szlovák
MIKSZÁTH Kálmán: Szent Péter esernyője,Belgium,Czechoslovakia-szlovák
KASSÁK Lajos: Források:,Belgium,Czechoslovakia-szlovák
FEJES Endre: Rozsdatemető,Belgium,Czechoslovakia-szlovák
SÁNTA Ferenc: Az ötödik pecsét,Belgium,Czechoslovakia-szlovák
GÁRDONYI Géza: Egri csillagok,Belgium,Czechoslovakia-szlovák
JÓZSEF Attila: Források:,Belgium,Czechoslovakia-szlovák
MIKSZÁTH Kálmán: Különös házasság,Belgium,Czechoslovakia-szlovák
DÉRY Tibor: Niki,Belgium,Denmark
JÓZSEF Attila: Források:,Belgium,Denmark
HARSÁNYI Zsolt: És mégis mozog a föld,Belgium,Federal Republic of Germany
HARSÁNYI Zsolt: Magdolna,Belgium,Federal Republic of Germany
JUST Béla: Allegro barbaro,Belgium,Federal Republic of Germany
KÖRMENDI Ferenc: A boldog emberöltő,Belgium,Federal Republic of Germany
MIKSZÁTH Kálmán: A szelistyei asszonyok,Belgium,Federal Republic of Germany
JUST Béla: Az eszelősök,Belgium,Federal Republic of Germany
JUST Béla: Gortstrasse harmadik emelet (?),Belgium,Federal Republic of Germany
DÉRY Tibor: Niki,Belgium,Federal Republic of Germany
FEJES Endre: Rozsdatemető,Belgium,Federal Republic of Germany
GÁRDONYI Géza: A láthatatlan ember,Belgium,Federal Republic of Germany
KARDOS G. György: Avraham Bogatir hét napja,Belgium,Federal Republic of Germany
GÁRDONYI Géza: Egri csillagok,Belgium,Federal Republic of Germany
HARSÁNYI Zsolt: Élni jó. Rubens életének regénye,Belgium,Federal Republic of Germany
HARSÁNYI Zsolt: Magyar rapszódia: Liszt életének regénye,Belgium,Federal Republic of Germany
HARSÁNYI Zsolt: Galgó három felesége,Belgium,Finland
DÉRY Tibor: Niki,Belgium,Finland
FEJES Endre: Rozsdatemető,Belgium,Finland
GÁRDONYI Géza: Egri csillagok,Belgium,Finland
HARSÁNYI Zsolt: Élni jó. Rubens életének regénye,Belgium,Finland
HARSÁNYI Zsolt: Magyar rapszódia: Liszt életének regénye,Belgium,Finland
HARSÁNYI Zsolt: És mégis mozog a föld,Belgium,France
JUST Béla: Allegro barbaro,Belgium,France
JUST Béla: Az eszelősök,Belgium,France
PASSUTH László: Esőisten siratja Mexikót,Belgium,France
FÖLDES Jolán: A halászó macska uccája,Belgium,France
DÉRY Tibor: Niki,Belgium,France
FEJES Endre: Rozsdatemető,Belgium,France
KARDOS G. György: Avraham Bogatir hét napja,Belgium,France
SÁNTA Ferenc: Az ötödik pecsét,Belgium,France
JÓZSEF Attila: Források:,Belgium,France
HARSÁNYI Zsolt: Magyar rapszódia: Liszt életének regénye,Belgium,France
MIKSZÁTH Kálmán: Beszterce ostroma,Belgium,GDR
MIKSZÁTH Kálmán: Szent Péter esernyője,Belgium,GDR
FEJES Endre: Rozsdatemető,Belgium,GDR
GÁRDONYI Géza: A láthatatlan ember,Belgium,GDR
KARDOS G. György: Avraham Bogatir hét napja,Belgium,GDR
SÁNTA Ferenc: Az ötödik pecsét,Belgium,GDR
GÁRDONYI Géza: Egri csillagok,Belgium,GDR
JÓZSEF Attila: Források:,Belgium,GDR
MIKSZÁTH Kálmán: Különös házasság,Belgium,GDR
GÁRDONYI Géza: Egri csillagok,Belgium,Greece
MIKSZÁTH Kálmán: Beszterce ostroma,Belgium,Hungary
"MIKSZÁTH Kálmán: Prakovszky, a siket kovács",Belgium,Hungary
MIKSZÁTH Kálmán: Szent Péter esernyője,Belgium,Hungary
KASSÁK Lajos: Források:,Belgium,Hungary
GÁRDONYI Géza: A láthatatlan ember,Belgium,Hungary
SÁNTA Ferenc: Az ötödik pecsét,Belgium,Hungary
GÁRDONYI Géza: Egri csillagok,Belgium,Hungary
JÓZSEF Attila: Források:,Belgium,Hungary
MIKSZÁTH Kálmán: Különös házasság,Belgium,Hungary
GÁRDONYI Géza: A láthatatlan ember,Belgium,Israel
KARDOS G. György: Avraham Bogatir hét napja,Belgium,Israel
HARSÁNYI Zsolt: Magyar rapszódia: Liszt életének regénye,Belgium,Israel
HARSÁNYI Zsolt: És mégis mozog a föld,Belgium,Italy
"MIKSZÁTH Kálmán: Prakovszky, a siket kovács",Belgium,Italy
JUST Béla: Az eszelősök,Belgium,Italy
MIKSZÁTH Kálmán: Szent Péter esernyője,Belgium,Italy
DÉRY Tibor: Niki,Belgium,Italy
FEJES Endre: Rozsdatemető,Belgium,Italy
KARDOS G. György: Avraham Bogatir hét napja,Belgium,Italy
GÁRDONYI Géza: Egri csillagok,Belgium,Italy
JÓZSEF Attila: Források:,Belgium,Italy
HARSÁNYI Zsolt: Élni jó. Rubens életének regénye,Belgium,Italy
HARSÁNYI Zsolt: És mégis mozog a föld,Belgium,Japan
PASSUTH László: Esőisten siratja Mexikót,Belgium,Mexico
HARSÁNYI Zsolt: És mégis mozog a föld,Belgium,Netherlands
HARSÁNYI Zsolt: Magdolna,Belgium,Netherlands
FÖLDES Jolán: A halászó macska uccája,Belgium,Netherlands
JUST Béla: Gortstrasse harmadik emelet (?),Belgium,Netherlands
MIKSZÁTH Kálmán: Szent Péter esernyője,Belgium,Netherlands
GÁRDONYI Géza: Egri csillagok,Belgium,Netherlands
HARSÁNYI Zsolt: Élni jó. Rubens életének regénye,Belgium,Netherlands
HARSÁNYI Zsolt: Magyar rapszódia: Liszt életének regénye,Belgium,Netherlands
DÉRY Tibor: Niki,Belgium,Norway
KARDOS G. György: Avraham Bogatir hét napja,Belgium,Norway
JÓZSEF Attila: Források:,Belgium,Norway
HARSÁNYI Zsolt: Magyar rapszódia: Liszt életének regénye,Belgium,Norway
MIKSZÁTH Kálmán: Szent Péter esernyője,Belgium,PR China
JÓZSEF Attila: Források:,Belgium,PR China
MIKSZÁTH Kálmán: Beszterce ostroma,Belgium,Poland
JUST Béla: Az eszelősök,Belgium,Poland
FÖLDES Jolán: A halászó macska uccája,Belgium,Poland
MIKSZÁTH Kálmán: Szent Péter esernyője,Belgium,Poland
KASSÁK Lajos: Források:,Belgium,Poland
DÉRY Tibor: Niki,Belgium,Poland
FEJES Endre: Rozsdatemető,Belgium,Poland
GÁRDONYI Géza: A láthatatlan ember,Belgium,Poland
SÁNTA Ferenc: Az ötödik pecsét,Belgium,Poland
GÁRDONYI Géza: Egri csillagok,Belgium,Poland
JÓZSEF Attila: Források:,Belgium,Poland
MIKSZÁTH Kálmán: Különös házasság,Belgium,Poland
FÖLDES Jolán: A halászó macska uccája,Belgium,Portugal
JÓZSEF Attila: Források:,Belgium,Portugal
MIKSZÁTH Kálmán: A szelistyei asszonyok,Belgium,Romania
MIKSZÁTH Kálmán: Szent Péter esernyője,Belgium,Romania
KASSÁK Lajos: Források:,Belgium,Romania
FEJES Endre: Rozsdatemető,Belgium,Romania
SÁNTA Ferenc: Az ötödik pecsét,Belgium,Romania
GÁRDONYI Géza: Egri csillagok,Belgium,Romania
JÓZSEF Attila: Források:,Belgium,Romania
MIKSZÁTH Kálmán: Különös házasság,Belgium,Romania
HARSÁNYI Zsolt: Magdolna,Belgium,Spain
KÖRMENDI Ferenc: A boldog emberöltő,Belgium,Spain
PASSUTH László: Esőisten siratja Mexikót,Belgium,Spain
MIKSZÁTH Kálmán: Szent Péter esernyője,Belgium,Spain
FEJES Endre: Rozsdatemető,Belgium,Spain
JÓZSEF Attila: Források:,Belgium,Spain
HARSÁNYI Zsolt: Galgó három felesége,Belgium,Sweden
DÉRY Tibor: Niki,Belgium,Sweden
KARDOS G. György: Avraham Bogatir hét napja,Belgium,Sweden
HARSÁNYI Zsolt: Magyar rapszódia: Liszt életének regénye,Belgium,Sweden
HARSÁNYI Zsolt: És mégis mozog a föld,Belgium,Switzerland
MIKSZÁTH Kálmán: Szent Péter esernyője,Belgium,Switzerland
JÓZSEF Attila: Források:,Belgium,Switzerland
DÉRY Tibor: Niki,Belgium,Turkey
GÁRDONYI Géza: A láthatatlan ember,Belgium,Turkey
HARSÁNYI Zsolt: Magyar rapszódia: Liszt életének regénye,Belgium,Turkey
PASSUTH László: Esőisten siratja Mexikót,Belgium,UK
MIKSZÁTH Kálmán: Szent Péter esernyője,Belgium,UK
DÉRY Tibor: Niki,Belgium,UK
GÁRDONYI Géza: A láthatatlan ember,Belgium,UK
JÓZSEF Attila: Források:,Belgium,UK
PASSUTH László: Esőisten siratja Mexikót,Belgium,USA
DÉRY Tibor: Niki,Belgium,USA
FEJES Endre: Rozsdatemető,Belgium,USA
KARDOS G. György: Avraham Bogatir hét napja,Belgium,USA
JÓZSEF Attila: Források:,Belgium,USA
MIKSZÁTH Kálmán: Beszterce ostroma,Belgium,USSR-grúz
MIKSZÁTH Kálmán: Szent Péter esernyője,Belgium,USSR-grúz
MIKSZÁTH Kálmán: Szent Péter esernyője,Belgium,USSR-kazah
MIKSZÁTH Kálmán: Különös házasság,Belgium,USSR-kazah
MIKSZÁTH Kálmán: Szent Péter esernyője,Belgium,USSR-lett
FEJES Endre: Rozsdatemető,Belgium,USSR-lett
JÓZSEF Attila: Források:,Belgium,USSR-lett
MIKSZÁTH Kálmán: Különös házasság,Belgium,USSR-lett
FEJES Endre: Rozsdatemető,Belgium,USSR-litván
GÁRDONYI Géza: Egri csillagok,Belgium,USSR-litván
MIKSZÁTH Kálmán: Különös házasság,Belgium,USSR-litván
SÁNTA Ferenc: Az ötödik pecsét,Belgium,USSR-moldva
MIKSZÁTH Kálmán: Beszterce ostroma,Belgium,USSR-orosz
MIKSZÁTH Kálmán: Szent Péter esernyője,Belgium,USSR-orosz
KASSÁK Lajos: Források:,Belgium,USSR-orosz
FEJES Endre: Rozsdatemető,Belgium,USSR-orosz
GÁRDONYI Géza: Egri csillagok,Belgium,USSR-orosz
JÓZSEF Attila: Források:,Belgium,USSR-orosz
MIKSZÁTH Kálmán: Különös házasság,Belgium,USSR-orosz
SÁNTA Ferenc: Az ötödik pecsét,Belgium,USSR-türkmén
MIKSZÁTH Kálmán: Szent Péter esernyője,Belgium,USSR-ukrán
GÁRDONYI Géza: Egri csillagok,Belgium,USSR-ukrán
JÓZSEF Attila: Források:,Belgium,USSR-ukrán
MIKSZÁTH Kálmán: Különös házasság,Belgium,USSR-ukrán
MIKSZÁTH Kálmán: Szent Péter esernyője,Belgium,USSR-észt
FEJES Endre: Rozsdatemető,Belgium,USSR-észt
GÁRDONYI Géza: A láthatatlan ember,Belgium,USSR-észt
GÁRDONYI Géza: Egri csillagok,Belgium,USSR-észt
SÁNTA Ferenc: Az ötödik pecsét,Belgium,USSR-örmény
MIKSZÁTH Kálmán: Különös házasság,Belgium,USSR-üzbég
GÁRDONYI Géza: Egri csillagok,Belgium,Vietnam
JÓZSEF Attila: Források:,Belgium,Vietnam
HARSÁNYI Zsolt: És mégis mozog a föld,Belgium,Yugoslavia
MIKSZÁTH Kálmán: Beszterce ostroma,Belgium,Yugoslavia
PASSUTH László: Esőisten siratja Mexikót,Belgium,Yugoslavia
MIKSZÁTH Kálmán: Szent Péter esernyője,Belgium,Yugoslavia
DÉRY Tibor: Niki,Belgium,Yugoslavia
FEJES Endre: Rozsdatemető,Belgium,Yugoslavia
GÁRDONYI Géza: A láthatatlan ember,Belgium,Yugoslavia
KARDOS G. György: Avraham Bogatir hét napja,Belgium,Yugoslavia
GÁRDONYI Géza: Egri csillagok,Belgium,Yugoslavia
JÓZSEF Attila: Források:,Belgium,Yugoslavia
MIKSZÁTH Kálmán: Különös házasság,Belgium,Yugoslavia
HARSÁNYI Zsolt: Magyar rapszódia: Liszt életének regénye,Belgium,Yugoslavia
MOLNÁR Ferenc: A Pál utcai fiúk,Brasil,Bulgaria
MOLNÁR Ferenc: A Pál utcai fiúk,Brasil,Colombia
MOLNÁR Ferenc: A Pál utcai fiúk,Brasil,Czechoslovakia-cseh
MÓRICZ Zsigmond: Árvácska,Brasil,Czechoslovakia-cseh
PASSUTH László: Esőisten siratja Mexikót,Brasil,Czechoslovakia-cseh
MOLNÁR Ferenc: A Pál utcai fiúk,Brasil,Czechoslovakia-szlovák
MÓRICZ Zsigmond: Árvácska,Brasil,Czechoslovakia-szlovák
PASSUTH László: Esőisten siratja Mexikót,Brasil,Czechoslovakia-szlovák
MOLNÁR Ferenc: A Pál utcai fiúk,Brasil,Federal Republic of Germany
HARSÁNYI Zsolt: Magyar rapszódia: Liszt életének regénye,Brasil,Federal Republic of Germany
MOLNÁR Ferenc: A Pál utcai fiúk,Brasil,Finland
HARSÁNYI Zsolt: Magyar rapszódia: Liszt életének regénye,Brasil,Finland
MOLNÁR Ferenc: A Pál utcai fiúk,Brasil,France
PASSUTH László: Esőisten siratja Mexikót,Brasil,France
HARSÁNYI Zsolt: Magyar rapszódia: Liszt életének regénye,Brasil,France
MOLNÁR Ferenc: A Pál utcai fiúk,Brasil,Hungary
MOLNÁR Ferenc: A Pál utcai fiúk,Brasil,Israel
HARSÁNYI Zsolt: Magyar rapszódia: Liszt életének regénye,Brasil,Israel
KÖRMENDI Ferenc: Napfogyatkozás,Brasil,Italy
MOLNÁR Ferenc: A Pál utcai fiúk,Brasil,Italy
PASSUTH László: Esőisten siratja Mexikót,Brasil,Mexico
HARSÁNYI Zsolt: Magyar rapszódia: Liszt életének regénye,Brasil,Netherlands
HARSÁNYI Zsolt: Magyar rapszódia: Liszt életének regénye,Brasil,Norway
MÓRICZ Zsigmond: Árvácska,Brasil,PR China
MOLNÁR Ferenc: A Pál utcai fiúk,Brasil,Poland
MOLNÁR Ferenc: A Pál utcai fiúk,Brasil,Romania
MOLNÁR Ferenc: A Pál utcai fiúk,Brasil,Spain
PASSUTH László: Esőisten siratja Mexikót,Brasil,Spain
MOLNÁR Ferenc: A Pál utcai fiúk,Brasil,Sweden
HARSÁNYI Zsolt: Magyar rapszódia: Liszt életének regénye,Brasil,Sweden
MÓRICZ Zsigmond: Árvácska,Brasil,Switzerland
MOLNÁR Ferenc: A Pál utcai fiúk,Brasil,Turkey
HARSÁNYI Zsolt: Magyar rapszódia: Liszt életének regénye,Brasil,Turkey
PASSUTH László: Esőisten siratja Mexikót,Brasil,UK
KÖRMENDI Ferenc: Napfogyatkozás,Brasil,USA
PASSUTH László: Esőisten siratja Mexikót,Brasil,USA
MOLNÁR Ferenc: A Pál utcai fiúk,Brasil,USSR-grúz
MOLNÁR Ferenc: A Pál utcai fiúk,Brasil,USSR-litván
MOLNÁR Ferenc: A Pál utcai fiúk,Brasil,USSR-moldva
MOLNÁR Ferenc: A Pál utcai fiúk,Brasil,USSR-orosz
MOLNÁR Ferenc: A Pál utcai fiúk,Brasil,USSR-ukrán
MOLNÁR Ferenc: A Pál utcai fiúk,Brasil,USSR-észt
MOLNÁR Ferenc: A Pál utcai fiúk,Brasil,USSR-örmény
MOLNÁR Ferenc: A Pál utcai fiúk,Brasil,Yugoslavia
PASSUTH László: Esőisten siratja Mexikót,Brasil,Yugoslavia
HARSÁNYI Zsolt: Magyar rapszódia: Liszt életének regénye,Brasil,Yugoslavia
ILLÉS Béla: Fegyvert s vitézt éneklek,Bulgaria,Chile
MOLNÁR Ferenc: A Pál utcai fiúk,Bulgaria,Colombia
JÓZSEF Attila: Források:,Bulgaria,Cuba
PETŐFI Sándor: Források:,Bulgaria,Cuba
KARINTHY Ferenc: Epepe,Bulgaria,Cuba
KARINTHY Ferenc: Budapesti tavasz,Bulgaria,Cuba
ACZÉL Tamás: A szabadság árnyékában,Bulgaria,Czechoslovakia-cseh
ACZÉL Tamás: Vihar és napsütés,Bulgaria,Czechoslovakia-cseh
ILLÉS Béla: Kárpáti rapszódia,Bulgaria,Czechoslovakia-cseh
ILLÉS Béla: Szkipetárok,Bulgaria,Czechoslovakia-cseh
ILLYÉS Gyula: Puszták népe,Bulgaria,Czechoslovakia-cseh
JÓZSEF Attila: Források:,Bulgaria,Czechoslovakia-cseh
MOLNÁR Ferenc: A Pál utcai fiúk,Bulgaria,Czechoslovakia-cseh
MÓRICZ Zsigmond: Források:,Bulgaria,Czechoslovakia-cseh
MÓRICZ Zsigmond: A boldog ember,Bulgaria,Czechoslovakia-cseh
MÓRICZ Zsigmond: Rokonok,Bulgaria,Czechoslovakia-cseh
PETŐFI Sándor: Források:,Bulgaria,Czechoslovakia-cseh
PETŐFI Sándor: János vitéz,Bulgaria,Czechoslovakia-cseh
SZABÓ Pál: Talpalatnyi föld,Bulgaria,Czechoslovakia-cseh
VERES Péter: Próbatétel,Bulgaria,Czechoslovakia-cseh
SZABÓ Pál: Isten malmai,Bulgaria,Czechoslovakia-cseh
MÓRICZ Zsigmond: Légy jó mindhalálig,Bulgaria,Czechoslovakia-cseh
BERKESI András: Októberi vihar,Bulgaria,Czechoslovakia-cseh
GÁRDONYI Géza: Egri csillagok,Bulgaria,Czechoslovakia-cseh
ILLÉS Béla: Ég a Tisza,Bulgaria,Czechoslovakia-cseh
ILLYÉS Gyula: Petőfi,Bulgaria,Czechoslovakia-cseh
MIKSZÁTH Kálmán: A Noszty fiú esete Tóth Marival,Bulgaria,Czechoslovakia-cseh
MIKSZÁTH Kálmán: Különös házasság,Bulgaria,Czechoslovakia-cseh
SÓS György: Pettyes kalandjai,Bulgaria,Czechoslovakia-cseh
ILLÉS Béla: Fegyvert s vitézt éneklek,Bulgaria,Czechoslovakia-cseh
SZABÓ Magda: Mondják meg Zsófikának,Bulgaria,Czechoslovakia-cseh
MIKSZÁTH Kálmán: Szent Péter esernyője,Bulgaria,Czechoslovakia-cseh
BERKESI András−KARDOS György: Kopjások,Bulgaria,Czechoslovakia-cseh
FEKETE Gyula: Az orvos halála,Bulgaria,Czechoslovakia-cseh
ZALKA Miklós: Aknamező,Bulgaria,Czechoslovakia-cseh
DÉRY Tibor: Források:,Bulgaria,Czechoslovakia-cseh
JÓKAI Mór: A kőszívű ember fiai,Bulgaria,Czechoslovakia-cseh
JÓKAI Mór: Sárga rózsa,Bulgaria,Czechoslovakia-cseh
KOSZTOLÁNYI Dezső: Pacsirta,Bulgaria,Czechoslovakia-cseh
SOMOGYI TÓTH Sándor: Gyerektükör,Bulgaria,Czechoslovakia-cseh
SZABÓ Magda: Freskó,Bulgaria,Czechoslovakia-cseh
SZABÓ Magda: Régimódi történet,Bulgaria,Czechoslovakia-cseh
BERTHA Bulcsu: A kenguru,Bulgaria,Czechoslovakia-cseh
RADNÓTI Miklós: Források:,Bulgaria,Czechoslovakia-cseh
JÓKAI Mór: Fekete gyémántok,Bulgaria,Czechoslovakia-cseh
KARINTHY Ferenc: Epepe,Bulgaria,Czechoslovakia-cseh
SÁNTA Ferenc: Az ötödik pecsét,Bulgaria,Czechoslovakia-cseh
NÉMETH László: Gyász,Bulgaria,Czechoslovakia-cseh
"Bogáti Péter: Az utolsó ember; avagy, C. Robinson különös története",Bulgaria,Czechoslovakia-cseh
KOSZTOLÁNYI Dezső: Források:,Bulgaria,Czechoslovakia-cseh
SZABÓ Magda: Álarcosbál,Bulgaria,Czechoslovakia-cseh
KERTÉSZ Ákos: Makra,Bulgaria,Czechoslovakia-cseh
CSUKÁS István: Keménykalap és krumpliorr,Bulgaria,Czechoslovakia-cseh
CSERES Tibor: Hideg napok,Bulgaria,Czechoslovakia-cseh
BERKESI András: Sellő a pecsétgyűrűn,Bulgaria,Czechoslovakia-cseh
NAGY Lajos: Pincenapló,Bulgaria,Czechoslovakia-cseh
BETLEN Oszkár: Élet a halál földjén,Bulgaria,Czechoslovakia-cseh
JÓKAI Anna: Tartozik és követel,Bulgaria,Czechoslovakia-cseh
DARVAS József: Város az ingoványon,Bulgaria,Czechoslovakia-cseh
KARINTHY Ferenc: Budapesti tavasz,Bulgaria,Czechoslovakia-cseh
SZAMOS Rudolf: Kántor nyomoz,Bulgaria,Czechoslovakia-cseh
TATAY Sándor: Puskák és galambok,Bulgaria,Czechoslovakia-cseh
ACZÉL Tamás: A szabadság árnyékában,Bulgaria,Czechoslovakia-szlovák
ACZÉL Tamás: Vihar és napsütés,Bulgaria,Czechoslovakia-szlovák
GODA Gábor: Farkasok között,Bulgaria,Czechoslovakia-szlovák
ILLÉS Béla: Kárpáti rapszódia,Bulgaria,Czechoslovakia-szlovák
ILLÉS Béla: Szkipetárok,Bulgaria,Czechoslovakia-szlovák
JÓKAI Mór: Az arany ember,Bulgaria,Czechoslovakia-szlovák
JÓZSEF Attila: Források:,Bulgaria,Czechoslovakia-szlovák
MOLNÁR Ferenc: A Pál utcai fiúk,Bulgaria,Czechoslovakia-szlovák
MÓRICZ Zsigmond: A boldog ember,Bulgaria,Czechoslovakia-szlovák
MÓRICZ Zsigmond: Rokonok,Bulgaria,Czechoslovakia-szlovák
PETŐFI Sándor: Források:,Bulgaria,Czechoslovakia-szlovák
RIDEG Sándor: Tűzpróba,Bulgaria,Czechoslovakia-szlovák
SZABÓ Pál: Talpalatnyi föld,Bulgaria,Czechoslovakia-szlovák
VERES Péter: Próbatétel,Bulgaria,Czechoslovakia-szlovák
SZABÓ Pál: Isten malmai,Bulgaria,Czechoslovakia-szlovák
MÓRICZ Zsigmond: Légy jó mindhalálig,Bulgaria,Czechoslovakia-szlovák
GÁRDONYI Géza: Egri csillagok,Bulgaria,Czechoslovakia-szlovák
MIKSZÁTH Kálmán: A Noszty fiú esete Tóth Marival,Bulgaria,Czechoslovakia-szlovák
MIKSZÁTH Kálmán: Különös házasság,Bulgaria,Czechoslovakia-szlovák
ILLÉS Béla: Fegyvert s vitézt éneklek,Bulgaria,Czechoslovakia-szlovák
MESTERHÁZI Lajos: Pár lépés a határ,Bulgaria,Czechoslovakia-szlovák
SZABÓ Magda: Mondják meg Zsófikának,Bulgaria,Czechoslovakia-szlovák
GERGELY Márta: Szöszi,Bulgaria,Czechoslovakia-szlovák
MIKSZÁTH Kálmán: Szent Péter esernyője,Bulgaria,Czechoslovakia-szlovák
SZÁVA István: A szirakuzai óriás,Bulgaria,Czechoslovakia-szlovák
SÁNTA Ferenc: Húsz óra,Bulgaria,Czechoslovakia-szlovák
FEKETE Gyula: Az orvos halála,Bulgaria,Czechoslovakia-szlovák
PETŐFI Sándor: Az apostol,Bulgaria,Czechoslovakia-szlovák
JÓKAI Mór: A kőszívű ember fiai,Bulgaria,Czechoslovakia-szlovák
KOSZTOLÁNYI Dezső: Édes Anna,Bulgaria,Czechoslovakia-szlovák
BERKESI András: A 13. ügynök,Bulgaria,Czechoslovakia-szlovák
GÁL György Sándor: Liszt Ferenc életének regénye,Bulgaria,Czechoslovakia-szlovák
KOSZTOLÁNYI Dezső: Pacsirta,Bulgaria,Czechoslovakia-szlovák
SOMOGYI TÓTH Sándor: Gyerektükör,Bulgaria,Czechoslovakia-szlovák
SÜTŐ András: Anyám könnyű álmot ígér,Bulgaria,Czechoslovakia-szlovák
BÓKAY János: Bohémek és pillangók: Puccini életregénye,Bulgaria,Czechoslovakia-szlovák
FEKETE István: Tüskevár,Bulgaria,Czechoslovakia-szlovák
BERTHA Bulcsu: A kenguru,Bulgaria,Czechoslovakia-szlovák
RADNÓTI Miklós: Források:,Bulgaria,Czechoslovakia-szlovák
JÓKAI Mór: Fekete gyémántok,Bulgaria,Czechoslovakia-szlovák
SÁNTA Ferenc: Az ötödik pecsét,Bulgaria,Czechoslovakia-szlovák
NÉMETH László: Gyász,Bulgaria,Czechoslovakia-szlovák
SZABÓ Magda: Álarcosbál,Bulgaria,Czechoslovakia-szlovák
KERTÉSZ Ákos: Makra,Bulgaria,Czechoslovakia-szlovák
JÓKAI Mór: Egy magyar nábob,Bulgaria,Czechoslovakia-szlovák
BERKESI András: Sellő a pecsétgyűrűn,Bulgaria,Czechoslovakia-szlovák
MÁNDY Iván: Csutak és a szürke ló,Bulgaria,Czechoslovakia-szlovák
NAGY Lajos: Pincenapló,Bulgaria,Czechoslovakia-szlovák
BETLEN Oszkár: Élet a halál földjén,Bulgaria,Czechoslovakia-szlovák
DARVAS József: Város az ingoványon,Bulgaria,Czechoslovakia-szlovák
KARINTHY Ferenc: Budapesti tavasz,Bulgaria,Czechoslovakia-szlovák
SZAMOS Rudolf: Kántor nyomoz,Bulgaria,Czechoslovakia-szlovák
TATAY Sándor: Puskák és galambok,Bulgaria,Czechoslovakia-szlovák
JÓZSEF Attila: Források:,Bulgaria,Denmark
ZILAHY Lajos: Ararát,Bulgaria,Denmark
SZABÓ Magda: Az őz,Bulgaria,Denmark
PETŐFI Sándor: Források:,Bulgaria,Egypt
ILLYÉS Gyula: Puszták népe,Bulgaria,Federal Republic of Germany
MOLNÁR Ferenc: A Pál utcai fiúk,Bulgaria,Federal Republic of Germany
MÓRICZ Zsigmond: Források:,Bulgaria,Federal Republic of Germany
VASZARY Gábor: Ő,Bulgaria,Federal Republic of Germany
GÁRDONYI Géza: Egri csillagok,Bulgaria,Federal Republic of Germany
NÉMETH László: Égető Eszter,Bulgaria,Federal Republic of Germany
SÁNTA Ferenc: Húsz óra,Bulgaria,Federal Republic of Germany
DÉRY Tibor: Források:,Bulgaria,Federal Republic of Germany
KOSZTOLÁNYI Dezső: Édes Anna,Bulgaria,Federal Republic of Germany
BÓKAY János: Bohémek és pillangók: Puccini életregénye,Bulgaria,Federal Republic of Germany
SZABÓ Magda: Freskó,Bulgaria,Federal Republic of Germany
FEKETE István: Tüskevár,Bulgaria,Federal Republic of Germany
ZSOLDOS Péter: A feladat,Bulgaria,Federal Republic of Germany
SZABÓ Magda: Az őz,Bulgaria,Federal Republic of Germany
ÖRKÉNY István: Rózsakiállítás,Bulgaria,Federal Republic of Germany
RADNÓTI Miklós: Források:,Bulgaria,Federal Republic of Germany
NÉMETH László: Gyász,Bulgaria,Federal Republic of Germany
KOSZTOLÁNYI Dezső: Források:,Bulgaria,Federal Republic of Germany
KERTÉSZ Ákos: Makra,Bulgaria,Federal Republic of Germany
MÁNDY Iván: Csutak és a szürke ló,Bulgaria,Federal Republic of Germany
ILLYÉS Gyula: Puszták népe,Bulgaria,Finland
MOLNÁR Ferenc: A Pál utcai fiúk,Bulgaria,Finland
MÓRICZ Zsigmond: Források:,Bulgaria,Finland
PETŐFI Sándor: Források:,Bulgaria,Finland
VERES Péter: Próbatétel,Bulgaria,Finland
ZILAHY Lajos: A fegyverek visszanéznek,Bulgaria,Finland
ZILAHY Lajos: Ararát,Bulgaria,Finland
GÁRDONYI Géza: Egri csillagok,Bulgaria,Finland
SÁNTA Ferenc: Isten a szekéren,Bulgaria,Finland
SZABÓ Magda: Az őz,Bulgaria,Finland
KARINTHY Ferenc: Epepe,Bulgaria,Finland
KOSZTOLÁNYI Dezső: Források:,Bulgaria,Finland
KERTÉSZ Ákos: Makra,Bulgaria,Finland
ILLYÉS Gyula: Puszták népe,Bulgaria,France
JÓZSEF Attila: Források:,Bulgaria,France
MOLNÁR Ferenc: A Pál utcai fiúk,Bulgaria,France
MÓRICZ Zsigmond: A boldog ember,Bulgaria,France
MÓRICZ Zsigmond: Rokonok,Bulgaria,France
PETŐFI Sándor: Források:,Bulgaria,France
PETŐFI Sándor: János vitéz,Bulgaria,France
VERES Péter: Próbatétel,Bulgaria,France
ZILAHY Lajos: A fegyverek visszanéznek,Bulgaria,France
ZILAHY Lajos: Ararát,Bulgaria,France
MÓRICZ Zsigmond: Légy jó mindhalálig,Bulgaria,France
ILLYÉS Gyula: Petőfi,Bulgaria,France
DÉRY Tibor: Források:,Bulgaria,France
JÓKAI Mór: A kőszívű ember fiai,Bulgaria,France
SZABÓ Magda: Freskó,Bulgaria,France
SZABÓ Magda: Az őz,Bulgaria,France
ÖRKÉNY István: Rózsakiállítás,Bulgaria,France
RADNÓTI Miklós: Források:,Bulgaria,France
SÁNTA Ferenc: Az ötödik pecsét,Bulgaria,France
CSERES Tibor: Hideg napok,Bulgaria,France
ÖRKÉNY István: Házastársak,Bulgaria,GDR
ILLÉS Béla: Kárpáti rapszódia,Bulgaria,GDR
ILLYÉS Gyula: Puszták népe,Bulgaria,GDR
JÓKAI Mór: Az arany ember,Bulgaria,GDR
JÓZSEF Attila: Források:,Bulgaria,GDR
MÓRICZ Zsigmond: Források:,Bulgaria,GDR
MÓRICZ Zsigmond: A boldog ember,Bulgaria,GDR
MÓRICZ Zsigmond: Rokonok,Bulgaria,GDR
PETŐFI Sándor: Források:,Bulgaria,GDR
PETŐFI Sándor: János vitéz,Bulgaria,GDR
SZABÓ Pál: Talpalatnyi föld,Bulgaria,GDR
VERES Péter: Pályamunkások,Bulgaria,GDR
VERES Péter: Próbatétel,Bulgaria,GDR
SZABÓ Pál: Isten malmai,Bulgaria,GDR
GÁRDONYI Géza: Egri csillagok,Bulgaria,GDR
ILLÉS Béla: Ég a Tisza,Bulgaria,GDR
ILLYÉS Gyula: Petőfi,Bulgaria,GDR
MIKSZÁTH Kálmán: A Noszty fiú esete Tóth Marival,Bulgaria,GDR
MIKSZÁTH Kálmán: Különös házasság,Bulgaria,GDR
THURY Zsuzsa: A francia kislány,Bulgaria,GDR
ILLÉS Béla: Fegyvert s vitézt éneklek,Bulgaria,GDR
MESTERHÁZI Lajos: Pár lépés a határ,Bulgaria,GDR
MIKSZÁTH Kálmán: Szent Péter esernyője,Bulgaria,GDR
FEKETE Gyula: Az orvos halála,Bulgaria,GDR
DÉRY Tibor: Források:,Bulgaria,GDR
KRÚDY Gyula: A vörös postakocsi,Bulgaria,GDR
JÓKAI Mór: A kőszívű ember fiai,Bulgaria,GDR
"DOBOZY Imre: Kedd, szerda, csütörtök",Bulgaria,GDR
JÓKAI Mór: Sárga rózsa,Bulgaria,GDR
SÜTŐ András: Anyám könnyű álmot ígér,Bulgaria,GDR
GALGÓCZI Erzsébet: Források:,Bulgaria,GDR
SZABÓ Magda: Freskó,Bulgaria,GDR
SZABÓ Magda: Az őz,Bulgaria,GDR
DOBOZY Imre: Hatalom nélkül,Bulgaria,GDR
KESZI Imre: A végtelen dallam: Wagner életregénye,Bulgaria,GDR
ÖRKÉNY István: Rózsakiállítás,Bulgaria,GDR
SZABÓ Magda: Régimódi történet,Bulgaria,GDR
BERTHA Bulcsu: A kenguru,Bulgaria,GDR
RADNÓTI Miklós: Források:,Bulgaria,GDR
ÖRKÉNY István: Források:,Bulgaria,GDR
SÁNTA Ferenc: Az ötödik pecsét,Bulgaria,GDR
NÉMETH László: Gyász,Bulgaria,GDR
KOSZTOLÁNYI Dezső: Források:,Bulgaria,GDR
KERTÉSZ Ákos: Makra,Bulgaria,GDR
CSUKÁS István: Keménykalap és krumpliorr,Bulgaria,GDR
SZAKONYI Károly: Szép nyár*,Bulgaria,GDR
CSERES Tibor: Hideg napok,Bulgaria,GDR
BERKESI András: Sellő a pecsétgyűrűn,Bulgaria,GDR
MÁNDY Iván: Csutak és a szürke ló,Bulgaria,GDR
NAGY Lajos: Pincenapló,Bulgaria,GDR
BETLEN Oszkár: Élet a halál földjén,Bulgaria,GDR
JÓKAI Anna: Tartozik és követel,Bulgaria,GDR
DARVAS József: Város az ingoványon,Bulgaria,GDR
KARINTHY Ferenc: Budapesti tavasz,Bulgaria,GDR
SZAMOS Rudolf: Kántor nyomoz,Bulgaria,GDR
TATAY Sándor: Puskák és galambok,Bulgaria,GDR
MÓRICZ Zsigmond: Légy jó mindhalálig,Bulgaria,Greece
GÁRDONYI Géza: Egri csillagok,Bulgaria,Greece
ILLÉS Béla: Kárpáti rapszódia,Bulgaria,Hungary
ILLYÉS Gyula: Puszták népe,Bulgaria,Hungary
JÓKAI Mór: Az arany ember,Bulgaria,Hungary
JÓZSEF Attila: Források:,Bulgaria,Hungary
MOLNÁR Ferenc: A Pál utcai fiúk,Bulgaria,Hungary
MÓRICZ Zsigmond: Források:,Bulgaria,Hungary
MÓRICZ Zsigmond: Rokonok,Bulgaria,Hungary
PETŐFI Sándor: Források:,Bulgaria,Hungary
PETŐFI Sándor: János vitéz,Bulgaria,Hungary
MÓRICZ Zsigmond: Légy jó mindhalálig,Bulgaria,Hungary
GÁRDONYI Géza: Egri csillagok,Bulgaria,Hungary
ILLYÉS Gyula: Petőfi,Bulgaria,Hungary
MIKSZÁTH Kálmán: Különös házasság,Bulgaria,Hungary
MESTERHÁZI Lajos: Pár lépés a határ,Bulgaria,Hungary
SZABÓ Magda: Mondják meg Zsófikának,Bulgaria,Hungary
GERGELY Márta: Szöszi,Bulgaria,Hungary
MIKSZÁTH Kálmán: Szent Péter esernyője,Bulgaria,Hungary
SZÁVA István: A szirakuzai óriás,Bulgaria,Hungary
DARVAS József: A törökverő,Bulgaria,Hungary
SÁNTA Ferenc: Húsz óra,Bulgaria,Hungary
FEKETE Gyula: Az orvos halála,Bulgaria,Hungary
KRÚDY Gyula: A vörös postakocsi,Bulgaria,Hungary
PETŐFI Sándor: Az apostol,Bulgaria,Hungary
REJTŐ Jenő: A szőke ciklon,Bulgaria,Hungary
KOSZTOLÁNYI Dezső: Édes Anna,Bulgaria,Hungary
SÁNTA Ferenc: Isten a szekéren,Bulgaria,Hungary
KESZI Imre: A végtelen dallam: Wagner életregénye,Bulgaria,Hungary
SZABÓ Magda: Régimódi történet,Bulgaria,Hungary
RADNÓTI Miklós: Források:,Bulgaria,Hungary
JÓKAI Mór: Fekete gyémántok,Bulgaria,Hungary
SÁNTA Ferenc: Az ötödik pecsét,Bulgaria,Hungary
NÉMETH László: Gyász,Bulgaria,Hungary
KOSZTOLÁNYI Dezső: Források:,Bulgaria,Hungary
SZABÓ Magda: Álarcosbál,Bulgaria,Hungary
KARINTHY Ferenc: Budapesti tavasz,Bulgaria,Hungary
PETŐFI Sándor: Források:,Bulgaria,India
MÓRICZ Zsigmond: Források:,Bulgaria,Iran
PETŐFI Sándor: Források:,Bulgaria,Iran
VERES Péter: Próbatétel,Bulgaria,Iran
ILLÉS Béla: Kárpáti rapszódia,Bulgaria,Israel
MOLNÁR Ferenc: A Pál utcai fiúk,Bulgaria,Israel
PETŐFI Sándor: Források:,Bulgaria,Israel
MÓRICZ Zsigmond: Légy jó mindhalálig,Bulgaria,Israel
PETŐFI Sándor: Az apostol,Bulgaria,Israel
RADNÓTI Miklós: Források:,Bulgaria,Israel
ACZÉL Tamás: A szabadság árnyékában,Bulgaria,Italy
JÓZSEF Attila: Források:,Bulgaria,Italy
MOLNÁR Ferenc: A Pál utcai fiúk,Bulgaria,Italy
PETŐFI Sándor: Források:,Bulgaria,Italy
VERES Péter: Próbatétel,Bulgaria,Italy
GÁRDONYI Géza: Egri csillagok,Bulgaria,Italy
ILLYÉS Gyula: Petőfi,Bulgaria,Italy
MIKSZÁTH Kálmán: Szent Péter esernyője,Bulgaria,Italy
SÁNTA Ferenc: Húsz óra,Bulgaria,Italy
DÉRY Tibor: Források:,Bulgaria,Italy
JÓKAI Mór: Sárga rózsa,Bulgaria,Italy
SZABÓ Magda: Az őz,Bulgaria,Italy
RADNÓTI Miklós: Források:,Bulgaria,Italy
KOSZTOLÁNYI Dezső: Források:,Bulgaria,Italy
ILLYÉS Gyula: Puszták népe,Bulgaria,Japan
PETŐFI Sándor: Források:,Bulgaria,Japan
MESTERHÁZI Lajos: Pár lépés a határ,Bulgaria,Japan
KARINTHY Ferenc: Epepe,Bulgaria,Japan
KERTÉSZ Ákos: Makra,Bulgaria,Japan
KARINTHY Ferenc: Budapesti tavasz,Bulgaria,Japan
DÉRY Tibor: Források:,Bulgaria,Mexico
JÓKAI Mór: Sárga rózsa,Bulgaria,Mexico
PETŐFI Sándor: Források:,Bulgaria,Mongolia
KARINTHY Ferenc: Budapesti tavasz,Bulgaria,Mongolia
ILLÉS Béla: Kárpáti rapszódia,Bulgaria,Netherlands
ILLYÉS Gyula: Puszták népe,Bulgaria,Netherlands
GÁRDONYI Géza: Egri csillagok,Bulgaria,Netherlands
ILLÉS Béla: Fegyvert s vitézt éneklek,Bulgaria,Netherlands
GERGELY Márta: Szöszi,Bulgaria,Netherlands
MIKSZÁTH Kálmán: Szent Péter esernyője,Bulgaria,Netherlands
DÉRY Tibor: Források:,Bulgaria,Netherlands
SZABÓ Magda: Az őz,Bulgaria,Netherlands
PETŐFI Sándor: Források:,Bulgaria,North Korea
JÓZSEF Attila: Források:,Bulgaria,Norway
PETŐFI Sándor: Források:,Bulgaria,Norway
ZILAHY Lajos: Ararát,Bulgaria,Norway
KOSZTOLÁNYI Dezső: Édes Anna,Bulgaria,Norway
ÖRKÉNY István: Rózsakiállítás,Bulgaria,Norway
KARINTHY Ferenc: Epepe,Bulgaria,Norway
ACZÉL Tamás: A szabadság árnyékában,Bulgaria,PR China
ILLÉS Béla: Kárpáti rapszódia,Bulgaria,PR China
JÓZSEF Attila: Források:,Bulgaria,PR China
MÓRICZ Zsigmond: Források:,Bulgaria,PR China
PETŐFI Sándor: Források:,Bulgaria,PR China
PETŐFI Sándor: János vitéz,Bulgaria,PR China
SZABÓ Pál: Talpalatnyi föld,Bulgaria,PR China
VERES Péter: Próbatétel,Bulgaria,PR China
ILLÉS Béla: Ég a Tisza,Bulgaria,PR China
MIKSZÁTH Kálmán: Szent Péter esernyője,Bulgaria,PR China
PETŐFI Sándor: Az apostol,Bulgaria,PR China
JÓKAI Mór: Sárga rózsa,Bulgaria,PR China
JÓKAI Mór: Egy magyar nábob,Bulgaria,PR China
ILLÉS Béla: Kárpáti rapszódia,Bulgaria,Poland
ILLÉS Béla: Szkipetárok,Bulgaria,Poland
ILLYÉS Gyula: Puszták népe,Bulgaria,Poland
JÓKAI Mór: Az arany ember,Bulgaria,Poland
JÓZSEF Attila: Források:,Bulgaria,Poland
MOLNÁR Ferenc: A Pál utcai fiúk,Bulgaria,Poland
MÓRICZ Zsigmond: Források:,Bulgaria,Poland
MÓRICZ Zsigmond: Rokonok,Bulgaria,Poland
PETŐFI Sándor: Források:,Bulgaria,Poland
VERES Péter: Pályamunkások,Bulgaria,Poland
VERES Péter: Próbatétel,Bulgaria,Poland
MÓRICZ Zsigmond: Légy jó mindhalálig,Bulgaria,Poland
GÁRDONYI Géza: Egri csillagok,Bulgaria,Poland
ILLÉS Béla: Ég a Tisza,Bulgaria,Poland
ILLYÉS Gyula: Petőfi,Bulgaria,Poland
MIKSZÁTH Kálmán: A Noszty fiú esete Tóth Marival,Bulgaria,Poland
MIKSZÁTH Kálmán: Különös házasság,Bulgaria,Poland
SÓS György: Pettyes kalandjai,Bulgaria,Poland
ILLÉS Béla: Fegyvert s vitézt éneklek,Bulgaria,Poland
SZABÓ Magda: Mondják meg Zsófikának,Bulgaria,Poland
MIKSZÁTH Kálmán: Szent Péter esernyője,Bulgaria,Poland
SZÁVA István: A szirakuzai óriás,Bulgaria,Poland
SÁNTA Ferenc: Húsz óra,Bulgaria,Poland
BERKESI András−KARDOS György: Kopjások,Bulgaria,Poland
DÉRY Tibor: Források:,Bulgaria,Poland
JÓKAI Mór: A kőszívű ember fiai,Bulgaria,Poland
GÁL György Sándor: Liszt Ferenc életének regénye,Bulgaria,Poland
KOSZTOLÁNYI Dezső: Pacsirta,Bulgaria,Poland
SÜTŐ András: Anyám könnyű álmot ígér,Bulgaria,Poland
BÓKAY János: Bohémek és pillangók: Puccini életregénye,Bulgaria,Poland
SZABÓ Magda: Freskó,Bulgaria,Poland
FEKETE István: Tüskevár,Bulgaria,Poland
ZSOLDOS Péter: A feladat,Bulgaria,Poland
SZABÓ Magda: Az őz,Bulgaria,Poland
KESZI Imre: A végtelen dallam: Wagner életregénye,Bulgaria,Poland
ÖRKÉNY István: Rózsakiállítás,Bulgaria,Poland
SZABÓ Magda: Régimódi történet,Bulgaria,Poland
RADNÓTI Miklós: Források:,Bulgaria,Poland
ÖRKÉNY István: Források:,Bulgaria,Poland
KARINTHY Ferenc: Epepe,Bulgaria,Poland
SÁNTA Ferenc: Az ötödik pecsét,Bulgaria,Poland
NÉMETH László: Gyász,Bulgaria,Poland
SZABÓ Magda: Álarcosbál,Bulgaria,Poland
KERTÉSZ Ákos: Makra,Bulgaria,Poland
JÓKAI Mór: Egy magyar nábob,Bulgaria,Poland
CSERES Tibor: Hideg napok,Bulgaria,Poland
MÁNDY Iván: Csutak és a szürke ló,Bulgaria,Poland
NAGY Lajos: Pincenapló,Bulgaria,Poland
JÓKAI Anna: Tartozik és követel,Bulgaria,Poland
DARVAS József: Város az ingoványon,Bulgaria,Poland
KARINTHY Ferenc: Budapesti tavasz,Bulgaria,Poland
TATAY Sándor: Puskák és galambok,Bulgaria,Poland
JÓZSEF Attila: Források:,Bulgaria,Portugal
DÉRY Tibor: Források:,Bulgaria,Portugal
KARINTHY Ferenc: Budapesti tavasz,Bulgaria,Portugal
ACZÉL Tamás: A szabadság árnyékában,Bulgaria,Romania
ÖRKÉNY István: Házastársak,Bulgaria,Romania
ILLÉS Béla: Kárpáti rapszódia,Bulgaria,Romania
ILLYÉS Gyula: Puszták népe,Bulgaria,Romania
JÓKAI Mór: Az arany ember,Bulgaria,Romania
JÓZSEF Attila: Források:,Bulgaria,Romania
MOLNÁR Ferenc: A Pál utcai fiúk,Bulgaria,Romania
MÓRICZ Zsigmond: Források:,Bulgaria,Romania
MÓRICZ Zsigmond: A boldog ember,Bulgaria,Romania
MÓRICZ Zsigmond: Rokonok,Bulgaria,Romania
PETŐFI Sándor: Források:,Bulgaria,Romania
PETŐFI Sándor: János vitéz,Bulgaria,Romania
VERES Péter: Próbatétel,Bulgaria,Romania
SZEBERÉNYI Lehel: A hegyek elmozdulnak,Bulgaria,Romania
MÓRICZ Zsigmond: Légy jó mindhalálig,Bulgaria,Romania
GÁRDONYI Géza: Egri csillagok,Bulgaria,Romania
ILLÉS Béla: Ég a Tisza,Bulgaria,Romania
MIKSZÁTH Kálmán: Különös házasság,Bulgaria,Romania
VERES Péter: Almáskert,Bulgaria,Romania
ILLÉS Béla: Fegyvert s vitézt éneklek,Bulgaria,Romania
MIKSZÁTH Kálmán: Szent Péter esernyője,Bulgaria,Romania
FEKETE Gyula: Az orvos halála,Bulgaria,Romania
DÉRY Tibor: Források:,Bulgaria,Romania
PETŐFI Sándor: Az apostol,Bulgaria,Romania
JÓKAI Mór: A kőszívű ember fiai,Bulgaria,Romania
BERKESI András: A 13. ügynök,Bulgaria,Romania
SÜTŐ András: Anyám könnyű álmot ígér,Bulgaria,Romania
JÓKAI Mór: Fekete gyémántok,Bulgaria,Romania
ÖRKÉNY István: Források:,Bulgaria,Romania
SÁNTA Ferenc: Az ötödik pecsét,Bulgaria,Romania
KOSZTOLÁNYI Dezső: Források:,Bulgaria,Romania
KERTÉSZ Ákos: Makra,Bulgaria,Romania
CSERES Tibor: Hideg napok,Bulgaria,Romania
BETLEN Oszkár: Élet a halál földjén,Bulgaria,Romania
JÓKAI Mór: Az arany ember,Bulgaria,Spain
JÓZSEF Attila: Források:,Bulgaria,Spain
MOLNÁR Ferenc: A Pál utcai fiúk,Bulgaria,Spain
VASZARY Gábor: Ő,Bulgaria,Spain
ZILAHY Lajos: A fegyverek visszanéznek,Bulgaria,Spain
ZILAHY Lajos: Ararát,Bulgaria,Spain
MIKSZÁTH Kálmán: Szent Péter esernyője,Bulgaria,Spain
DÉRY Tibor: Források:,Bulgaria,Spain
SZABÓ Magda: Az őz,Bulgaria,Spain
KERTÉSZ Ákos: Makra,Bulgaria,Spain
ILLYÉS Gyula: Puszták népe,Bulgaria,Sweden
JÓKAI Mór: Az arany ember,Bulgaria,Sweden
MOLNÁR Ferenc: A Pál utcai fiúk,Bulgaria,Sweden
PETŐFI Sándor: Források:,Bulgaria,Sweden
ZILAHY Lajos: Ararát,Bulgaria,Sweden
SZABÓ Magda: Az őz,Bulgaria,Sweden
ÖRKÉNY István: Rózsakiállítás,Bulgaria,Sweden
KARINTHY Ferenc: Epepe,Bulgaria,Sweden
NÉMETH László: Gyász,Bulgaria,Sweden
KERTÉSZ Ákos: Makra,Bulgaria,Sweden
JÓKAI Mór: Az arany ember,Bulgaria,Switzerland
JÓZSEF Attila: Források:,Bulgaria,Switzerland
MIKSZÁTH Kálmán: A Noszty fiú esete Tóth Marival,Bulgaria,Switzerland
MIKSZÁTH Kálmán: Szent Péter esernyője,Bulgaria,Switzerland
KOSZTOLÁNYI Dezső: Források:,Bulgaria,Switzerland
JÓKAI Mór: Az arany ember,Bulgaria,Turkey
MOLNÁR Ferenc: A Pál utcai fiúk,Bulgaria,Turkey
MÓRICZ Zsigmond: Források:,Bulgaria,Turkey
PETŐFI Sándor: Források:,Bulgaria,Turkey
DÉRY Tibor: Források:,Bulgaria,Turkey
KARINTHY Ferenc: Budapesti tavasz,Bulgaria,Turkey
ILLÉS Béla: Szkipetárok,Bulgaria,UK
JÓZSEF Attila: Források:,Bulgaria,UK
MIKSZÁTH Kálmán: Szent Péter esernyője,Bulgaria,UK
DÉRY Tibor: Források:,Bulgaria,UK
KOSZTOLÁNYI Dezső: Édes Anna,Bulgaria,UK
SZABÓ Magda: Az őz,Bulgaria,UK
RADNÓTI Miklós: Források:,Bulgaria,UK
JÓZSEF Attila: Források:,Bulgaria,USA
PETŐFI Sándor: Források:,Bulgaria,USA
ZILAHY Lajos: Ararát,Bulgaria,USA
SZABÓ Magda: Az őz,Bulgaria,USA
RADNÓTI Miklós: Források:,Bulgaria,USA
PETŐFI Sándor: Források:,Bulgaria,USSR-azerbajdzsán
JÓKAI Mór: Sárga rózsa,Bulgaria,USSR-azerbajdzsán
MESTERHÁZI Lajos: A Prométheusz-rejtély,Bulgaria,USSR-azerbajdzsán
RADNÓTI Miklós: Források:,Bulgaria,USSR-azerbajdzsán
PETŐFI Sándor: Források:,Bulgaria,USSR-baskir
PETŐFI Sándor: Források:,Bulgaria,USSR-fehérorosz
PETROVÁCZ István: Szombatra péntek,Bulgaria,USSR-fehérorosz
JÓKAI Mór: Az arany ember,Bulgaria,USSR-grúz
MOLNÁR Ferenc: A Pál utcai fiúk,Bulgaria,USSR-grúz
PETŐFI Sándor: Források:,Bulgaria,USSR-grúz
PETŐFI Sándor: János vitéz,Bulgaria,USSR-grúz
MIKSZÁTH Kálmán: Szent Péter esernyője,Bulgaria,USSR-grúz
BERKESI András: A 13. ügynök,Bulgaria,USSR-grúz
ÖRKÉNY István: Rózsakiállítás,Bulgaria,USSR-grúz
JÓKAI Mór: Fekete gyémántok,Bulgaria,USSR-grúz
BERKESI András: Sellő a pecsétgyűrűn,Bulgaria,USSR-grúz
ACZÉL Tamás: A szabadság árnyékában,Bulgaria,USSR-kazah
PETŐFI Sándor: Források:,Bulgaria,USSR-kazah
MIKSZÁTH Kálmán: Különös házasság,Bulgaria,USSR-kazah
MIKSZÁTH Kálmán: Szent Péter esernyője,Bulgaria,USSR-kazah
TATAY Sándor: Puskák és galambok,Bulgaria,USSR-kazah
PETŐFI Sándor: Források:,Bulgaria,USSR-kirgiz
TATAY Sándor: Puskák és galambok,Bulgaria,USSR-kirgiz
ACZÉL Tamás: Vihar és napsütés,Bulgaria,USSR-lett
ILLÉS Béla: Kárpáti rapszódia,Bulgaria,USSR-lett
JÓZSEF Attila: Források:,Bulgaria,USSR-lett
MÓRICZ Zsigmond: A boldog ember,Bulgaria,USSR-lett
PETŐFI Sándor: Források:,Bulgaria,USSR-lett
ILLYÉS Gyula: Petőfi,Bulgaria,USSR-lett
MIKSZÁTH Kálmán: Különös házasság,Bulgaria,USSR-lett
THURY Zsuzsa: A francia kislány,Bulgaria,USSR-lett
SZABÓ Magda: Mondják meg Zsófikának,Bulgaria,USSR-lett
GERGELY Márta: Szöszi,Bulgaria,USSR-lett
MIKSZÁTH Kálmán: Szent Péter esernyője,Bulgaria,USSR-lett
FEKETE Gyula: Az orvos halála,Bulgaria,USSR-lett
JÓKAI Mór: A kőszívű ember fiai,Bulgaria,USSR-lett
SOMOGYI TÓTH Sándor: Gyerektükör,Bulgaria,USSR-lett
FEKETE István: Tüskevár,Bulgaria,USSR-lett
RADNÓTI Miklós: Források:,Bulgaria,USSR-lett
NÉMETH László: Gyász,Bulgaria,USSR-lett
BERKESI András: Sellő a pecsétgyűrűn,Bulgaria,USSR-lett
ILLÉS Béla: Kárpáti rapszódia,Bulgaria,USSR-litván
JÓKAI Mór: Az arany ember,Bulgaria,USSR-litván
MOLNÁR Ferenc: A Pál utcai fiúk,Bulgaria,USSR-litván
MÓRICZ Zsigmond: Rokonok,Bulgaria,USSR-litván
PETŐFI Sándor: Források:,Bulgaria,USSR-litván
GÁRDONYI Géza: Egri csillagok,Bulgaria,USSR-litván
MIKSZÁTH Kálmán: Különös házasság,Bulgaria,USSR-litván
SZABÓ Magda: Mondják meg Zsófikának,Bulgaria,USSR-litván
DÉRY Tibor: Források:,Bulgaria,USSR-litván
JÓKAI Mór: A kőszívű ember fiai,Bulgaria,USSR-litván
KOSZTOLÁNYI Dezső: Édes Anna,Bulgaria,USSR-litván
GÁL György Sándor: Liszt Ferenc életének regénye,Bulgaria,USSR-litván
JÓKAI Mór: Sárga rózsa,Bulgaria,USSR-litván
JÓKAI Mór: Fekete gyémántok,Bulgaria,USSR-litván
NÉMETH László: Gyász,Bulgaria,USSR-litván
SZABÓ Magda: Álarcosbál,Bulgaria,USSR-litván
JÓKAI Mór: Egy magyar nábob,Bulgaria,USSR-litván
BERKESI András: Sellő a pecsétgyűrűn,Bulgaria,USSR-litván
MÁNDY Iván: Csutak és a szürke ló,Bulgaria,USSR-litván
TATAY Sándor: Puskák és galambok,Bulgaria,USSR-litván
MOLNÁR Ferenc: A Pál utcai fiúk,Bulgaria,USSR-moldva
PETŐFI Sándor: Források:,Bulgaria,USSR-moldva
GERGELY Márta: Szöszi,Bulgaria,USSR-moldva
SÁNTA Ferenc: Az ötödik pecsét,Bulgaria,USSR-moldva
ACZÉL Tamás: A szabadság árnyékában,Bulgaria,USSR-orosz
ACZÉL Tamás: Vihar és napsütés,Bulgaria,USSR-orosz
ILLÉS Béla: Kárpáti rapszódia,Bulgaria,USSR-orosz
JÓKAI Mór: Az arany ember,Bulgaria,USSR-orosz
JÓZSEF Attila: Források:,Bulgaria,USSR-orosz
MOLNÁR Ferenc: A Pál utcai fiúk,Bulgaria,USSR-orosz
MÓRICZ Zsigmond: Források:,Bulgaria,USSR-orosz
MÓRICZ Zsigmond: Rokonok,Bulgaria,USSR-orosz
PETŐFI Sándor: Források:,Bulgaria,USSR-orosz
PETŐFI Sándor: János vitéz,Bulgaria,USSR-orosz
SZABÓ Pál: Talpalatnyi föld,Bulgaria,USSR-orosz
VERES Péter: Próbatétel,Bulgaria,USSR-orosz
MÓRICZ Zsigmond: Légy jó mindhalálig,Bulgaria,USSR-orosz
BERKESI András: Októberi vihar,Bulgaria,USSR-orosz
GÁRDONYI Géza: Egri csillagok,Bulgaria,USSR-orosz
ILLÉS Béla: Ég a Tisza,Bulgaria,USSR-orosz
ILLYÉS Gyula: Petőfi,Bulgaria,USSR-orosz
MIKSZÁTH Kálmán: Különös házasság,Bulgaria,USSR-orosz
NÉMETH László: Égető Eszter,Bulgaria,USSR-orosz
SÓS György: Pettyes kalandjai,Bulgaria,USSR-orosz
THURY Zsuzsa: A francia kislány,Bulgaria,USSR-orosz
MESTERHÁZI Lajos: Pár lépés a határ,Bulgaria,USSR-orosz
SZABÓ Magda: Mondják meg Zsófikának,Bulgaria,USSR-orosz
GERGELY Márta: Szöszi,Bulgaria,USSR-orosz
MIKSZÁTH Kálmán: Szent Péter esernyője,Bulgaria,USSR-orosz
DARVAS József: A törökverő,Bulgaria,USSR-orosz
SÁNTA Ferenc: Húsz óra,Bulgaria,USSR-orosz
BERKESI András−KARDOS György: Kopjások,Bulgaria,USSR-orosz
FEKETE Gyula: Az orvos halála,Bulgaria,USSR-orosz
DÉRY Tibor: Források:,Bulgaria,USSR-orosz
JÓKAI Mór: A kőszívű ember fiai,Bulgaria,USSR-orosz
GÁL György Sándor: Liszt Ferenc életének regénye,Bulgaria,USSR-orosz
JÓKAI Mór: Sárga rózsa,Bulgaria,USSR-orosz
SOMOGYI TÓTH Sándor: Gyerektükör,Bulgaria,USSR-orosz
GALGÓCZI Erzsébet: Források:,Bulgaria,USSR-orosz
FEKETE István: Tüskevár,Bulgaria,USSR-orosz
DOBOZY Imre: Hatalom nélkül,Bulgaria,USSR-orosz
SZABÓ Magda: Régimódi történet,Bulgaria,USSR-orosz
BERTHA Bulcsu: A kenguru,Bulgaria,USSR-orosz
MESTERHÁZI Lajos: A Prométheusz-rejtély,Bulgaria,USSR-orosz
RADNÓTI Miklós: Források:,Bulgaria,USSR-orosz
JÓKAI Mór: Fekete gyémántok,Bulgaria,USSR-orosz
ÖRKÉNY István: Források:,Bulgaria,USSR-orosz
NÉMETH László: Gyász,Bulgaria,USSR-orosz
KOSZTOLÁNYI Dezső: Források:,Bulgaria,USSR-orosz
SZABÓ Magda: Álarcosbál,Bulgaria,USSR-orosz
SZAKONYI Károly: Szép nyár*,Bulgaria,USSR-orosz
JÓKAI Mór: Egy magyar nábob,Bulgaria,USSR-orosz
CSERES Tibor: Hideg napok,Bulgaria,USSR-orosz
BERKESI András: Sellő a pecsétgyűrűn,Bulgaria,USSR-orosz
SZAMOS Rudolf: Kántor nyomoz,Bulgaria,USSR-orosz
TATAY Sándor: Puskák és galambok,Bulgaria,USSR-orosz
PETŐFI Sándor: Források:,Bulgaria,USSR-tadzsik
JÓKAI Mór: Sárga rózsa,Bulgaria,USSR-tadzsik
PETŐFI Sándor: Források:,Bulgaria,USSR-türkmén
JÓKAI Mór: Sárga rózsa,Bulgaria,USSR-türkmén
SÁNTA Ferenc: Az ötödik pecsét,Bulgaria,USSR-türkmén
KARINTHY Ferenc: Budapesti tavasz,Bulgaria,USSR-türkmén
PETŐFI Sándor: Források:,Bulgaria,USSR-udmurt
ACZÉL Tamás: A szabadság árnyékában,Bulgaria,USSR-ukrán
ACZÉL Tamás: Vihar és napsütés,Bulgaria,USSR-ukrán
ILLÉS Béla: Kárpáti rapszódia,Bulgaria,USSR-ukrán
ILLYÉS Gyula: Puszták népe,Bulgaria,USSR-ukrán
JÓZSEF Attila: Források:,Bulgaria,USSR-ukrán
MOLNÁR Ferenc: A Pál utcai fiúk,Bulgaria,USSR-ukrán
MÓRICZ Zsigmond: Források:,Bulgaria,USSR-ukrán
PETŐFI Sándor: Források:,Bulgaria,USSR-ukrán
PETŐFI Sándor: János vitéz,Bulgaria,USSR-ukrán
BERKESI András: Októberi vihar,Bulgaria,USSR-ukrán
GÁRDONYI Géza: Egri csillagok,Bulgaria,USSR-ukrán
MIKSZÁTH Kálmán: Különös házasság,Bulgaria,USSR-ukrán
MIKSZÁTH Kálmán: Szent Péter esernyője,Bulgaria,USSR-ukrán
SÁNTA Ferenc: Húsz óra,Bulgaria,USSR-ukrán
BERKESI András−KARDOS György: Kopjások,Bulgaria,USSR-ukrán
PETŐFI Sándor: Az apostol,Bulgaria,USSR-ukrán
JÓKAI Mór: A kőszívű ember fiai,Bulgaria,USSR-ukrán
BERKESI András: A 13. ügynök,Bulgaria,USSR-ukrán
JÓKAI Mór: Sárga rózsa,Bulgaria,USSR-ukrán
SOMOGYI TÓTH Sándor: Gyerektükör,Bulgaria,USSR-ukrán
SZABÓ Magda: Freskó,Bulgaria,USSR-ukrán
DOBOZY Imre: Hatalom nélkül,Bulgaria,USSR-ukrán
SZABÓ Magda: Régimódi történet,Bulgaria,USSR-ukrán
BERTHA Bulcsu: A kenguru,Bulgaria,USSR-ukrán
MESTERHÁZI Lajos: A Prométheusz-rejtély,Bulgaria,USSR-ukrán
CSUKÁS István: Keménykalap és krumpliorr,Bulgaria,USSR-ukrán
JÓKAI Anna: Tartozik és követel,Bulgaria,USSR-ukrán
TATAY Sándor: Puskák és galambok,Bulgaria,USSR-ukrán
JÓKAI Mór: Az arany ember,Bulgaria,USSR-észt
MOLNÁR Ferenc: A Pál utcai fiúk,Bulgaria,USSR-észt
MÓRICZ Zsigmond: Források:,Bulgaria,USSR-észt
PETŐFI Sándor: Források:,Bulgaria,USSR-észt
GÁRDONYI Géza: Egri csillagok,Bulgaria,USSR-észt
MESTERHÁZI Lajos: Pár lépés a határ,Bulgaria,USSR-észt
MIKSZÁTH Kálmán: Szent Péter esernyője,Bulgaria,USSR-észt
TATAY Sándor: Puskák és galambok,Bulgaria,USSR-észt
JÓKAI Mór: Az arany ember,Bulgaria,USSR-örmény
MOLNÁR Ferenc: A Pál utcai fiúk,Bulgaria,USSR-örmény
PETŐFI Sándor: Források:,Bulgaria,USSR-örmény
GERGELY Márta: Szöszi,Bulgaria,USSR-örmény
SOMOGYI TÓTH Sándor: Gyerektükör,Bulgaria,USSR-örmény
PETROVÁCZ István: Szombatra péntek,Bulgaria,USSR-örmény
SÁNTA Ferenc: Az ötödik pecsét,Bulgaria,USSR-örmény
BERKESI András: Sellő a pecsétgyűrűn,Bulgaria,USSR-örmény
TATAY Sándor: Puskák és galambok,Bulgaria,USSR-örmény
ILLÉS Béla: Kárpáti rapszódia,Bulgaria,USSR-üzbég
PETŐFI Sándor: János vitéz,Bulgaria,USSR-üzbég
MIKSZÁTH Kálmán: Különös házasság,Bulgaria,USSR-üzbég
BERKESI András: A 13. ügynök,Bulgaria,USSR-üzbég
NÉMETH László: Gyász,Bulgaria,USSR-üzbég
JÓZSEF Attila: Források:,Bulgaria,Vietnam
MÓRICZ Zsigmond: Rokonok,Bulgaria,Vietnam
PETŐFI Sándor: Források:,Bulgaria,Vietnam
GÁRDONYI Géza: Egri csillagok,Bulgaria,Vietnam
ILLÉS Béla: Kárpáti rapszódia,Bulgaria,Yugoslavia
ILLYÉS Gyula: Puszták népe,Bulgaria,Yugoslavia
JÓKAI Mór: Az arany ember,Bulgaria,Yugoslavia
JÓZSEF Attila: Források:,Bulgaria,Yugoslavia
MOLNÁR Ferenc: A Pál utcai fiúk,Bulgaria,Yugoslavia
PETŐFI Sándor: Források:,Bulgaria,Yugoslavia
ZILAHY Lajos: A fegyverek visszanéznek,Bulgaria,Yugoslavia
ZILAHY Lajos: Ararát,Bulgaria,Yugoslavia
MÓRICZ Zsigmond: Légy jó mindhalálig,Bulgaria,Yugoslavia
GÁRDONYI Géza: Egri csillagok,Bulgaria,Yugoslavia
ILLYÉS Gyula: Petőfi,Bulgaria,Yugoslavia
MIKSZÁTH Kálmán: Különös házasság,Bulgaria,Yugoslavia
NÉMETH László: Égető Eszter,Bulgaria,Yugoslavia
MIKSZÁTH Kálmán: Szent Péter esernyője,Bulgaria,Yugoslavia
DÉRY Tibor: Források:,Bulgaria,Yugoslavia
KOSZTOLÁNYI Dezső: Pacsirta,Bulgaria,Yugoslavia
BÓKAY János: Bohémek és pillangók: Puccini életregénye,Bulgaria,Yugoslavia
SZABÓ Magda: Freskó,Bulgaria,Yugoslavia
SZABÓ Magda: Az őz,Bulgaria,Yugoslavia
ÖRKÉNY István: Rózsakiállítás,Bulgaria,Yugoslavia
SZABÓ Magda: Régimódi történet,Bulgaria,Yugoslavia
RADNÓTI Miklós: Források:,Bulgaria,Yugoslavia
JÓKAI Mór: Fekete gyémántok,Bulgaria,Yugoslavia
NÉMETH László: Gyász,Bulgaria,Yugoslavia
SZABÓ Magda: Álarcosbál,Bulgaria,Yugoslavia
KERTÉSZ Ákos: Makra,Bulgaria,Yugoslavia
JÓKAI Mór: Egy magyar nábob,Bulgaria,Yugoslavia
CSERES Tibor: Hideg napok,Bulgaria,Yugoslavia
KARINTHY Ferenc: Budapesti tavasz,Bulgaria,Yugoslavia
FALUDY György: Pokolbéli vig napjaim,Canada,Denmark
FALUDY György: Pokolbéli vig napjaim,Canada,Federal Republic of Germany
HÁY Gyula: Tiszazug,Canada,GDR
HÁY Gyula: Tiszazug,Canada,Poland
FALUDY György: Pokolbéli vig napjaim,Canada,UK
FALUDY György: Források:,Canada,USA
ILLÉS Béla: Fegyvert s vitézt éneklek,Chile,Czechoslovakia-cseh
ILLÉS Béla: Fegyvert s vitézt éneklek,Chile,Czechoslovakia-szlovák
ZILAHY Lajos: A lélek kialszik,Chile,France
ILLÉS Béla: Fegyvert s vitézt éneklek,Chile,GDR
ILLÉS Béla: Fegyvert s vitézt éneklek,Chile,Netherlands
ILLÉS Béla: Fegyvert s vitézt éneklek,Chile,Poland
ILLÉS Béla: Fegyvert s vitézt éneklek,Chile,Romania
ZILAHY Lajos: A lélek kialszik,Chile,Spain
ZILAHY Lajos: A lélek kialszik,Chile,Yugoslavia
MOLNÁR Ferenc: A Pál utcai fiúk,Colombia,Czechoslovakia-cseh
MOLNÁR Ferenc: A Pál utcai fiúk,Colombia,Czechoslovakia-szlovák
MOLNÁR Ferenc: A Pál utcai fiúk,Colombia,Federal Republic of Germany
MOLNÁR Ferenc: A Pál utcai fiúk,Colombia,Finland
MOLNÁR Ferenc: A Pál utcai fiúk,Colombia,France
MOLNÁR Ferenc: A Pál utcai fiúk,Colombia,Hungary
MOLNÁR Ferenc: A Pál utcai fiúk,Colombia,Israel
MOLNÁR Ferenc: A Pál utcai fiúk,Colombia,Italy
MOLNÁR Ferenc: A Pál utcai fiúk,Colombia,Poland
MOLNÁR Ferenc: A Pál utcai fiúk,Colombia,Romania
MOLNÁR Ferenc: A Pál utcai fiúk,Colombia,Spain
MOLNÁR Ferenc: A Pál utcai fiúk,Colombia,Sweden
MOLNÁR Ferenc: A Pál utcai fiúk,Colombia,Turkey
MOLNÁR Ferenc: A Pál utcai fiúk,Colombia,USSR-grúz
MOLNÁR Ferenc: A Pál utcai fiúk,Colombia,USSR-litván
MOLNÁR Ferenc: A Pál utcai fiúk,Colombia,USSR-moldva
MOLNÁR Ferenc: A Pál utcai fiúk,Colombia,USSR-orosz
MOLNÁR Ferenc: A Pál utcai fiúk,Colombia,USSR-ukrán
MOLNÁR Ferenc: A Pál utcai fiúk,Colombia,USSR-észt
MOLNÁR Ferenc: A Pál utcai fiúk,Colombia,USSR-örmény
MOLNÁR Ferenc: A Pál utcai fiúk,Colombia,Yugoslavia
JÓZSEF Attila: Források:,Cuba,Czechoslovakia-cseh
GÁRDONYI Géza: A láthatatlan ember,Cuba,Czechoslovakia-cseh
NÉMETH László: Bűn,Cuba,Czechoslovakia-cseh
PETŐFI Sándor: Források:,Cuba,Czechoslovakia-cseh
KARINTHY Ferenc: Epepe,Cuba,Czechoslovakia-cseh
KARINTHY Ferenc: Budapesti tavasz,Cuba,Czechoslovakia-cseh
NÉMETH László: Iszony,Cuba,Czechoslovakia-cseh
JÓZSEF Attila: Források:,Cuba,Czechoslovakia-szlovák
PETŐFI Sándor: Források:,Cuba,Czechoslovakia-szlovák
KARINTHY Ferenc: Budapesti tavasz,Cuba,Czechoslovakia-szlovák
NÉMETH László: Iszony,Cuba,Czechoslovakia-szlovák
JÓZSEF Attila: Források:,Cuba,Denmark
PETŐFI Sándor: Források:,Cuba,Egypt
GÁRDONYI Géza: A láthatatlan ember,Cuba,Federal Republic of Germany
NÉMETH László: Iszony,Cuba,Federal Republic of Germany
PETŐFI Sándor: Források:,Cuba,Finland
KARINTHY Ferenc: Epepe,Cuba,Finland
NÉMETH László: Iszony,Cuba,Finland
JÓZSEF Attila: Források:,Cuba,France
PETŐFI Sándor: Források:,Cuba,France
NÉMETH László: Iszony,Cuba,France
JÓZSEF Attila: Források:,Cuba,GDR
GÁRDONYI Géza: A láthatatlan ember,Cuba,GDR
NÉMETH László: Bűn,Cuba,GDR
PETŐFI Sándor: Források:,Cuba,GDR
KARINTHY Ferenc: Budapesti tavasz,Cuba,GDR
NÉMETH László: Iszony,Cuba,GDR
JÓZSEF Attila: Források:,Cuba,Hungary
GÁRDONYI Géza: A láthatatlan ember,Cuba,Hungary
NÉMETH László: Bűn,Cuba,Hungary
PETŐFI Sándor: Források:,Cuba,Hungary
KARINTHY Ferenc: Budapesti tavasz,Cuba,Hungary
PETŐFI Sándor: Források:,Cuba,India
PETŐFI Sándor: Források:,Cuba,Iran
GÁRDONYI Géza: A láthatatlan ember,Cuba,Israel
PETŐFI Sándor: Források:,Cuba,Israel
JÓZSEF Attila: Források:,Cuba,Italy
PETŐFI Sándor: Források:,Cuba,Italy
NÉMETH László: Iszony,Cuba,Italy
PETŐFI Sándor: Források:,Cuba,Japan
KARINTHY Ferenc: Epepe,Cuba,Japan
KARINTHY Ferenc: Budapesti tavasz,Cuba,Japan
PETŐFI Sándor: Források:,Cuba,Mongolia
KARINTHY Ferenc: Budapesti tavasz,Cuba,Mongolia
NÉMETH László: Iszony,Cuba,Netherlands
PETŐFI Sándor: Források:,Cuba,North Korea
JÓZSEF Attila: Források:,Cuba,Norway
PETŐFI Sándor: Források:,Cuba,Norway
KARINTHY Ferenc: Epepe,Cuba,Norway
NÉMETH László: Iszony,Cuba,Norway
JÓZSEF Attila: Források:,Cuba,PR China
PETŐFI Sándor: Források:,Cuba,PR China
JÓZSEF Attila: Források:,Cuba,Poland
GÁRDONYI Géza: A láthatatlan ember,Cuba,Poland
NÉMETH László: Bűn,Cuba,Poland
PETŐFI Sándor: Források:,Cuba,Poland
KARINTHY Ferenc: Epepe,Cuba,Poland
KARINTHY Ferenc: Budapesti tavasz,Cuba,Poland
NÉMETH László: Iszony,Cuba,Poland
JÓZSEF Attila: Források:,Cuba,Portugal
KARINTHY Ferenc: Budapesti tavasz,Cuba,Portugal
JÓZSEF Attila: Források:,Cuba,Romania
PETŐFI Sándor: Források:,Cuba,Romania
NÉMETH László: Iszony,Cuba,Romania
JÓZSEF Attila: Források:,Cuba,Spain
NÉMETH László: Iszony,Cuba,Spain
PETŐFI Sándor: Források:,Cuba,Sweden
KARINTHY Ferenc: Epepe,Cuba,Sweden
NÉMETH László: Iszony,Cuba,Sweden
JÓZSEF Attila: Források:,Cuba,Switzerland
GÁRDONYI Géza: A láthatatlan ember,Cuba,Turkey
PETŐFI Sándor: Források:,Cuba,Turkey
KARINTHY Ferenc: Budapesti tavasz,Cuba,Turkey
JÓZSEF Attila: Források:,Cuba,UK
GÁRDONYI Géza: A láthatatlan ember,Cuba,UK
NÉMETH László: Bűn,Cuba,UK
NÉMETH László: Iszony,Cuba,UK
JÓZSEF Attila: Források:,Cuba,USA
PETŐFI Sándor: Források:,Cuba,USA
NÉMETH László: Iszony,Cuba,USA
PETŐFI Sándor: Források:,Cuba,USSR-azerbajdzsán
PETŐFI Sándor: Források:,Cuba,USSR-baskir
PETŐFI Sándor: Források:,Cuba,USSR-fehérorosz
PETŐFI Sándor: Források:,Cuba,USSR-grúz
PETŐFI Sándor: Források:,Cuba,USSR-kazah
PETŐFI Sándor: Források:,Cuba,USSR-kirgiz
JÓZSEF Attila: Források:,Cuba,USSR-lett
PETŐFI Sándor: Források:,Cuba,USSR-lett
PETŐFI Sándor: Források:,Cuba,USSR-litván
PETŐFI Sándor: Források:,Cuba,USSR-moldva
JÓZSEF Attila: Források:,Cuba,USSR-orosz
PETŐFI Sándor: Források:,Cuba,USSR-orosz
PETŐFI Sándor: Források:,Cuba,USSR-tadzsik
PETŐFI Sándor: Források:,Cuba,USSR-türkmén
KARINTHY Ferenc: Budapesti tavasz,Cuba,USSR-türkmén
PETŐFI Sándor: Források:,Cuba,USSR-udmurt
JÓZSEF Attila: Források:,Cuba,USSR-ukrán
NÉMETH László: Bűn,Cuba,USSR-ukrán
PETŐFI Sándor: Források:,Cuba,USSR-ukrán
GÁRDONYI Géza: A láthatatlan ember,Cuba,USSR-észt
PETŐFI Sándor: Források:,Cuba,USSR-észt
NÉMETH László: Iszony,Cuba,USSR-észt
PETŐFI Sándor: Források:,Cuba,USSR-örmény
JÓZSEF Attila: Források:,Cuba,Vietnam
PETŐFI Sándor: Források:,Cuba,Vietnam
JÓZSEF Attila: Források:,Cuba,Yugoslavia
GÁRDONYI Géza: A láthatatlan ember,Cuba,Yugoslavia
NÉMETH László: Bűn,Cuba,Yugoslavia
PETŐFI Sándor: Források:,Cuba,Yugoslavia
KARINTHY Ferenc: Budapesti tavasz,Cuba,Yugoslavia
NÉMETH László: Iszony,Cuba,Yugoslavia
ACZÉL Tamás: A szabadság árnyékában,Czechoslovakia-cseh,Czechoslovakia-szlovák
ACZÉL Tamás: Vihar és napsütés,Czechoslovakia-cseh,Czechoslovakia-szlovák
ADY Endre: Források:,Czechoslovakia-cseh,Czechoslovakia-szlovák
BOLDIZSÁR Iván: Fortocska,Czechoslovakia-cseh,Czechoslovakia-szlovák
DARVAS József: Város az ingoványon,Czechoslovakia-cseh,Czechoslovakia-szlovák
FAZEKAS Mihály: Lúdas Matyi,Czechoslovakia-cseh,Czechoslovakia-szlovák
ILLÉS Béla: Fegyvert s vitézt éneklek,Czechoslovakia-cseh,Czechoslovakia-szlovák
ILLÉS Béla: Szkipetárok,Czechoslovakia-cseh,Czechoslovakia-szlovák
ILLÉS Béla: Tűz Moszkva alatt,Czechoslovakia-cseh,Czechoslovakia-szlovák
MIKSZÁTH Kálmán: Különös házasság,Czechoslovakia-cseh,Czechoslovakia-szlovák
SZABÓ Pál: Isten malmai,Czechoslovakia-cseh,Czechoslovakia-szlovák
SZABÓ Pál: Talpalatnyi föld,Czechoslovakia-cseh,Czechoslovakia-szlovák
VERES Péter: Próbatétel,Czechoslovakia-cseh,Czechoslovakia-szlovák
SZABÓ Magda: Mondják meg Zsófikának,Czechoslovakia-cseh,Czechoslovakia-szlovák
ILLÉS Béla: Honfoglalás,Czechoslovakia-cseh,Czechoslovakia-szlovák
KAFFKA Margit: Színek és évek,Czechoslovakia-cseh,Czechoslovakia-szlovák
KARINTHY Ferenc: Budapesti tavasz,Czechoslovakia-cseh,Czechoslovakia-szlovák
MIKSZÁTH Kálmán: Beszterce ostroma,Czechoslovakia-cseh,Czechoslovakia-szlovák
MÓRICZ Zsigmond: A boldog ember,Czechoslovakia-cseh,Czechoslovakia-szlovák
MÓRICZ Zsigmond: Pillangó,Czechoslovakia-cseh,Czechoslovakia-szlovák
MÓRICZ Zsigmond: Rokonok,Czechoslovakia-cseh,Czechoslovakia-szlovák
MÓRICZ Zsigmond: Úri muri,Czechoslovakia-cseh,Czechoslovakia-szlovák
CSIKY Gergely: A proletárok,Czechoslovakia-cseh,Czechoslovakia-szlovák
JÓKAI Mór: Rab Ráby,Czechoslovakia-cseh,Czechoslovakia-szlovák
JÓZSEF Attila: Források:,Czechoslovakia-cseh,Czechoslovakia-szlovák
MOLNÁR Ferenc: A Pál utcai fiúk,Czechoslovakia-cseh,Czechoslovakia-szlovák
MÓRICZ Zsigmond: Árvácska,Czechoslovakia-cseh,Czechoslovakia-szlovák
MÓRICZ Zsigmond: Légy jó mindhalálig,Czechoslovakia-cseh,Czechoslovakia-szlovák
BETLEN Oszkár: Élet a halál földjén,Czechoslovakia-cseh,Czechoslovakia-szlovák
MADÁCH Imre: Az ember tragédiája,Czechoslovakia-cseh,Czechoslovakia-szlovák
JÓKAI Mór: A kőszívű ember fiai,Czechoslovakia-cseh,Czechoslovakia-szlovák
KOSZTOLÁNYI Dezső: Pacsirta,Czechoslovakia-cseh,Czechoslovakia-szlovák
MIKSZÁTH Kálmán: A Noszty fiú esete Tóth Marival,Czechoslovakia-cseh,Czechoslovakia-szlovák
MIKSZÁTH Kálmán: Szent Péter esernyője,Czechoslovakia-cseh,Czechoslovakia-szlovák
NÉMETH László: Iszony,Czechoslovakia-cseh,Czechoslovakia-szlovák
TERSÁNSZKY Józsi Jenő: Kakuk Marci,Czechoslovakia-cseh,Czechoslovakia-szlovák
TÓTH Árpád: Források:,Czechoslovakia-cseh,Czechoslovakia-szlovák
DOBOZY Imre: Szélvihar,Czechoslovakia-cseh,Czechoslovakia-szlovák
ILLÉS Béla: Kárpáti rapszódia,Czechoslovakia-cseh,Czechoslovakia-szlovák
NÉMETH László: Gyász,Czechoslovakia-cseh,Czechoslovakia-szlovák
RADNÓTI Miklós: Források:,Czechoslovakia-cseh,Czechoslovakia-szlovák
SZABÓ Magda: Álarcosbál,Czechoslovakia-cseh,Czechoslovakia-szlovák
TATAY Sándor: Puskák és galambok,Czechoslovakia-cseh,Czechoslovakia-szlovák
FEJES Endre: Rozsdatemető,Czechoslovakia-cseh,Czechoslovakia-szlovák
SÁNTA Ferenc: Az ötödik pecsét,Czechoslovakia-cseh,Czechoslovakia-szlovák
SOMOGYI TÓTH Sándor: Gyerektükör,Czechoslovakia-cseh,Czechoslovakia-szlovák
FEKETE Gyula: Az orvos halála,Czechoslovakia-cseh,Czechoslovakia-szlovák
GERGELY Márta: A mi lányunk,Czechoslovakia-cseh,Czechoslovakia-szlovák
LENGYEL József: Források:,Czechoslovakia-cseh,Czechoslovakia-szlovák
MURÁNYI KOVÁCS Endre: A firenzei varázsló,Czechoslovakia-cseh,Czechoslovakia-szlovák
PASSUTH László: Esőisten siratja Mexikót,Czechoslovakia-cseh,Czechoslovakia-szlovák
DÉKÁNY András: Az elveszett sziget,Czechoslovakia-cseh,Czechoslovakia-szlovák
ÖRKÉNY István: Tóték,Czechoslovakia-cseh,Czechoslovakia-szlovák
JÓKAI Mór: A lőcsei fehér asszony,Czechoslovakia-cseh,Czechoslovakia-szlovák
BERKESI András: Sellő a pecsétgyűrűn,Czechoslovakia-cseh,Czechoslovakia-szlovák
DÉRY Tibor: A kiközösítő,Czechoslovakia-cseh,Czechoslovakia-szlovák
FÜST Milán: A feleségem története,Czechoslovakia-cseh,Czechoslovakia-szlovák
ILLYÉS Gyula: Kháron ladikján,Czechoslovakia-cseh,Czechoslovakia-szlovák
MÁNDY Iván: Források:,Czechoslovakia-cseh,Czechoslovakia-szlovák
OTTLIK Géza: Iskola a határon,Czechoslovakia-cseh,Czechoslovakia-szlovák
SZAMOS Rudolf: Kántor nyomoz,Czechoslovakia-cseh,Czechoslovakia-szlovák
ANDRÁS László: Halál a Dunaparton,Czechoslovakia-cseh,Czechoslovakia-szlovák
PETŐFI Sándor: Források:,Czechoslovakia-cseh,Czechoslovakia-szlovák
BERTHA Bulcsu: A kenguru,Czechoslovakia-cseh,Czechoslovakia-szlovák
JÓKAI Anna: 4447,Czechoslovakia-cseh,Czechoslovakia-szlovák
ÖRKÉNY István: Egyperces novellák,Czechoslovakia-cseh,Czechoslovakia-szlovák
WEÖRES Sándor: Források:,Czechoslovakia-cseh,Czechoslovakia-szlovák
JUHÁSZ Gyula: Források:,Czechoslovakia-cseh,Czechoslovakia-szlovák
JÓKAI Mór: Fekete gyémántok,Czechoslovakia-cseh,Czechoslovakia-szlovák
CSURKA István: Eredeti helyszin,Czechoslovakia-cseh,Czechoslovakia-szlovák
VADÁSZ Ferenc: Tenyérnyi ég,Czechoslovakia-cseh,Czechoslovakia-szlovák
HALASI Mária: Az utolsó padban,Czechoslovakia-cseh,Czechoslovakia-szlovák
VÖRÖSMARTY Mihály: Csongor és Tünde,Czechoslovakia-cseh,Czechoslovakia-szlovák
BABITS Mihály: Források:,Czechoslovakia-cseh,Czechoslovakia-szlovák
KERTÉSZ Ákos: Makra,Czechoslovakia-cseh,Czechoslovakia-szlovák
MIKSZÁTH Kálmán: A fekete város,Czechoslovakia-cseh,Czechoslovakia-szlovák
HUBAY Miklós: Késdobálók,Czechoslovakia-cseh,Czechoslovakia-szlovák
SZERB Antal: A Pendragon legenda,Czechoslovakia-cseh,Czechoslovakia-szlovák
KRÚDY Gyula: Források:,Czechoslovakia-cseh,Czechoslovakia-szlovák
VÁMOS Miklós: Borgisz,Czechoslovakia-cseh,Czechoslovakia-szlovák
ASZTALOS István: Szél fúvatlan nem indul,Czechoslovakia-cseh,Czechoslovakia-szlovák
KARINTHY Frigyes: Utazás Faremidóba; Capillária,Czechoslovakia-cseh,Czechoslovakia-szlovák
NAGY Lajos: Pincenapló,Czechoslovakia-cseh,Czechoslovakia-szlovák
SZAKONYI Károly: Adáshiba,Czechoslovakia-cseh,Czechoslovakia-szlovák
MESTERHÁZI Lajos: A tizenegyedik parancsolat,Czechoslovakia-cseh,Czechoslovakia-szlovák
KOSZTOLÁNYI Dezső: A véres költő (Nero),Czechoslovakia-cseh,Czechoslovakia-szlovák
GÁRDONYI Géza: Egri csillagok,Czechoslovakia-cseh,Czechoslovakia-szlovák
KERTÉSZ Ákos: Névnap,Czechoslovakia-cseh,Czechoslovakia-szlovák
KERTÉSZ Ákos: Özvegyek,Czechoslovakia-cseh,Czechoslovakia-szlovák
DOBOZY Imre: Holnap folytatjuk,Czechoslovakia-cseh,Czechoslovakia-szlovák
DARVAS József: Vízkereszttől Szilveszterig,Czechoslovakia-cseh,Denmark
JÓZSEF Attila: Források:,Czechoslovakia-cseh,Denmark
DÉRY Tibor: Niki,Czechoslovakia-cseh,Denmark
LENGYEL József: Források:,Czechoslovakia-cseh,Denmark
MÉSZÖLY Miklós: Az atléta halála,Czechoslovakia-cseh,Denmark
HALASI Mária: Az utolsó padban,Czechoslovakia-cseh,Denmark
ÖRKÉNY István: Tóték,Czechoslovakia-cseh,Egypt
PETŐFI Sándor: Források:,Czechoslovakia-cseh,Egypt
ADY Endre: Források:,Czechoslovakia-cseh,Federal Republic of Germany
MÓRICZ Zsigmond: Források:,Czechoslovakia-cseh,Federal Republic of Germany
SZABÓ Magda: Disznótor,Czechoslovakia-cseh,Federal Republic of Germany
MOLNÁR Ferenc: A Pál utcai fiúk,Czechoslovakia-cseh,Federal Republic of Germany
NÉMETH László: Iszony,Czechoslovakia-cseh,Federal Republic of Germany
SZABÓ Magda: Freskó,Czechoslovakia-cseh,Federal Republic of Germany
GÁRDONYI Géza: A láthatatlan ember,Czechoslovakia-cseh,Federal Republic of Germany
ILLYÉS Gyula: Puszták népe,Czechoslovakia-cseh,Federal Republic of Germany
ILLYÉS Gyula: Források:,Czechoslovakia-cseh,Federal Republic of Germany
NÉMETH László: Gyász,Czechoslovakia-cseh,Federal Republic of Germany
RADNÓTI Miklós: Források:,Czechoslovakia-cseh,Federal Republic of Germany
DÉRY Tibor: Források:,Czechoslovakia-cseh,Federal Republic of Germany
DÉRY Tibor: Niki,Czechoslovakia-cseh,Federal Republic of Germany
FEJES Endre: Rozsdatemető,Czechoslovakia-cseh,Federal Republic of Germany
KOSZTOLÁNYI Dezső: Források:,Czechoslovakia-cseh,Federal Republic of Germany
DÉRY Tibor: G. A. úr X-ben,Czechoslovakia-cseh,Federal Republic of Germany
LENGYEL József: Források:,Czechoslovakia-cseh,Federal Republic of Germany
MOLNÁR Ferenc: Olympia,Czechoslovakia-cseh,Federal Republic of Germany
MURÁNYI KOVÁCS Endre: A firenzei varázsló,Czechoslovakia-cseh,Federal Republic of Germany
MÉSZÖLY Miklós: Az atléta halála,Czechoslovakia-cseh,Federal Republic of Germany
DÉRY Tibor: A kiközösítő,Czechoslovakia-cseh,Federal Republic of Germany
FÜST Milán: A feleségem története,Czechoslovakia-cseh,Federal Republic of Germany
MÁNDY Iván: Források:,Czechoslovakia-cseh,Federal Republic of Germany
OTTLIK Géza: Iskola a határon,Czechoslovakia-cseh,Federal Republic of Germany
BABITS Mihály: A gólyakalifa,Czechoslovakia-cseh,Federal Republic of Germany
WEÖRES Sándor: Források:,Czechoslovakia-cseh,Federal Republic of Germany
DÉRY Tibor: A befejezetlen mondat,Czechoslovakia-cseh,Federal Republic of Germany
HALASI Mária: Az utolsó padban,Czechoslovakia-cseh,Federal Republic of Germany
LENGYEL Péter: Ogg második bolygója,Czechoslovakia-cseh,Federal Republic of Germany
KERTÉSZ Ákos: Makra,Czechoslovakia-cseh,Federal Republic of Germany
NÉMETH László: Irgalom,Czechoslovakia-cseh,Federal Republic of Germany
KRÚDY Gyula: Források:,Czechoslovakia-cseh,Federal Republic of Germany
GÁRDONYI Géza: Egri csillagok,Czechoslovakia-cseh,Federal Republic of Germany
ADY Endre: Források:,Czechoslovakia-cseh,Finland
MÓRICZ Zsigmond: Források:,Czechoslovakia-cseh,Finland
VERES Péter: Próbatétel,Czechoslovakia-cseh,Finland
SZABÓ Magda: Disznótor,Czechoslovakia-cseh,Finland
MOLNÁR Ferenc: A Pál utcai fiúk,Czechoslovakia-cseh,Finland
NÉMETH László: Iszony,Czechoslovakia-cseh,Finland
ILLYÉS Gyula: Puszták népe,Czechoslovakia-cseh,Finland
ILLYÉS Gyula: Források:,Czechoslovakia-cseh,Finland
DÉRY Tibor: Niki,Czechoslovakia-cseh,Finland
FEJES Endre: Rozsdatemető,Czechoslovakia-cseh,Finland
KOSZTOLÁNYI Dezső: Források:,Czechoslovakia-cseh,Finland
ILLYÉS Gyula: Kháron ladikján,Czechoslovakia-cseh,Finland
BABITS Mihály: A gólyakalifa,Czechoslovakia-cseh,Finland
PETŐFI Sándor: Források:,Czechoslovakia-cseh,Finland
WEÖRES Sándor: Források:,Czechoslovakia-cseh,Finland
HALASI Mária: Az utolsó padban,Czechoslovakia-cseh,Finland
KARINTHY Ferenc: Epepe,Czechoslovakia-cseh,Finland
KERTÉSZ Ákos: Makra,Czechoslovakia-cseh,Finland
MOLDOVA György: Sötét angyal,Czechoslovakia-cseh,Finland
SZAKONYI Károly: Adáshiba,Czechoslovakia-cseh,Finland
DÉRY Tibor: Képzelt riport egy amerikai pop-fesztiválról,Czechoslovakia-cseh,Finland
GÁRDONYI Géza: Egri csillagok,Czechoslovakia-cseh,Finland
ADY Endre: Források:,Czechoslovakia-cseh,France
ILLYÉS Gyula: Petőfi,Czechoslovakia-cseh,France
PETŐFI Sándor: János vitéz,Czechoslovakia-cseh,France
VERES Péter: Próbatétel,Czechoslovakia-cseh,France
MÓRICZ Zsigmond: A boldog ember,Czechoslovakia-cseh,France
MÓRICZ Zsigmond: Rokonok,Czechoslovakia-cseh,France
JÓZSEF Attila: Források:,Czechoslovakia-cseh,France
MOLNÁR Ferenc: A Pál utcai fiúk,Czechoslovakia-cseh,France
MÓRICZ Zsigmond: Légy jó mindhalálig,Czechoslovakia-cseh,France
JÓKAI Mór: A kőszívű ember fiai,Czechoslovakia-cseh,France
NÉMETH László: Iszony,Czechoslovakia-cseh,France
SZABÓ Magda: Freskó,Czechoslovakia-cseh,France
TERSÁNSZKY Józsi Jenő: Kakuk Marci,Czechoslovakia-cseh,France
ILLYÉS Gyula: Puszták népe,Czechoslovakia-cseh,France
ILLYÉS Gyula: Források:,Czechoslovakia-cseh,France
RADNÓTI Miklós: Források:,Czechoslovakia-cseh,France
DÉRY Tibor: Források:,Czechoslovakia-cseh,France
DÉRY Tibor: Niki,Czechoslovakia-cseh,France
FEJES Endre: Rozsdatemető,Czechoslovakia-cseh,France
SÁNTA Ferenc: Az ötödik pecsét,Czechoslovakia-cseh,France
DÉRY Tibor: G. A. úr X-ben,Czechoslovakia-cseh,France
LENGYEL József: Források:,Czechoslovakia-cseh,France
PASSUTH László: Esőisten siratja Mexikót,Czechoslovakia-cseh,France
SZABÓ Magda: Sziget-kék,Czechoslovakia-cseh,France
MÉSZÖLY Miklós: Az atléta halála,Czechoslovakia-cseh,France
ÖRKÉNY István: Macskajáték,Czechoslovakia-cseh,France
ÖRKÉNY István: Tóték,Czechoslovakia-cseh,France
DÉRY Tibor: A kiközösítő,Czechoslovakia-cseh,France
FÜST Milán: A feleségem története,Czechoslovakia-cseh,France
ILLYÉS Gyula: Kháron ladikján,Czechoslovakia-cseh,France
OTTLIK Géza: Iskola a határon,Czechoslovakia-cseh,France
PETŐFI Sándor: Források:,Czechoslovakia-cseh,France
ÖRKÉNY István: Egyperces novellák,Czechoslovakia-cseh,France
WEÖRES Sándor: Források:,Czechoslovakia-cseh,France
DÉRY Tibor: A befejezetlen mondat,Czechoslovakia-cseh,France
KARINTHY Frigyes: Utazás a koponyám körül,Czechoslovakia-cseh,France
VÖRÖSMARTY Mihály: Csongor és Tünde,Czechoslovakia-cseh,France
CSERES Tibor: Hideg napok,Czechoslovakia-cseh,France
ADY Endre: Források:,Czechoslovakia-cseh,GDR
DARVAS József: Város az ingoványon,Czechoslovakia-cseh,GDR
ILLÉS Béla: Fegyvert s vitézt éneklek,Czechoslovakia-cseh,GDR
ILLYÉS Gyula: Petőfi,Czechoslovakia-cseh,GDR
MIKSZÁTH Kálmán: Különös házasság,Czechoslovakia-cseh,GDR
MÓRICZ Zsigmond: Források:,Czechoslovakia-cseh,GDR
NAGY Sándor: Megbékélés,Czechoslovakia-cseh,GDR
PETŐFI Sándor: János vitéz,Czechoslovakia-cseh,GDR
SZABÓ Pál: Isten malmai,Czechoslovakia-cseh,GDR
SZABÓ Pál: Talpalatnyi föld,Czechoslovakia-cseh,GDR
VERES Péter: Próbatétel,Czechoslovakia-cseh,GDR
ILLÉS Béla: Honfoglalás,Czechoslovakia-cseh,GDR
KAFFKA Margit: Színek és évek,Czechoslovakia-cseh,GDR
KARINTHY Ferenc: Budapesti tavasz,Czechoslovakia-cseh,GDR
MIKSZÁTH Kálmán: Beszterce ostroma,Czechoslovakia-cseh,GDR
MÓRICZ Zsigmond: A boldog ember,Czechoslovakia-cseh,GDR
MÓRICZ Zsigmond: Rokonok,Czechoslovakia-cseh,GDR
ZALKA Máté: Doberdo,Czechoslovakia-cseh,GDR
CSIKY Gergely: A proletárok,Czechoslovakia-cseh,GDR
DARVAS József: Vízkereszttől Szilveszterig,Czechoslovakia-cseh,GDR
JÓKAI Mór: Rab Ráby,Czechoslovakia-cseh,GDR
JÓZSEF Attila: Források:,Czechoslovakia-cseh,GDR
BETLEN Oszkár: Élet a halál földjén,Czechoslovakia-cseh,GDR
ILLÉS Béla: Ég a Tisza,Czechoslovakia-cseh,GDR
JÓKAI Mór: A kőszívű ember fiai,Czechoslovakia-cseh,GDR
MIKSZÁTH Kálmán: A Noszty fiú esete Tóth Marival,Czechoslovakia-cseh,GDR
MIKSZÁTH Kálmán: Szent Péter esernyője,Czechoslovakia-cseh,GDR
NÉMETH László: Iszony,Czechoslovakia-cseh,GDR
SZABÓ Magda: Freskó,Czechoslovakia-cseh,GDR
TERSÁNSZKY Józsi Jenő: Kakuk Marci,Czechoslovakia-cseh,GDR
NÉMETH László: Bűn,Czechoslovakia-cseh,GDR
BÓKA László: Alázatosan jelentem,Czechoslovakia-cseh,GDR
GÁRDONYI Géza: A láthatatlan ember,Czechoslovakia-cseh,GDR
ILLYÉS Gyula: Puszták népe,Czechoslovakia-cseh,GDR
SZÉKELY János (John Pen): Kísértés,Czechoslovakia-cseh,GDR
ILLÉS Béla: Kárpáti rapszódia,Czechoslovakia-cseh,GDR
ILLYÉS Gyula: Források:,Czechoslovakia-cseh,GDR
NAGY Lajos: Források:,Czechoslovakia-cseh,GDR
NÉMETH László: Gyász,Czechoslovakia-cseh,GDR
RADNÓTI Miklós: Források:,Czechoslovakia-cseh,GDR
TATAY Sándor: Puskák és galambok,Czechoslovakia-cseh,GDR
DÉRY Tibor: Források:,Czechoslovakia-cseh,GDR
FEJES Endre: Rozsdatemető,Czechoslovakia-cseh,GDR
KOSZTOLÁNYI Dezső: Források:,Czechoslovakia-cseh,GDR
SÁNTA Ferenc: Az ötödik pecsét,Czechoslovakia-cseh,GDR
FEKETE Gyula: Az orvos halála,Czechoslovakia-cseh,GDR
MURÁNYI KOVÁCS Endre: A firenzei varázsló,Czechoslovakia-cseh,GDR
PALOTAI Boris: A madarak elhallgattak,Czechoslovakia-cseh,GDR
ÖRKÉNY István: Macskajáték,Czechoslovakia-cseh,GDR
JÓKAI Mór: A lőcsei fehér asszony,Czechoslovakia-cseh,GDR
JÓKAI Mór: Sárga rózsa,Czechoslovakia-cseh,GDR
BERKESI András: Sellő a pecsétgyűrűn,Czechoslovakia-cseh,GDR
CSERNAI Zoltán: Titok a világ tetején,Czechoslovakia-cseh,GDR
DÉRY Tibor: A kiközösítő,Czechoslovakia-cseh,GDR
FÜST Milán: A feleségem története,Czechoslovakia-cseh,GDR
ILLYÉS Gyula: Kháron ladikján,Czechoslovakia-cseh,GDR
MÁNDY Iván: Források:,Czechoslovakia-cseh,GDR
OTTLIK Géza: Iskola a határon,Czechoslovakia-cseh,GDR
SZAMOS Rudolf: Kántor nyomoz,Czechoslovakia-cseh,GDR
ANDRÁS László: Halál a Dunaparton,Czechoslovakia-cseh,GDR
LENGYEL József: Prenn Ferenc hányatott élete,Czechoslovakia-cseh,GDR
SIPKAY Barna: Nyakamban az élet,Czechoslovakia-cseh,GDR
PETŐFI Sándor: Források:,Czechoslovakia-cseh,GDR
BERTHA Bulcsu: A kenguru,Czechoslovakia-cseh,GDR
ÖRKÉNY István: Egyperces novellák,Czechoslovakia-cseh,GDR
WEÖRES Sándor: Források:,Czechoslovakia-cseh,GDR
MÓRICZ Zsigmond: Tündérkert,Czechoslovakia-cseh,GDR
KOLOZSVÁRI GRANDPIERRE Emil: Nők apróban,Czechoslovakia-cseh,GDR
SZAKONYI Károly: A hatodik napon,Czechoslovakia-cseh,GDR
SZAMOS Rudolf: Kántor a nagyvárosban,Czechoslovakia-cseh,GDR
DÉRY Tibor: A befejezetlen mondat,Czechoslovakia-cseh,GDR
CSUKÁS István: Keménykalap és krumpliorr,Czechoslovakia-cseh,GDR
KARINTHY Frigyes: Utazás a koponyám körül,Czechoslovakia-cseh,GDR
SZABÓ Magda: Régimódi történet,Czechoslovakia-cseh,GDR
Tóth Judith: Kifutópálya,Czechoslovakia-cseh,GDR
VÖRÖSMARTY Mihály: Csongor és Tünde,Czechoslovakia-cseh,GDR
BABITS Mihály: Források:,Czechoslovakia-cseh,GDR
KERTÉSZ Ákos: Makra,Czechoslovakia-cseh,GDR
MIKSZÁTH Kálmán: A fekete város,Czechoslovakia-cseh,GDR
MÓRICZ Zsigmond: A nagy fejedelem,Czechoslovakia-cseh,GDR
MOLDOVA György: Források:,Czechoslovakia-cseh,GDR
HEVESI Lajos: Jelky András kalandjai,Czechoslovakia-cseh,GDR
VÖRÖSMARTY Mihály: Források:,Czechoslovakia-cseh,GDR
DÉRY Tibor: Felelet,Czechoslovakia-cseh,GDR
NÉMETH László: Irgalom,Czechoslovakia-cseh,GDR
MÓRICZ Zsigmond: A nap árnyéka,Czechoslovakia-cseh,GDR
KRÚDY Gyula: Források:,Czechoslovakia-cseh,GDR
SPIRÓ György: Az imposztor,Czechoslovakia-cseh,GDR
ASZTALOS István: Szél fúvatlan nem indul,Czechoslovakia-cseh,GDR
CSERES Tibor: Hideg napok,Czechoslovakia-cseh,GDR
KARINTHY Frigyes: Utazás Faremidóba; Capillária,Czechoslovakia-cseh,GDR
ÖRSI Ferenc: A Tenkes kapitánya,Czechoslovakia-cseh,GDR
NAGY Lajos: Pincenapló,Czechoslovakia-cseh,GDR
FEHÉR Klára: A teremtés koronája,Czechoslovakia-cseh,GDR
MESTERHÁZI Lajos: A tizenegyedik parancsolat,Czechoslovakia-cseh,GDR
DÉRY Tibor: Képzelt riport egy amerikai pop-fesztiválról,Czechoslovakia-cseh,GDR
KOSZTOLÁNYI Dezső: A véres költő (Nero),Czechoslovakia-cseh,GDR
GÁRDONYI Géza: Egri csillagok,Czechoslovakia-cseh,GDR
JÓKAI Anna: Tartozik és követel,Czechoslovakia-cseh,GDR
KERTÉSZ Ákos: Özvegyek,Czechoslovakia-cseh,GDR
DOBOZY Imre: Holnap folytatjuk,Czechoslovakia-cseh,GDR
"TERSÁNSZKY Józsi Jenő: Viszontlátásra, drága",Czechoslovakia-cseh,GDR
MÓRICZ Zsigmond: Légy jó mindhalálig,Czechoslovakia-cseh,Greece
HALASI Mária: Az utolsó padban,Czechoslovakia-cseh,Greece
SZAKONYI Károly: Adáshiba,Czechoslovakia-cseh,Greece
GÁRDONYI Géza: Egri csillagok,Czechoslovakia-cseh,Greece
ADY Endre: Források:,Czechoslovakia-cseh,Hungary
ILLYÉS Gyula: Petőfi,Czechoslovakia-cseh,Hungary
MIKSZÁTH Kálmán: Különös házasság,Czechoslovakia-cseh,Hungary
MÓRICZ Zsigmond: Források:,Czechoslovakia-cseh,Hungary
PETŐFI Sándor: János vitéz,Czechoslovakia-cseh,Hungary
SZABÓ Magda: Mondják meg Zsófikának,Czechoslovakia-cseh,Hungary
ARANY János: Források:,Czechoslovakia-cseh,Hungary
KARINTHY Ferenc: Budapesti tavasz,Czechoslovakia-cseh,Hungary
KATONA József: Bánk bán,Czechoslovakia-cseh,Hungary
MIKSZÁTH Kálmán: Beszterce ostroma,Czechoslovakia-cseh,Hungary
MÓRICZ Zsigmond: Rokonok,Czechoslovakia-cseh,Hungary
JÓZSEF Attila: Források:,Czechoslovakia-cseh,Hungary
MOLNÁR Ferenc: A Pál utcai fiúk,Czechoslovakia-cseh,Hungary
MÓRICZ Zsigmond: Légy jó mindhalálig,Czechoslovakia-cseh,Hungary
MADÁCH Imre: Az ember tragédiája,Czechoslovakia-cseh,Hungary
KARINTHY Frigyes: Tanár úr kérem,Czechoslovakia-cseh,Hungary
MIKSZÁTH Kálmán: A két koldusdiák,Czechoslovakia-cseh,Hungary
MIKSZÁTH Kálmán: Szent Péter esernyője,Czechoslovakia-cseh,Hungary
TERSÁNSZKY Józsi Jenő: Kakuk Marci,Czechoslovakia-cseh,Hungary
TÓTH Árpád: Források:,Czechoslovakia-cseh,Hungary
NÉMETH László: Bűn,Czechoslovakia-cseh,Hungary
GÁRDONYI Géza: A láthatatlan ember,Czechoslovakia-cseh,Hungary
ILLYÉS Gyula: Puszták népe,Czechoslovakia-cseh,Hungary
ILLÉS Béla: Kárpáti rapszódia,Czechoslovakia-cseh,Hungary
NÉMETH László: Gyász,Czechoslovakia-cseh,Hungary
RADNÓTI Miklós: Források:,Czechoslovakia-cseh,Hungary
SZABÓ Magda: Álarcosbál,Czechoslovakia-cseh,Hungary
KOSZTOLÁNYI Dezső: Források:,Czechoslovakia-cseh,Hungary
SÁNTA Ferenc: Az ötödik pecsét,Czechoslovakia-cseh,Hungary
FEKETE Gyula: Az orvos halála,Czechoslovakia-cseh,Hungary
GERGELY Márta: A mi lányunk,Czechoslovakia-cseh,Hungary
MURÁNYI KOVÁCS Endre: A firenzei varázsló,Czechoslovakia-cseh,Hungary
SZABÓ Magda: Sziget-kék,Czechoslovakia-cseh,Hungary
DÉKÁNY András: Az elveszett sziget,Czechoslovakia-cseh,Hungary
FÜST Milán: A feleségem története,Czechoslovakia-cseh,Hungary
MÁNDY Iván: Források:,Czechoslovakia-cseh,Hungary
BABITS Mihály: A gólyakalifa,Czechoslovakia-cseh,Hungary
PETŐFI Sándor: Források:,Czechoslovakia-cseh,Hungary
SZABÓ Lőrinc: A huszonhatodik év,Czechoslovakia-cseh,Hungary
WEÖRES Sándor: Források:,Czechoslovakia-cseh,Hungary
MÓRICZ Zsigmond: Tündérkert,Czechoslovakia-cseh,Hungary
JÓKAI Mór: Fekete gyémántok,Czechoslovakia-cseh,Hungary
CSURKA István: Eredeti helyszin,Czechoslovakia-cseh,Hungary
SZABÓ Magda: Régimódi történet,Czechoslovakia-cseh,Hungary
BABITS Mihály: Források:,Czechoslovakia-cseh,Hungary
MIKSZÁTH Kálmán: A fekete város,Czechoslovakia-cseh,Hungary
HEVESI Lajos: Jelky András kalandjai,Czechoslovakia-cseh,Hungary
DÉKÁNY András: Robinson utolsó kalandja,Czechoslovakia-cseh,Hungary
VÖRÖSMARTY Mihály: Források:,Czechoslovakia-cseh,Hungary
SZERB Antal: A Pendragon legenda,Czechoslovakia-cseh,Hungary
MÓRICZ Zsigmond: A nap árnyéka,Czechoslovakia-cseh,Hungary
KRÚDY Gyula: Források:,Czechoslovakia-cseh,Hungary
MOLDOVA György: Sötét angyal,Czechoslovakia-cseh,Hungary
KARINTHY Frigyes: Utazás Faremidóba; Capillária,Czechoslovakia-cseh,Hungary
KOSZTOLÁNYI Dezső: A véres költő (Nero),Czechoslovakia-cseh,Hungary
GÁRDONYI Géza: Egri csillagok,Czechoslovakia-cseh,Hungary
"TERSÁNSZKY Józsi Jenő: Viszontlátásra, drága",Czechoslovakia-cseh,Hungary
ADY Endre: Források:,Czechoslovakia-cseh,India
PETŐFI Sándor: Források:,Czechoslovakia-cseh,India
MÓRICZ Zsigmond: Források:,Czechoslovakia-cseh,Iran
VERES Péter: Próbatétel,Czechoslovakia-cseh,Iran
CSIKY Gergely: A proletárok,Czechoslovakia-cseh,Iran
PETŐFI Sándor: Források:,Czechoslovakia-cseh,Iran
ADY Endre: Források:,Czechoslovakia-cseh,Israel
MOLNÁR Ferenc: A Pál utcai fiúk,Czechoslovakia-cseh,Israel
MÓRICZ Zsigmond: Légy jó mindhalálig,Czechoslovakia-cseh,Israel
KARINTHY Frigyes: Tanár úr kérem,Czechoslovakia-cseh,Israel
GÁRDONYI Géza: A láthatatlan ember,Czechoslovakia-cseh,Israel
ILLÉS Béla: Kárpáti rapszódia,Czechoslovakia-cseh,Israel
RADNÓTI Miklós: Források:,Czechoslovakia-cseh,Israel
PETŐFI Sándor: Források:,Czechoslovakia-cseh,Israel
ACZÉL Tamás: A szabadság árnyékában,Czechoslovakia-cseh,Italy
ADY Endre: Források:,Czechoslovakia-cseh,Italy
ILLYÉS Gyula: Petőfi,Czechoslovakia-cseh,Italy
VERES Péter: Próbatétel,Czechoslovakia-cseh,Italy
JÓZSEF Attila: Források:,Czechoslovakia-cseh,Italy
MOLNÁR Ferenc: A Pál utcai fiúk,Czechoslovakia-cseh,Italy
MADÁCH Imre: Az ember tragédiája,Czechoslovakia-cseh,Italy
MIKSZÁTH Kálmán: Szent Péter esernyője,Czechoslovakia-cseh,Italy
NÉMETH László: Iszony,Czechoslovakia-cseh,Italy
ILLYÉS Gyula: Források:,Czechoslovakia-cseh,Italy
RADNÓTI Miklós: Források:,Czechoslovakia-cseh,Italy
DÉRY Tibor: Források:,Czechoslovakia-cseh,Italy
DÉRY Tibor: Niki,Czechoslovakia-cseh,Italy
FEJES Endre: Rozsdatemető,Czechoslovakia-cseh,Italy
KOSZTOLÁNYI Dezső: Források:,Czechoslovakia-cseh,Italy
DÉRY Tibor: G. A. úr X-ben,Czechoslovakia-cseh,Italy
LENGYEL József: Források:,Czechoslovakia-cseh,Italy
JÓKAI Mór: Sárga rózsa,Czechoslovakia-cseh,Italy
DÉRY Tibor: A kiközösítő,Czechoslovakia-cseh,Italy
PETŐFI Sándor: Források:,Czechoslovakia-cseh,Italy
ÖRKÉNY István: Egyperces novellák,Czechoslovakia-cseh,Italy
HALASI Mária: Az utolsó padban,Czechoslovakia-cseh,Italy
DÉRY Tibor: A félfülű,Czechoslovakia-cseh,Italy
DÉRY Tibor: Képzelt riport egy amerikai pop-fesztiválról,Czechoslovakia-cseh,Italy
GÁRDONYI Géza: Egri csillagok,Czechoslovakia-cseh,Italy
KARINTHY Ferenc: Budapesti tavasz,Czechoslovakia-cseh,Japan
MADÁCH Imre: Az ember tragédiája,Czechoslovakia-cseh,Japan
ILLYÉS Gyula: Puszták népe,Czechoslovakia-cseh,Japan
ÖRKÉNY István: Tóték,Czechoslovakia-cseh,Japan
PETŐFI Sándor: Források:,Czechoslovakia-cseh,Japan
KARINTHY Ferenc: Epepe,Czechoslovakia-cseh,Japan
LENGYEL Péter: Ogg második bolygója,Czechoslovakia-cseh,Japan
KERTÉSZ Ákos: Makra,Czechoslovakia-cseh,Japan
DÉRY Tibor: Források:,Czechoslovakia-cseh,Mexico
PASSUTH László: Esőisten siratja Mexikót,Czechoslovakia-cseh,Mexico
JÓKAI Mór: Sárga rózsa,Czechoslovakia-cseh,Mexico
NAGY Sándor: Megbékélés,Czechoslovakia-cseh,Mongolia
KARINTHY Ferenc: Budapesti tavasz,Czechoslovakia-cseh,Mongolia
PETŐFI Sándor: Források:,Czechoslovakia-cseh,Mongolia
ILLÉS Béla: Fegyvert s vitézt éneklek,Czechoslovakia-cseh,Netherlands
MIKSZÁTH Kálmán: Szent Péter esernyője,Czechoslovakia-cseh,Netherlands
NÉMETH László: Iszony,Czechoslovakia-cseh,Netherlands
ILLYÉS Gyula: Puszták népe,Czechoslovakia-cseh,Netherlands
ILLÉS Béla: Kárpáti rapszódia,Czechoslovakia-cseh,Netherlands
DÉRY Tibor: Források:,Czechoslovakia-cseh,Netherlands
KÖRMENDI Ferenc: Juniusi hétköznap,Czechoslovakia-cseh,Netherlands
FÜST Milán: A feleségem története,Czechoslovakia-cseh,Netherlands
HEVESI Lajos: Jelky András kalandjai,Czechoslovakia-cseh,Netherlands
GÁRDONYI Géza: Egri csillagok,Czechoslovakia-cseh,Netherlands
PETŐFI Sándor: Források:,Czechoslovakia-cseh,North Korea
JÓZSEF Attila: Források:,Czechoslovakia-cseh,Norway
MADÁCH Imre: Az ember tragédiája,Czechoslovakia-cseh,Norway
NÉMETH László: Iszony,Czechoslovakia-cseh,Norway
ILLYÉS Gyula: Források:,Czechoslovakia-cseh,Norway
DÉRY Tibor: Niki,Czechoslovakia-cseh,Norway
PETŐFI Sándor: Források:,Czechoslovakia-cseh,Norway
HALASI Mária: Az utolsó padban,Czechoslovakia-cseh,Norway
KARINTHY Ferenc: Epepe,Czechoslovakia-cseh,Norway
Tóth Judith: Kifutópálya,Czechoslovakia-cseh,Norway
ACZÉL Tamás: A szabadság árnyékában,Czechoslovakia-cseh,PR China
FAZEKAS Mihály: Lúdas Matyi,Czechoslovakia-cseh,PR China
MÓRICZ Zsigmond: Források:,Czechoslovakia-cseh,PR China
NAGY Sándor: Megbékélés,Czechoslovakia-cseh,PR China
PETŐFI Sándor: János vitéz,Czechoslovakia-cseh,PR China
SZABÓ Pál: Talpalatnyi föld,Czechoslovakia-cseh,PR China
VERES Péter: Próbatétel,Czechoslovakia-cseh,PR China
ILLÉS Béla: Honfoglalás,Czechoslovakia-cseh,PR China
JÓZSEF Attila: Források:,Czechoslovakia-cseh,PR China
MÓRICZ Zsigmond: Árvácska,Czechoslovakia-cseh,PR China
ILLÉS Béla: Ég a Tisza,Czechoslovakia-cseh,PR China
MIKSZÁTH Kálmán: Szent Péter esernyője,Czechoslovakia-cseh,PR China
ILLÉS Béla: Kárpáti rapszódia,Czechoslovakia-cseh,PR China
JÓKAI Mór: Sárga rózsa,Czechoslovakia-cseh,PR China
PETŐFI Sándor: Források:,Czechoslovakia-cseh,PR China
MÓRICZ Virág−THURZÓ Gábor(-MÓRICZ Zsigmond): Rokonok,Czechoslovakia-cseh,PR China
VÖRÖSMARTY Mihály: Csongor és Tünde,Czechoslovakia-cseh,PR China
ADY Endre: Források:,Czechoslovakia-cseh,Poland
BALÁZS Anna: Mire megjönnek a fecskék,Czechoslovakia-cseh,Poland
BALÁZS Anna: Névtelen hősök,Czechoslovakia-cseh,Poland
DARVAS József: Fekete kenyér,Czechoslovakia-cseh,Poland
DARVAS József: Város az ingoványon,Czechoslovakia-cseh,Poland
EGRY Irén: A gyár felébred,Czechoslovakia-cseh,Poland
GERGELY Sándor: Vitézek és hősök,Czechoslovakia-cseh,Poland
ILKU Pál: Az osztály zendülői,Czechoslovakia-cseh,Poland
ILLÉS Béla: A vígszínházi csata,Czechoslovakia-cseh,Poland
ILLÉS Béla: Fegyvert s vitézt éneklek,Czechoslovakia-cseh,Poland
ILLÉS Béla: Szkipetárok,Czechoslovakia-cseh,Poland
ILLYÉS Gyula: Petőfi,Czechoslovakia-cseh,Poland
MIKSZÁTH Kálmán: Különös házasság,Czechoslovakia-cseh,Poland
MÓRICZ Zsigmond: Források:,Czechoslovakia-cseh,Poland
URBÁN Ernő: Tűzkeresztség,Czechoslovakia-cseh,Poland
VERES Péter: Próbatétel,Czechoslovakia-cseh,Poland
SZABÓ Magda: Disznótor,Czechoslovakia-cseh,Poland
SZABÓ Magda: Mondják meg Zsófikának,Czechoslovakia-cseh,Poland
KAFFKA Margit: Színek és évek,Czechoslovakia-cseh,Poland
KARINTHY Ferenc: Budapesti tavasz,Czechoslovakia-cseh,Poland
MIKSZÁTH Kálmán: Beszterce ostroma,Czechoslovakia-cseh,Poland
MÓRICZ Zsigmond: Rokonok,Czechoslovakia-cseh,Poland
ZALKA Máté: Doberdo,Czechoslovakia-cseh,Poland
JÓZSEF Attila: Források:,Czechoslovakia-cseh,Poland
MOLNÁR Ferenc: A Pál utcai fiúk,Czechoslovakia-cseh,Poland
MÓRICZ Zsigmond: Betyár,Czechoslovakia-cseh,Poland
MÓRICZ Zsigmond: Légy jó mindhalálig,Czechoslovakia-cseh,Poland
MADÁCH Imre: Az ember tragédiája,Czechoslovakia-cseh,Poland
ILLÉS Béla: Ég a Tisza,Czechoslovakia-cseh,Poland
JÓKAI Mór: A kőszívű ember fiai,Czechoslovakia-cseh,Poland
KOSZTOLÁNYI Dezső: Pacsirta,Czechoslovakia-cseh,Poland
MIKSZÁTH Kálmán: A két koldusdiák,Czechoslovakia-cseh,Poland
MIKSZÁTH Kálmán: A Noszty fiú esete Tóth Marival,Czechoslovakia-cseh,Poland
MIKSZÁTH Kálmán: Szent Péter esernyője,Czechoslovakia-cseh,Poland
MÓRA Ferenc: Források:,Czechoslovakia-cseh,Poland
NÉMETH László: Iszony,Czechoslovakia-cseh,Poland
SÓS György: Pettyes kalandjai,Czechoslovakia-cseh,Poland
SZABÓ Magda: Freskó,Czechoslovakia-cseh,Poland
NÉMETH László: Bűn,Czechoslovakia-cseh,Poland
GÁRDONYI Géza: A láthatatlan ember,Czechoslovakia-cseh,Poland
ILLYÉS Gyula: Puszták népe,Czechoslovakia-cseh,Poland
SARKADI Imre: A gyáva,Czechoslovakia-cseh,Poland
ILLÉS Béla: Kárpáti rapszódia,Czechoslovakia-cseh,Poland
ILLYÉS Gyula: Források:,Czechoslovakia-cseh,Poland
NÉMETH László: Gyász,Czechoslovakia-cseh,Poland
RADNÓTI Miklós: Források:,Czechoslovakia-cseh,Poland
SZABÓ Magda: Álarcosbál,Czechoslovakia-cseh,Poland
SZILVÁSI Lajos: Appassionata,Czechoslovakia-cseh,Poland
TATAY Sándor: Puskák és galambok,Czechoslovakia-cseh,Poland
DÉRY Tibor: Források:,Czechoslovakia-cseh,Poland
DÉRY Tibor: Niki,Czechoslovakia-cseh,Poland
FEJES Endre: Rozsdatemető,Czechoslovakia-cseh,Poland
SÁNTA Ferenc: Az ötödik pecsét,Czechoslovakia-cseh,Poland
BERKESI András−KARDOS György: Kopjások,Czechoslovakia-cseh,Poland
DÉRY Tibor: G. A. úr X-ben,Czechoslovakia-cseh,Poland
MÉSZÖLY Miklós: Az atléta halála,Czechoslovakia-cseh,Poland
DÉRY Tibor: A kiközösítő,Czechoslovakia-cseh,Poland
FÜST Milán: A feleségem története,Czechoslovakia-cseh,Poland
ILLYÉS Gyula: Kháron ladikján,Czechoslovakia-cseh,Poland
KAFFKA Margit: Hangyaboly,Czechoslovakia-cseh,Poland
OTTLIK Géza: Iskola a határon,Czechoslovakia-cseh,Poland
BABITS Mihály: A gólyakalifa,Czechoslovakia-cseh,Poland
PETŐFI Sándor: Források:,Czechoslovakia-cseh,Poland
JÓKAI Anna: 4447,Czechoslovakia-cseh,Poland
WEÖRES Sándor: Források:,Czechoslovakia-cseh,Poland
KOLOZSVÁRI GRANDPIERRE Emil: Nők apróban,Czechoslovakia-cseh,Poland
GALGÓCZI Erzsébet: A közös bűn,Czechoslovakia-cseh,Poland
KARINTHY Ferenc: Epepe,Czechoslovakia-cseh,Poland
LENGYEL Péter: Ogg második bolygója,Czechoslovakia-cseh,Poland
SZABÓ Magda: Régimódi történet,Czechoslovakia-cseh,Poland
SZÁNTÓ György: Stradivari,Czechoslovakia-cseh,Poland
JÓKAI Anna: Napok,Czechoslovakia-cseh,Poland
KERTÉSZ Ákos: Makra,Czechoslovakia-cseh,Poland
MIKSZÁTH Kálmán: A fekete város,Czechoslovakia-cseh,Poland
RÓNAY György: Esti gyors,Czechoslovakia-cseh,Poland
DÉRY Tibor: A félfülű,Czechoslovakia-cseh,Poland
MOLDOVA György: Források:,Czechoslovakia-cseh,Poland
HEVESI Lajos: Jelky András kalandjai,Czechoslovakia-cseh,Poland
SZERB Antal: A Pendragon legenda,Czechoslovakia-cseh,Poland
DÉRY Tibor: Felelet,Czechoslovakia-cseh,Poland
NÉMETH László: Irgalom,Czechoslovakia-cseh,Poland
Szentmihályi Szabó Péter: Gellért,Czechoslovakia-cseh,Poland
VÁMOS Miklós: Borgisz,Czechoslovakia-cseh,Poland
"FEJES Endre: Jó estét nyár, jó estét szerelem",Czechoslovakia-cseh,Poland
DÁNIEL Anna: Karambol,Czechoslovakia-cseh,Poland
ASZTALOS István: Szél fúvatlan nem indul,Czechoslovakia-cseh,Poland
CSERES Tibor: Hideg napok,Czechoslovakia-cseh,Poland
MOLDOVA György: Sötét angyal,Czechoslovakia-cseh,Poland
NAGY Lajos: Pincenapló,Czechoslovakia-cseh,Poland
DÉRY Tibor: Képzelt riport egy amerikai pop-fesztiválról,Czechoslovakia-cseh,Poland
GÁRDONYI Géza: Egri csillagok,Czechoslovakia-cseh,Poland
JÓKAI Anna: Tartozik és követel,Czechoslovakia-cseh,Poland
KARINTHY Ferenc: Budapesti tavasz,Czechoslovakia-cseh,Portugal
JÓZSEF Attila: Források:,Czechoslovakia-cseh,Portugal
DÉRY Tibor: Források:,Czechoslovakia-cseh,Portugal
ÖRKÉNY István: Egyperces novellák,Czechoslovakia-cseh,Portugal
ACZÉL Tamás: A szabadság árnyékában,Czechoslovakia-cseh,Romania
ADY Endre: Források:,Czechoslovakia-cseh,Romania
FAZEKAS Mihály: Lúdas Matyi,Czechoslovakia-cseh,Romania
GERGELY Sándor: Vitézek és hősök,Czechoslovakia-cseh,Romania
ILLÉS Béla: Fegyvert s vitézt éneklek,Czechoslovakia-cseh,Romania
JÓZSEF Jolán: A város peremén,Czechoslovakia-cseh,Romania
KOVÁCS György: Foggal és körömmel,Czechoslovakia-cseh,Romania
MIKSZÁTH Kálmán: Különös házasság,Czechoslovakia-cseh,Romania
MÓRICZ Zsigmond: Források:,Czechoslovakia-cseh,Romania
PETŐFI Sándor: János vitéz,Czechoslovakia-cseh,Romania
VERES Péter: Próbatétel,Czechoslovakia-cseh,Romania
ARANY János: Források:,Czechoslovakia-cseh,Romania
ILLÉS Béla: Honfoglalás,Czechoslovakia-cseh,Romania
KAFFKA Margit: Színek és évek,Czechoslovakia-cseh,Romania
KATONA József: Bánk bán,Czechoslovakia-cseh,Romania
MÓRICZ Zsigmond: A boldog ember,Czechoslovakia-cseh,Romania
MÓRICZ Zsigmond: Rokonok,Czechoslovakia-cseh,Romania
MÓRICZ Zsigmond: Úri muri,Czechoslovakia-cseh,Romania
JÓZSEF Attila: Források:,Czechoslovakia-cseh,Romania
MOLNÁR Ferenc: A Pál utcai fiúk,Czechoslovakia-cseh,Romania
MÓRICZ Zsigmond: Légy jó mindhalálig,Czechoslovakia-cseh,Romania
BETLEN Oszkár: Élet a halál földjén,Czechoslovakia-cseh,Romania
MADÁCH Imre: Az ember tragédiája,Czechoslovakia-cseh,Romania
ILLÉS Béla: Ég a Tisza,Czechoslovakia-cseh,Romania
JÓKAI Mór: A kőszívű ember fiai,Czechoslovakia-cseh,Romania
MIKSZÁTH Kálmán: Két választás Magyarországon − A gavallérok,Czechoslovakia-cseh,Romania
MIKSZÁTH Kálmán: Szent Péter esernyője,Czechoslovakia-cseh,Romania
MÓRICZ Zsigmond: Rózsa Sándor a lovát ugratja,Czechoslovakia-cseh,Romania
NÉMETH László: Iszony,Czechoslovakia-cseh,Romania
ILLYÉS Gyula: Puszták népe,Czechoslovakia-cseh,Romania
ÁPRILY Lajos: Források:,Czechoslovakia-cseh,Romania
ILLÉS Béla: Kárpáti rapszódia,Czechoslovakia-cseh,Romania
NAGY Lajos: Források:,Czechoslovakia-cseh,Romania
DÉRY Tibor: Források:,Czechoslovakia-cseh,Romania
FEJES Endre: Rozsdatemető,Czechoslovakia-cseh,Romania
KOSZTOLÁNYI Dezső: Források:,Czechoslovakia-cseh,Romania
SÁNTA Ferenc: Az ötödik pecsét,Czechoslovakia-cseh,Romania
FEKETE Gyula: Az orvos halála,Czechoslovakia-cseh,Romania
DÉRY Tibor: A kiközösítő,Czechoslovakia-cseh,Romania
FÜST Milán: A feleségem története,Czechoslovakia-cseh,Romania
KOSZTOLÁNYI Dezső: Aranysárkány,Czechoslovakia-cseh,Romania
OTTLIK Géza: Iskola a határon,Czechoslovakia-cseh,Romania
PETŐFI Sándor: Források:,Czechoslovakia-cseh,Romania
ÖRKÉNY István: Egyperces novellák,Czechoslovakia-cseh,Romania
SZABÓ Lőrinc: A huszonhatodik év,Czechoslovakia-cseh,Romania
WEÖRES Sándor: Források:,Czechoslovakia-cseh,Romania
JÓKAI Mór: Fekete gyémántok,Czechoslovakia-cseh,Romania
KARINTHY Frigyes: Utazás a koponyám körül,Czechoslovakia-cseh,Romania
SZÁNTÓ György: Stradivari,Czechoslovakia-cseh,Romania
BABITS Mihály: Források:,Czechoslovakia-cseh,Romania
KERTÉSZ Ákos: Makra,Czechoslovakia-cseh,Romania
DÉKÁNY András: Robinson utolsó kalandja,Czechoslovakia-cseh,Romania
VÖRÖSMARTY Mihály: Források:,Czechoslovakia-cseh,Romania
NÉMETH László: Irgalom,Czechoslovakia-cseh,Romania
KRÚDY Gyula: Források:,Czechoslovakia-cseh,Romania
ASZTALOS István: Szél fúvatlan nem indul,Czechoslovakia-cseh,Romania
CSERES Tibor: Hideg napok,Czechoslovakia-cseh,Romania
MOLDOVA György: Sötét angyal,Czechoslovakia-cseh,Romania
KOSZTOLÁNYI Dezső: A véres költő (Nero),Czechoslovakia-cseh,Romania
GÁRDONYI Géza: Egri csillagok,Czechoslovakia-cseh,Romania
ADY Endre: Források:,Czechoslovakia-cseh,Spain
JÓZSEF Attila: Források:,Czechoslovakia-cseh,Spain
MOLNÁR Ferenc: A Pál utcai fiúk,Czechoslovakia-cseh,Spain
MIKSZÁTH Kálmán: Szent Péter esernyője,Czechoslovakia-cseh,Spain
NÉMETH László: Iszony,Czechoslovakia-cseh,Spain
DÉRY Tibor: Források:,Czechoslovakia-cseh,Spain
FEJES Endre: Rozsdatemető,Czechoslovakia-cseh,Spain
DÉRY Tibor: G. A. úr X-ben,Czechoslovakia-cseh,Spain
PASSUTH László: Esőisten siratja Mexikót,Czechoslovakia-cseh,Spain
FÜST Milán: A feleségem története,Czechoslovakia-cseh,Spain
OTTLIK Géza: Iskola a határon,Czechoslovakia-cseh,Spain
HALASI Mária: Az utolsó padban,Czechoslovakia-cseh,Spain
KERTÉSZ Ákos: Makra,Czechoslovakia-cseh,Spain
ADY Endre: Források:,Czechoslovakia-cseh,Sweden
MOLNÁR Ferenc: A Pál utcai fiúk,Czechoslovakia-cseh,Sweden
NÉMETH László: Iszony,Czechoslovakia-cseh,Sweden
ILLYÉS Gyula: Puszták népe,Czechoslovakia-cseh,Sweden
ILLYÉS Gyula: Források:,Czechoslovakia-cseh,Sweden
NAGY Lajos: Források:,Czechoslovakia-cseh,Sweden
NÉMETH László: Gyász,Czechoslovakia-cseh,Sweden
DÉRY Tibor: Niki,Czechoslovakia-cseh,Sweden
DÉRY Tibor: A kiközösítő,Czechoslovakia-cseh,Sweden
FÜST Milán: A feleségem története,Czechoslovakia-cseh,Sweden
ILLYÉS Gyula: Kháron ladikján,Czechoslovakia-cseh,Sweden
OTTLIK Géza: Iskola a határon,Czechoslovakia-cseh,Sweden
PETŐFI Sándor: Források:,Czechoslovakia-cseh,Sweden
ÖRKÉNY István: Egyperces novellák,Czechoslovakia-cseh,Sweden
WEÖRES Sándor: Források:,Czechoslovakia-cseh,Sweden
KARINTHY Ferenc: Epepe,Czechoslovakia-cseh,Sweden
Tóth Judith: Kifutópálya,Czechoslovakia-cseh,Sweden
KERTÉSZ Ákos: Makra,Czechoslovakia-cseh,Sweden
SZABÓ Magda: A szemlélők,Czechoslovakia-cseh,Sweden
JÓZSEF Attila: Források:,Czechoslovakia-cseh,Switzerland
MÓRICZ Zsigmond: Árvácska,Czechoslovakia-cseh,Switzerland
MIKSZÁTH Kálmán: A Noszty fiú esete Tóth Marival,Czechoslovakia-cseh,Switzerland
MIKSZÁTH Kálmán: Szent Péter esernyője,Czechoslovakia-cseh,Switzerland
KOSZTOLÁNYI Dezső: Források:,Czechoslovakia-cseh,Switzerland
MÓRICZ Zsigmond: Források:,Czechoslovakia-cseh,Turkey
KARINTHY Ferenc: Budapesti tavasz,Czechoslovakia-cseh,Turkey
KATONA József: Bánk bán,Czechoslovakia-cseh,Turkey
MOLNÁR Ferenc: A Pál utcai fiúk,Czechoslovakia-cseh,Turkey
MADÁCH Imre: Az ember tragédiája,Czechoslovakia-cseh,Turkey
GÁRDONYI Géza: A láthatatlan ember,Czechoslovakia-cseh,Turkey
DÉRY Tibor: Források:,Czechoslovakia-cseh,Turkey
DÉRY Tibor: Niki,Czechoslovakia-cseh,Turkey
PETŐFI Sándor: Források:,Czechoslovakia-cseh,Turkey
ILLÉS Béla: Szkipetárok,Czechoslovakia-cseh,UK
SZABÓ Magda: Disznótor,Czechoslovakia-cseh,UK
JÓZSEF Attila: Források:,Czechoslovakia-cseh,UK
MIKSZÁTH Kálmán: Szent Péter esernyője,Czechoslovakia-cseh,UK
NÉMETH László: Iszony,Czechoslovakia-cseh,UK
NÉMETH László: Bűn,Czechoslovakia-cseh,UK
GÁRDONYI Géza: A láthatatlan ember,Czechoslovakia-cseh,UK
ILLYÉS Gyula: Források:,Czechoslovakia-cseh,UK
RADNÓTI Miklós: Források:,Czechoslovakia-cseh,UK
DÉRY Tibor: Források:,Czechoslovakia-cseh,UK
DÉRY Tibor: Niki,Czechoslovakia-cseh,UK
LENGYEL József: Források:,Czechoslovakia-cseh,UK
PASSUTH László: Esőisten siratja Mexikót,Czechoslovakia-cseh,UK
ÖRKÉNY István: Macskajáték,Czechoslovakia-cseh,UK
FÜST Milán: A feleségem története,Czechoslovakia-cseh,UK
LENGYEL József: Prenn Ferenc hányatott élete,Czechoslovakia-cseh,UK
WEÖRES Sándor: Források:,Czechoslovakia-cseh,UK
KARINTHY Frigyes: Utazás Faremidóba; Capillária,Czechoslovakia-cseh,UK
KOSZTOLÁNYI Dezső: A véres költő (Nero),Czechoslovakia-cseh,UK
ADY Endre: Források:,Czechoslovakia-cseh,USA
ARANY János: Források:,Czechoslovakia-cseh,USA
JÓZSEF Attila: Források:,Czechoslovakia-cseh,USA
MADÁCH Imre: Az ember tragédiája,Czechoslovakia-cseh,USA
NÉMETH László: Iszony,Czechoslovakia-cseh,USA
SZÉKELY János (John Pen): Kísértés,Czechoslovakia-cseh,USA
ILLYÉS Gyula: Források:,Czechoslovakia-cseh,USA
RADNÓTI Miklós: Források:,Czechoslovakia-cseh,USA
DÉRY Tibor: Niki,Czechoslovakia-cseh,USA
FEJES Endre: Rozsdatemető,Czechoslovakia-cseh,USA
LENGYEL József: Források:,Czechoslovakia-cseh,USA
PASSUTH László: Esőisten siratja Mexikót,Czechoslovakia-cseh,USA
FÜST Milán: A feleségem története,Czechoslovakia-cseh,USA
OTTLIK Géza: Iskola a határon,Czechoslovakia-cseh,USA
PETŐFI Sándor: Források:,Czechoslovakia-cseh,USA
WEÖRES Sándor: Források:,Czechoslovakia-cseh,USA
KARINTHY Frigyes: Utazás Faremidóba; Capillária,Czechoslovakia-cseh,USA
NAGY Sándor: Megbékélés,Czechoslovakia-cseh,USSR-altaji
NAGY Sándor: Megbékélés,Czechoslovakia-cseh,USSR-azerbajdzsán
KARINTHY Frigyes: Tanár úr kérem,Czechoslovakia-cseh,USSR-azerbajdzsán
MÓRA Ferenc: Források:,Czechoslovakia-cseh,USSR-azerbajdzsán
RADNÓTI Miklós: Források:,Czechoslovakia-cseh,USSR-azerbajdzsán
JÓKAI Mór: Sárga rózsa,Czechoslovakia-cseh,USSR-azerbajdzsán
PETŐFI Sándor: Források:,Czechoslovakia-cseh,USSR-azerbajdzsán
PETŐFI Sándor: Források:,Czechoslovakia-cseh,USSR-baskir
NAGY Sándor: Megbékélés,Czechoslovakia-cseh,USSR-csuvas
NAGY Sándor: Megbékélés,Czechoslovakia-cseh,USSR-fehérorosz
PETŐFI Sándor: Források:,Czechoslovakia-cseh,USSR-fehérorosz
NAGY Sándor: Megbékélés,Czechoslovakia-cseh,USSR-finn
ADY Endre: Források:,Czechoslovakia-cseh,USSR-grúz
NAGY Sándor: Megbékélés,Czechoslovakia-cseh,USSR-grúz
PETŐFI Sándor: János vitéz,Czechoslovakia-cseh,USSR-grúz
MIKSZÁTH Kálmán: Beszterce ostroma,Czechoslovakia-cseh,USSR-grúz
MOLNÁR Ferenc: A Pál utcai fiúk,Czechoslovakia-cseh,USSR-grúz
MADÁCH Imre: Az ember tragédiája,Czechoslovakia-cseh,USSR-grúz
MIKSZÁTH Kálmán: Szent Péter esernyője,Czechoslovakia-cseh,USSR-grúz
SARKADI Imre: A gyáva,Czechoslovakia-cseh,USSR-grúz
BERKESI András: Sellő a pecsétgyűrűn,Czechoslovakia-cseh,USSR-grúz
PETŐFI Sándor: Források:,Czechoslovakia-cseh,USSR-grúz
JÓKAI Mór: Fekete gyémántok,Czechoslovakia-cseh,USSR-grúz
KARINTHY Frigyes: Utazás a koponyám körül,Czechoslovakia-cseh,USSR-grúz
ACZÉL Tamás: A szabadság árnyékában,Czechoslovakia-cseh,USSR-kazah
MIKSZÁTH Kálmán: Különös házasság,Czechoslovakia-cseh,USSR-kazah
NAGY Sándor: Megbékélés,Czechoslovakia-cseh,USSR-kazah
MIKSZÁTH Kálmán: Szent Péter esernyője,Czechoslovakia-cseh,USSR-kazah
ZALKA Máté: Források:,Czechoslovakia-cseh,USSR-kazah
TATAY Sándor: Puskák és galambok,Czechoslovakia-cseh,USSR-kazah
PETŐFI Sándor: Források:,Czechoslovakia-cseh,USSR-kazah
ZALKA Máté: Források:,Czechoslovakia-cseh,USSR-kirgiz
TATAY Sándor: Puskák és galambok,Czechoslovakia-cseh,USSR-kirgiz
ÖRKÉNY István: Tóték,Czechoslovakia-cseh,USSR-kirgiz
PETŐFI Sándor: Források:,Czechoslovakia-cseh,USSR-kirgiz
ACZÉL Tamás: Vihar és napsütés,Czechoslovakia-cseh,USSR-lett
ILLYÉS Gyula: Petőfi,Czechoslovakia-cseh,USSR-lett
MIKSZÁTH Kálmán: Különös házasság,Czechoslovakia-cseh,USSR-lett
SZABÓ Magda: Mondják meg Zsófikának,Czechoslovakia-cseh,USSR-lett
MÓRICZ Zsigmond: A boldog ember,Czechoslovakia-cseh,USSR-lett
ZALKA Máté: Doberdo,Czechoslovakia-cseh,USSR-lett
JÓZSEF Attila: Források:,Czechoslovakia-cseh,USSR-lett
JÓKAI Mór: A kőszívű ember fiai,Czechoslovakia-cseh,USSR-lett
MIKSZÁTH Kálmán: Szent Péter esernyője,Czechoslovakia-cseh,USSR-lett
ILLÉS Béla: Kárpáti rapszódia,Czechoslovakia-cseh,USSR-lett
NÉMETH László: Gyász,Czechoslovakia-cseh,USSR-lett
RADNÓTI Miklós: Források:,Czechoslovakia-cseh,USSR-lett
FEJES Endre: Rozsdatemető,Czechoslovakia-cseh,USSR-lett
SOMOGYI TÓTH Sándor: Gyerektükör,Czechoslovakia-cseh,USSR-lett
FEKETE Gyula: Az orvos halála,Czechoslovakia-cseh,USSR-lett
BERKESI András: Sellő a pecsétgyűrűn,Czechoslovakia-cseh,USSR-lett
PETŐFI Sándor: Források:,Czechoslovakia-cseh,USSR-lett
DÁNIEL Anna: Karambol,Czechoslovakia-cseh,USSR-lett
MIKSZÁTH Kálmán: Különös házasság,Czechoslovakia-cseh,USSR-litván
SZABÓ Magda: Mondják meg Zsófikának,Czechoslovakia-cseh,USSR-litván
MÓRICZ Zsigmond: Rokonok,Czechoslovakia-cseh,USSR-litván
MOLNÁR Ferenc: A Pál utcai fiúk,Czechoslovakia-cseh,USSR-litván
JÓKAI Mór: A kőszívű ember fiai,Czechoslovakia-cseh,USSR-litván
ZALKA Máté: Források:,Czechoslovakia-cseh,USSR-litván
ILLÉS Béla: Kárpáti rapszódia,Czechoslovakia-cseh,USSR-litván
NÉMETH László: Gyász,Czechoslovakia-cseh,USSR-litván
SZABÓ Magda: Álarcosbál,Czechoslovakia-cseh,USSR-litván
TATAY Sándor: Puskák és galambok,Czechoslovakia-cseh,USSR-litván
DÉRY Tibor: Források:,Czechoslovakia-cseh,USSR-litván
FEJES Endre: Rozsdatemető,Czechoslovakia-cseh,USSR-litván
JÓKAI Mór: Sárga rózsa,Czechoslovakia-cseh,USSR-litván
BERKESI András: Sellő a pecsétgyűrűn,Czechoslovakia-cseh,USSR-litván
FÜST Milán: A feleségem története,Czechoslovakia-cseh,USSR-litván
PETŐFI Sándor: Források:,Czechoslovakia-cseh,USSR-litván
JÓKAI Mór: Fekete gyémántok,Czechoslovakia-cseh,USSR-litván
ÖRSI Ferenc: A Tenkes kapitánya,Czechoslovakia-cseh,USSR-litván
GÁRDONYI Géza: Egri csillagok,Czechoslovakia-cseh,USSR-litván
NAGY Sándor: Megbékélés,Czechoslovakia-cseh,USSR-moldva
MOLNÁR Ferenc: A Pál utcai fiúk,Czechoslovakia-cseh,USSR-moldva
ZALKA Máté: Források:,Czechoslovakia-cseh,USSR-moldva
NAGY Lajos: Források:,Czechoslovakia-cseh,USSR-moldva
SÁNTA Ferenc: Az ötödik pecsét,Czechoslovakia-cseh,USSR-moldva
PETŐFI Sándor: Források:,Czechoslovakia-cseh,USSR-moldva
ACZÉL Tamás: A szabadság árnyékában,Czechoslovakia-cseh,USSR-orosz
ACZÉL Tamás: Vihar és napsütés,Czechoslovakia-cseh,USSR-orosz
ADY Endre: Források:,Czechoslovakia-cseh,USSR-orosz
ILLYÉS Gyula: Petőfi,Czechoslovakia-cseh,USSR-orosz
MIKSZÁTH Kálmán: Különös házasság,Czechoslovakia-cseh,USSR-orosz
MÓRICZ Zsigmond: Források:,Czechoslovakia-cseh,USSR-orosz
NAGY Sándor: Megbékélés,Czechoslovakia-cseh,USSR-orosz
PETŐFI Sándor: János vitéz,Czechoslovakia-cseh,USSR-orosz
SZABÓ Pál: Talpalatnyi föld,Czechoslovakia-cseh,USSR-orosz
URBÁN Ernő: Tűzkeresztség,Czechoslovakia-cseh,USSR-orosz
VERES Péter: Próbatétel,Czechoslovakia-cseh,USSR-orosz
SZABÓ Magda: Mondják meg Zsófikának,Czechoslovakia-cseh,USSR-orosz
ARANY János: Források:,Czechoslovakia-cseh,USSR-orosz
ILLÉS Béla: Honfoglalás,Czechoslovakia-cseh,USSR-orosz
KAFFKA Margit: Színek és évek,Czechoslovakia-cseh,USSR-orosz
MIKSZÁTH Kálmán: Beszterce ostroma,Czechoslovakia-cseh,USSR-orosz
MÓRICZ Zsigmond: Rokonok,Czechoslovakia-cseh,USSR-orosz
MÓRICZ Zsigmond: Úri muri,Czechoslovakia-cseh,USSR-orosz
ZALKA Máté: Doberdo,Czechoslovakia-cseh,USSR-orosz
JÓZSEF Attila: Források:,Czechoslovakia-cseh,USSR-orosz
MOLNÁR Ferenc: A Pál utcai fiúk,Czechoslovakia-cseh,USSR-orosz
MÓRICZ Zsigmond: Légy jó mindhalálig,Czechoslovakia-cseh,USSR-orosz
BERKESI András: Októberi vihar,Czechoslovakia-cseh,USSR-orosz
MADÁCH Imre: Az ember tragédiája,Czechoslovakia-cseh,USSR-orosz
ILLÉS Béla: Ég a Tisza,Czechoslovakia-cseh,USSR-orosz
JÓKAI Mór: A kőszívű ember fiai,Czechoslovakia-cseh,USSR-orosz
KÁLLAI István: Kötéltánc,Czechoslovakia-cseh,USSR-orosz
KARINTHY Frigyes: Tanár úr kérem,Czechoslovakia-cseh,USSR-orosz
MIKSZÁTH Kálmán: Szent Péter esernyője,Czechoslovakia-cseh,USSR-orosz
MÓRA Ferenc: Források:,Czechoslovakia-cseh,USSR-orosz
SÓS György: Pettyes kalandjai,Czechoslovakia-cseh,USSR-orosz
ZALKA Máté: Források:,Czechoslovakia-cseh,USSR-orosz
BÓKA László: Alázatosan jelentem,Czechoslovakia-cseh,USSR-orosz
ILLÉS Béla: Kárpáti rapszódia,Czechoslovakia-cseh,USSR-orosz
ILLYÉS Gyula: Források:,Czechoslovakia-cseh,USSR-orosz
NAGY Lajos: Források:,Czechoslovakia-cseh,USSR-orosz
NÉMETH László: Gyász,Czechoslovakia-cseh,USSR-orosz
RADNÓTI Miklós: Források:,Czechoslovakia-cseh,USSR-orosz
SZABÓ Magda: Álarcosbál,Czechoslovakia-cseh,USSR-orosz
TATAY Sándor: Puskák és galambok,Czechoslovakia-cseh,USSR-orosz
DÉRY Tibor: Források:,Czechoslovakia-cseh,USSR-orosz
FEJES Endre: Rozsdatemető,Czechoslovakia-cseh,USSR-orosz
KOSZTOLÁNYI Dezső: Források:,Czechoslovakia-cseh,USSR-orosz
SOMOGYI TÓTH Sándor: Gyerektükör,Czechoslovakia-cseh,USSR-orosz
BERKESI András−KARDOS György: Kopjások,Czechoslovakia-cseh,USSR-orosz
FEKETE Gyula: Az orvos halála,Czechoslovakia-cseh,USSR-orosz
LENGYEL József: Források:,Czechoslovakia-cseh,USSR-orosz
MURÁNYI KOVÁCS Endre: A firenzei varázsló,Czechoslovakia-cseh,USSR-orosz
ÖRKÉNY István: Macskajáték,Czechoslovakia-cseh,USSR-orosz
JÓKAI Mór: Sárga rózsa,Czechoslovakia-cseh,USSR-orosz
BERKESI András: Sellő a pecsétgyűrűn,Czechoslovakia-cseh,USSR-orosz
OTTLIK Géza: Iskola a határon,Czechoslovakia-cseh,USSR-orosz
SZAMOS Rudolf: Kántor nyomoz,Czechoslovakia-cseh,USSR-orosz
LENGYEL József: Prenn Ferenc hányatott élete,Czechoslovakia-cseh,USSR-orosz
PETŐFI Sándor: Források:,Czechoslovakia-cseh,USSR-orosz
BERTHA Bulcsu: A kenguru,Czechoslovakia-cseh,USSR-orosz
ÖRKÉNY István: Egyperces novellák,Czechoslovakia-cseh,USSR-orosz
WEÖRES Sándor: Források:,Czechoslovakia-cseh,USSR-orosz
JUHÁSZ Gyula: Források:,Czechoslovakia-cseh,USSR-orosz
JÓKAI Mór: Fekete gyémántok,Czechoslovakia-cseh,USSR-orosz
HALASI Mária: Az utolsó padban,Czechoslovakia-cseh,USSR-orosz
SZABÓ Magda: Régimódi történet,Czechoslovakia-cseh,USSR-orosz
VÖRÖSMARTY Mihály: Csongor és Tünde,Czechoslovakia-cseh,USSR-orosz
BABITS Mihály: Források:,Czechoslovakia-cseh,USSR-orosz
MIKSZÁTH Kálmán: A fekete város,Czechoslovakia-cseh,USSR-orosz
VÖRÖSMARTY Mihály: Források:,Czechoslovakia-cseh,USSR-orosz
DÉRY Tibor: Felelet,Czechoslovakia-cseh,USSR-orosz
NÉMETH László: Irgalom,Czechoslovakia-cseh,USSR-orosz
KRÚDY Gyula: Források:,Czechoslovakia-cseh,USSR-orosz
CSERES Tibor: Hideg napok,Czechoslovakia-cseh,USSR-orosz
KARINTHY Frigyes: Utazás Faremidóba; Capillária,Czechoslovakia-cseh,USSR-orosz
FEHÉR Klára: A teremtés koronája,Czechoslovakia-cseh,USSR-orosz
MESTERHÁZI Lajos: A tizenegyedik parancsolat,Czechoslovakia-cseh,USSR-orosz
KOSZTOLÁNYI Dezső: A véres költő (Nero),Czechoslovakia-cseh,USSR-orosz
GÁRDONYI Géza: Egri csillagok,Czechoslovakia-cseh,USSR-orosz
KERTÉSZ Ákos: Özvegyek,Czechoslovakia-cseh,USSR-orosz
MÓRA Ferenc: Források:,Czechoslovakia-cseh,USSR-tadzsik
SARKADI Imre: A gyáva,Czechoslovakia-cseh,USSR-tadzsik
JÓKAI Mór: Sárga rózsa,Czechoslovakia-cseh,USSR-tadzsik
PETŐFI Sándor: Források:,Czechoslovakia-cseh,USSR-tadzsik
KARINTHY Ferenc: Budapesti tavasz,Czechoslovakia-cseh,USSR-türkmén
SÁNTA Ferenc: Az ötödik pecsét,Czechoslovakia-cseh,USSR-türkmén
JÓKAI Mór: Sárga rózsa,Czechoslovakia-cseh,USSR-türkmén
PETŐFI Sándor: Források:,Czechoslovakia-cseh,USSR-türkmén
NAGY Sándor: Megbékélés,Czechoslovakia-cseh,USSR-udmurt
PETŐFI Sándor: Források:,Czechoslovakia-cseh,USSR-udmurt
ACZÉL Tamás: A szabadság árnyékában,Czechoslovakia-cseh,USSR-ukrán
ACZÉL Tamás: Vihar és napsütés,Czechoslovakia-cseh,USSR-ukrán
ADY Endre: Források:,Czechoslovakia-cseh,USSR-ukrán
ILKU Pál: Az osztály zendülői,Czechoslovakia-cseh,USSR-ukrán
MIKSZÁTH Kálmán: Különös házasság,Czechoslovakia-cseh,USSR-ukrán
MÓRICZ Zsigmond: Források:,Czechoslovakia-cseh,USSR-ukrán
PETŐFI Sándor: János vitéz,Czechoslovakia-cseh,USSR-ukrán
ZALKA Máté: Doberdo,Czechoslovakia-cseh,USSR-ukrán
JÓZSEF Attila: Források:,Czechoslovakia-cseh,USSR-ukrán
MOLNÁR Ferenc: A Pál utcai fiúk,Czechoslovakia-cseh,USSR-ukrán
BERKESI András: Októberi vihar,Czechoslovakia-cseh,USSR-ukrán
MADÁCH Imre: Az ember tragédiája,Czechoslovakia-cseh,USSR-ukrán
JÓKAI Mór: A kőszívű ember fiai,Czechoslovakia-cseh,USSR-ukrán
KARINTHY Frigyes: Tanár úr kérem,Czechoslovakia-cseh,USSR-ukrán
MIKSZÁTH Kálmán: Szent Péter esernyője,Czechoslovakia-cseh,USSR-ukrán
MÓRA Ferenc: Források:,Czechoslovakia-cseh,USSR-ukrán
SZABÓ Magda: Freskó,Czechoslovakia-cseh,USSR-ukrán
NÉMETH László: Bűn,Czechoslovakia-cseh,USSR-ukrán
ILLYÉS Gyula: Puszták népe,Czechoslovakia-cseh,USSR-ukrán
ILLÉS Béla: Kárpáti rapszódia,Czechoslovakia-cseh,USSR-ukrán
TATAY Sándor: Puskák és galambok,Czechoslovakia-cseh,USSR-ukrán
SOMOGYI TÓTH Sándor: Gyerektükör,Czechoslovakia-cseh,USSR-ukrán
BERKESI András−KARDOS György: Kopjások,Czechoslovakia-cseh,USSR-ukrán
JÓKAI Mór: Sárga rózsa,Czechoslovakia-cseh,USSR-ukrán
PETŐFI Sándor: Források:,Czechoslovakia-cseh,USSR-ukrán
BERTHA Bulcsu: A kenguru,Czechoslovakia-cseh,USSR-ukrán
CSUKÁS István: Keménykalap és krumpliorr,Czechoslovakia-cseh,USSR-ukrán
SZABÓ Magda: Régimódi történet,Czechoslovakia-cseh,USSR-ukrán
GÁRDONYI Géza: Egri csillagok,Czechoslovakia-cseh,USSR-ukrán
JÓKAI Anna: Tartozik és követel,Czechoslovakia-cseh,USSR-ukrán
MÓRICZ Zsigmond: Források:,Czechoslovakia-cseh,USSR-észt
MOLNÁR Ferenc: A Pál utcai fiúk,Czechoslovakia-cseh,USSR-észt
KARINTHY Frigyes: Tanár úr kérem,Czechoslovakia-cseh,USSR-észt
MIKSZÁTH Kálmán: Szent Péter esernyője,Czechoslovakia-cseh,USSR-észt
NÉMETH László: Iszony,Czechoslovakia-cseh,USSR-észt
ZALKA Máté: Források:,Czechoslovakia-cseh,USSR-észt
GÁRDONYI Géza: A láthatatlan ember,Czechoslovakia-cseh,USSR-észt
SARKADI Imre: A gyáva,Czechoslovakia-cseh,USSR-észt
TATAY Sándor: Puskák és galambok,Czechoslovakia-cseh,USSR-észt
FEJES Endre: Rozsdatemető,Czechoslovakia-cseh,USSR-észt
ÖRKÉNY István: Macskajáték,Czechoslovakia-cseh,USSR-észt
ÖRKÉNY István: Tóték,Czechoslovakia-cseh,USSR-észt
BABITS Mihály: A gólyakalifa,Czechoslovakia-cseh,USSR-észt
PETŐFI Sándor: Források:,Czechoslovakia-cseh,USSR-észt
GÁRDONYI Géza: Egri csillagok,Czechoslovakia-cseh,USSR-észt
MOLNÁR Ferenc: A Pál utcai fiúk,Czechoslovakia-cseh,USSR-örmény
MÓRA Ferenc: Források:,Czechoslovakia-cseh,USSR-örmény
SZILVÁSI Lajos: Appassionata,Czechoslovakia-cseh,USSR-örmény
TATAY Sándor: Puskák és galambok,Czechoslovakia-cseh,USSR-örmény
SÁNTA Ferenc: Az ötödik pecsét,Czechoslovakia-cseh,USSR-örmény
SOMOGYI TÓTH Sándor: Gyerektükör,Czechoslovakia-cseh,USSR-örmény
BERKESI András: Sellő a pecsétgyűrűn,Czechoslovakia-cseh,USSR-örmény
PETŐFI Sándor: Források:,Czechoslovakia-cseh,USSR-örmény
KOSZTOLÁNYI Dezső: A véres költő (Nero),Czechoslovakia-cseh,USSR-örmény
MIKSZÁTH Kálmán: Különös házasság,Czechoslovakia-cseh,USSR-üzbég
PETŐFI Sándor: János vitéz,Czechoslovakia-cseh,USSR-üzbég
ILLÉS Béla: Kárpáti rapszódia,Czechoslovakia-cseh,USSR-üzbég
NÉMETH László: Gyász,Czechoslovakia-cseh,USSR-üzbég
MÓRICZ Zsigmond: Rokonok,Czechoslovakia-cseh,Vietnam
JÓZSEF Attila: Források:,Czechoslovakia-cseh,Vietnam
PETŐFI Sándor: Források:,Czechoslovakia-cseh,Vietnam
KOSZTOLÁNYI Dezső: A véres költő (Nero),Czechoslovakia-cseh,Vietnam
GÁRDONYI Géza: Egri csillagok,Czechoslovakia-cseh,Vietnam
ADY Endre: Források:,Czechoslovakia-cseh,Yugoslavia
ILLYÉS Gyula: Petőfi,Czechoslovakia-cseh,Yugoslavia
MIKSZÁTH Kálmán: Különös házasság,Czechoslovakia-cseh,Yugoslavia
KARINTHY Ferenc: Budapesti tavasz,Czechoslovakia-cseh,Yugoslavia
MIKSZÁTH Kálmán: Beszterce ostroma,Czechoslovakia-cseh,Yugoslavia
MÓRICZ Zsigmond: Úri muri,Czechoslovakia-cseh,Yugoslavia
JÓZSEF Attila: Források:,Czechoslovakia-cseh,Yugoslavia
MOLNÁR Ferenc: A Pál utcai fiúk,Czechoslovakia-cseh,Yugoslavia
MÓRICZ Zsigmond: Légy jó mindhalálig,Czechoslovakia-cseh,Yugoslavia
KARINTHY Frigyes: Tanár úr kérem,Czechoslovakia-cseh,Yugoslavia
KOSZTOLÁNYI Dezső: Pacsirta,Czechoslovakia-cseh,Yugoslavia
MIKSZÁTH Kálmán: Szent Péter esernyője,Czechoslovakia-cseh,Yugoslavia
MÓRICZ Zsigmond: Rózsa Sándor a lovát ugratja,Czechoslovakia-cseh,Yugoslavia
NÉMETH László: Iszony,Czechoslovakia-cseh,Yugoslavia
SZABÓ Magda: Freskó,Czechoslovakia-cseh,Yugoslavia
NÉMETH László: Bűn,Czechoslovakia-cseh,Yugoslavia
GÁRDONYI Géza: A láthatatlan ember,Czechoslovakia-cseh,Yugoslavia
ILLYÉS Gyula: Puszták népe,Czechoslovakia-cseh,Yugoslavia
ILLÉS Béla: Kárpáti rapszódia,Czechoslovakia-cseh,Yugoslavia
ILLYÉS Gyula: Források:,Czechoslovakia-cseh,Yugoslavia
NÉMETH László: Gyász,Czechoslovakia-cseh,Yugoslavia
RADNÓTI Miklós: Források:,Czechoslovakia-cseh,Yugoslavia
SZABÓ Magda: Álarcosbál,Czechoslovakia-cseh,Yugoslavia
DÉRY Tibor: Források:,Czechoslovakia-cseh,Yugoslavia
DÉRY Tibor: Niki,Czechoslovakia-cseh,Yugoslavia
FEJES Endre: Rozsdatemető,Czechoslovakia-cseh,Yugoslavia
DÉRY Tibor: G. A. úr X-ben,Czechoslovakia-cseh,Yugoslavia
PASSUTH László: Esőisten siratja Mexikót,Czechoslovakia-cseh,Yugoslavia
SZABÓ Magda: Sziget-kék,Czechoslovakia-cseh,Yugoslavia
FÜST Milán: A feleségem története,Czechoslovakia-cseh,Yugoslavia
KAFFKA Margit: Hangyaboly,Czechoslovakia-cseh,Yugoslavia
OTTLIK Géza: Iskola a határon,Czechoslovakia-cseh,Yugoslavia
PETŐFI Sándor: Források:,Czechoslovakia-cseh,Yugoslavia
ÖRKÉNY István: Egyperces novellák,Czechoslovakia-cseh,Yugoslavia
WEÖRES Sándor: Források:,Czechoslovakia-cseh,Yugoslavia
JÓKAI Mór: Fekete gyémántok,Czechoslovakia-cseh,Yugoslavia
KOLOZSVÁRI GRANDPIERRE Emil: Nők apróban,Czechoslovakia-cseh,Yugoslavia
DÉRY Tibor: A befejezetlen mondat,Czechoslovakia-cseh,Yugoslavia
SZABÓ Magda: Régimódi történet,Czechoslovakia-cseh,Yugoslavia
KERTÉSZ Ákos: Makra,Czechoslovakia-cseh,Yugoslavia
SZERB Antal: A Pendragon legenda,Czechoslovakia-cseh,Yugoslavia
DOBAI Péter: A birodalom ezredese,Czechoslovakia-cseh,Yugoslavia
CSERES Tibor: Hideg napok,Czechoslovakia-cseh,Yugoslavia
MOLDOVA György: Sötét angyal,Czechoslovakia-cseh,Yugoslavia
GÁRDONYI Géza: Egri csillagok,Czechoslovakia-cseh,Yugoslavia
JÓZSEF Attila: Források:,Czechoslovakia-szlovák,Denmark
LENGYEL József: Források:,Czechoslovakia-szlovák,Denmark
HALASI Mária: Az utolsó padban,Czechoslovakia-szlovák,Denmark
PETŐFI Sándor: Források:,Czechoslovakia-szlovák,Egypt
ÖRKÉNY István: Tóték,Czechoslovakia-szlovák,Egypt
ADY Endre: Források:,Czechoslovakia-szlovák,Federal Republic of Germany
BALÁZS Béla: Álmodó ifjúság,Czechoslovakia-szlovák,Federal Republic of Germany
MOLNÁR Ferenc: A Pál utcai fiúk,Czechoslovakia-szlovák,Federal Republic of Germany
MURÁNYI KOVÁCS Endre: A firenzei varázsló,Czechoslovakia-szlovák,Federal Republic of Germany
FEJES Endre: Rozsdatemető,Czechoslovakia-szlovák,Federal Republic of Germany
HEGEDŰS Géza: A milétoszi hajós,Czechoslovakia-szlovák,Federal Republic of Germany
LENGYEL József: Források:,Czechoslovakia-szlovák,Federal Republic of Germany
KESZI Imre: Elysium,Czechoslovakia-szlovák,Federal Republic of Germany
NÉMETH László: Iszony,Czechoslovakia-szlovák,Federal Republic of Germany
RADNÓTI Miklós: Források:,Czechoslovakia-szlovák,Federal Republic of Germany
"REJTŐ Jenő: Piszkos Fred, a kapitány",Czechoslovakia-szlovák,Federal Republic of Germany
GÁRDONYI Géza: Egri csillagok,Czechoslovakia-szlovák,Federal Republic of Germany
FÜST Milán: A feleségem története,Czechoslovakia-szlovák,Federal Republic of Germany
DÉRY Tibor: A kiközösítő,Czechoslovakia-szlovák,Federal Republic of Germany
KOSZTOLÁNYI Dezső: Édes Anna,Czechoslovakia-szlovák,Federal Republic of Germany
BENEDEK István: Aranyketrec,Czechoslovakia-szlovák,Federal Republic of Germany
SZABÓ Magda: Katalin utca,Czechoslovakia-szlovák,Federal Republic of Germany
WEÖRES Sándor: Források:,Czechoslovakia-szlovák,Federal Republic of Germany
NÉMETH László: Gyász,Czechoslovakia-szlovák,Federal Republic of Germany
FEKETE István: Tüskevár,Czechoslovakia-szlovák,Federal Republic of Germany
SÁNTA Ferenc: Húsz óra,Czechoslovakia-szlovák,Federal Republic of Germany
HALASI Mária: Az utolsó padban,Czechoslovakia-szlovák,Federal Republic of Germany
KERTÉSZ Ákos: Makra,Czechoslovakia-szlovák,Federal Republic of Germany
FEKETE István: Bogáncs,Czechoslovakia-szlovák,Federal Republic of Germany
Márton Klára: Tessék engem elrabolni,Czechoslovakia-szlovák,Federal Republic of Germany
KRÚDY Gyula: Források:,Czechoslovakia-szlovák,Federal Republic of Germany
LAKATOS Menyhért: Füstös képek,Czechoslovakia-szlovák,Federal Republic of Germany
CSÁTH Géza: Források:,Czechoslovakia-szlovák,Federal Republic of Germany
ZSOLDOS Péter: Távoli tüz,Czechoslovakia-szlovák,Federal Republic of Germany
ZSOLDOS Péter: A Viking visszatér,Czechoslovakia-szlovák,Federal Republic of Germany
MÁNDY Iván: Csutak és a szürke ló,Czechoslovakia-szlovák,Federal Republic of Germany
MÁNDY Iván: Források:,Czechoslovakia-szlovák,Federal Republic of Germany
OTTLIK Géza: Iskola a határon,Czechoslovakia-szlovák,Federal Republic of Germany
BÓKAY János: Bohémek és pillangók: Puccini életregénye,Czechoslovakia-szlovák,Federal Republic of Germany
ADY Endre: Források:,Czechoslovakia-szlovák,Finland
MOLNÁR Ferenc: A Pál utcai fiúk,Czechoslovakia-szlovák,Finland
PETŐFI Sándor: Források:,Czechoslovakia-szlovák,Finland
VERES Péter: Próbatétel,Czechoslovakia-szlovák,Finland
FEJES Endre: Rozsdatemető,Czechoslovakia-szlovák,Finland
NÉMETH László: Iszony,Czechoslovakia-szlovák,Finland
GÁRDONYI Géza: Egri csillagok,Czechoslovakia-szlovák,Finland
WEÖRES Sándor: Források:,Czechoslovakia-szlovák,Finland
ILLYÉS Gyula: Kháron ladikján,Czechoslovakia-szlovák,Finland
HALASI Mária: Az utolsó padban,Czechoslovakia-szlovák,Finland
KERTÉSZ Ákos: Makra,Czechoslovakia-szlovák,Finland
LAKATOS Menyhért: Füstös képek,Czechoslovakia-szlovák,Finland
SZAKONYI Károly: Adáshiba,Czechoslovakia-szlovák,Finland
ADY Endre: Források:,Czechoslovakia-szlovák,France
FÖLDES Jolán: A halászó macska uccája,Czechoslovakia-szlovák,France
JÓZSEF Attila: Források:,Czechoslovakia-szlovák,France
MOLNÁR Ferenc: A Pál utcai fiúk,Czechoslovakia-szlovák,France
MÓRICZ Zsigmond: Légy jó mindhalálig,Czechoslovakia-szlovák,France
PETŐFI Sándor: Források:,Czechoslovakia-szlovák,France
VERES Péter: Próbatétel,Czechoslovakia-szlovák,France
MÓRICZ Zsigmond: A boldog ember,Czechoslovakia-szlovák,France
MÓRICZ Zsigmond: Rokonok,Czechoslovakia-szlovák,France
FEJES Endre: Rozsdatemető,Czechoslovakia-szlovák,France
LENGYEL József: Források:,Czechoslovakia-szlovák,France
KESZI Imre: Elysium,Czechoslovakia-szlovák,France
NÉMETH László: Iszony,Czechoslovakia-szlovák,France
RADNÓTI Miklós: Források:,Czechoslovakia-szlovák,France
SÁNTA Ferenc: Az ötödik pecsét,Czechoslovakia-szlovák,France
VÖRÖSMARTY Mihály: Csongor és Tünde,Czechoslovakia-szlovák,France
REJTŐ Jenő: Vesztegzár a Grand Hotelben,Czechoslovakia-szlovák,France
PASSUTH László: Esőisten siratja Mexikót,Czechoslovakia-szlovák,France
FÜST Milán: A feleségem története,Czechoslovakia-szlovák,France
DÉRY Tibor: A kiközösítő,Czechoslovakia-szlovák,France
ÖRKÉNY István: Tóték,Czechoslovakia-szlovák,France
JÓKAI Mór: A kőszívű ember fiai,Czechoslovakia-szlovák,France
SZABÓ Magda: Katalin utca,Czechoslovakia-szlovák,France
WEÖRES Sándor: Források:,Czechoslovakia-szlovák,France
ILLYÉS Gyula: Kháron ladikján,Czechoslovakia-szlovák,France
LAKATOS Menyhért: Füstös képek,Czechoslovakia-szlovák,France
ÖRKÉNY István: Egyperces novellák,Czechoslovakia-szlovák,France
TERSÁNSZKY Józsi Jenő: Kakuk Marci,Czechoslovakia-szlovák,France
OTTLIK Géza: Iskola a határon,Czechoslovakia-szlovák,France
ADY Endre: Források:,Czechoslovakia-szlovák,GDR
HELTAI Jenő: Álmokháza,Czechoslovakia-szlovák,GDR
ILLÉS Béla: Fegyvert s vitézt éneklek,Czechoslovakia-szlovák,GDR
JÓKAI Mór: Rab Ráby,Czechoslovakia-szlovák,GDR
JÓZSEF Attila: Források:,Czechoslovakia-szlovák,GDR
MIKSZÁTH Kálmán: A gavallérok,Czechoslovakia-szlovák,GDR
MIKSZÁTH Kálmán: A Noszty fiú esete Tóth Marival,Czechoslovakia-szlovák,GDR
MIKSZÁTH Kálmán: Beszterce ostroma,Czechoslovakia-szlovák,GDR
MIKSZÁTH Kálmán: Különös házasság,Czechoslovakia-szlovák,GDR
MIKSZÁTH Kálmán: Szent Péter esernyője,Czechoslovakia-szlovák,GDR
PALOTAI Boris: Puskásné,Czechoslovakia-szlovák,GDR
PETŐFI Sándor: Források:,Czechoslovakia-szlovák,GDR
SÁNDOR Kálmán: Szégyenfa − Fehér augusztus,Czechoslovakia-szlovák,GDR
SZABÓ Pál: Isten malmai,Czechoslovakia-szlovák,GDR
SZABÓ Pál: Talpalatnyi föld,Czechoslovakia-szlovák,GDR
VERES Péter: Három nemzedék − Szolgaság,Czechoslovakia-szlovák,GDR
VERES Péter: Próbatétel,Czechoslovakia-szlovák,GDR
ASZTALOS István: Szél fúvatlan nem indul,Czechoslovakia-szlovák,GDR
ILLÉS Béla: Honfoglalás,Czechoslovakia-szlovák,GDR
JÓKAI Mór: Az arany ember,Czechoslovakia-szlovák,GDR
MÓRA Ferenc: Kincskereső kisködmön,Czechoslovakia-szlovák,GDR
CSIKY Gergely: A proletárok,Czechoslovakia-szlovák,GDR
JÓKAI Mór: Janicsárok végnapjai,Czechoslovakia-szlovák,GDR
JÓKAI Mór: A lőcsei fehér asszony,Czechoslovakia-szlovák,GDR
KARINTHY Frigyes: Források:,Czechoslovakia-szlovák,GDR
MESTERHÁZI Lajos: Pár lépés a határ,Czechoslovakia-szlovák,GDR
ILLÉS Béla: Források:,Czechoslovakia-szlovák,GDR
MÓRICZ Zsigmond: A boldog ember,Czechoslovakia-szlovák,GDR
MÓRICZ Zsigmond: Forró mezők,Czechoslovakia-szlovák,GDR
MURÁNYI KOVÁCS Endre: A firenzei varázsló,Czechoslovakia-szlovák,GDR
MÓRICZ Zsigmond: Rokonok,Czechoslovakia-szlovák,GDR
FEJES Endre: Rozsdatemető,Czechoslovakia-szlovák,GDR
HEGEDŰS Géza: A milétoszi hajós,Czechoslovakia-szlovák,GDR
FEKETE Gyula: Az orvos halála,Czechoslovakia-szlovák,GDR
MESTERHÁZI Lajos: A tizenegyedik parancsolat,Czechoslovakia-szlovák,GDR
MESTERHÁZI Lajos: Az ártatlanság kora,Czechoslovakia-szlovák,GDR
NÉMETH László: Iszony,Czechoslovakia-szlovák,GDR
RADNÓTI Miklós: Források:,Czechoslovakia-szlovák,GDR
SÁNTA Ferenc: Az ötödik pecsét,Czechoslovakia-szlovák,GDR
THURY Zsuzsa: Egy fedél alatt,Czechoslovakia-szlovák,GDR
VÖRÖSMARTY Mihály: Csongor és Tünde,Czechoslovakia-szlovák,GDR
JÓKAI Mór: Források:,Czechoslovakia-szlovák,GDR
MIKSZÁTH Kálmán: A fekete város,Czechoslovakia-szlovák,GDR
ILLÉS Béla: Kárpáti rapszódia,Czechoslovakia-szlovák,GDR
GÁRDONYI Géza: Egri csillagok,Czechoslovakia-szlovák,GDR
FÜST Milán: A feleségem története,Czechoslovakia-szlovák,GDR
JÓKAI Mór: Kárpáthy Zoltán,Czechoslovakia-szlovák,GDR
DÉRY Tibor: A kiközösítő,Czechoslovakia-szlovák,GDR
HELTAI Jenő: Jaguár,Czechoslovakia-szlovák,GDR
JÓKAI Mór: A kőszívű ember fiai,Czechoslovakia-szlovák,GDR
FEKETE Gyula: Szerelmesek bolygója,Czechoslovakia-szlovák,GDR
KARINTHY Frigyes: Utazás Faremidóba; Capillária,Czechoslovakia-szlovák,GDR
SZABÓ Magda: Katalin utca,Czechoslovakia-szlovák,GDR
WEÖRES Sándor: Források:,Czechoslovakia-szlovák,GDR
NÉMETH László: Gyász,Czechoslovakia-szlovák,GDR
BABITS Mihály: Források:,Czechoslovakia-szlovák,GDR
DOBOZY Imre: A tizedes meg a többiek,Czechoslovakia-szlovák,GDR
ILLYÉS Gyula: Kháron ladikján,Czechoslovakia-szlovák,GDR
BERTHA Bulcsu: A kenguru,Czechoslovakia-szlovák,GDR
DARVAS József: Város az ingoványon,Czechoslovakia-szlovák,GDR
NAGY Lajos: Pincenapló,Czechoslovakia-szlovák,GDR
KERTÉSZ Ákos: Makra,Czechoslovakia-szlovák,GDR
KARINTHY Ferenc: Budapesti tavasz,Czechoslovakia-szlovák,GDR
CSURKA István: Források:,Czechoslovakia-szlovák,GDR
TATAY Sándor: Puskák és galambok,Czechoslovakia-szlovák,GDR
FÜST Milán: Források:,Czechoslovakia-szlovák,GDR
Márton Klára: Tessék engem elrabolni,Czechoslovakia-szlovák,GDR
PASSUTH László: Aranyködben fáznak az istenek,Czechoslovakia-szlovák,GDR
PASSUTH László: Madrigál: Carlo Gesualdo életregénye,Czechoslovakia-szlovák,GDR
THURY Zsuzsa: A tűzpiros üveggömb,Czechoslovakia-szlovák,GDR
KRÚDY Gyula: Források:,Czechoslovakia-szlovák,GDR
SZABÓ Magda: Születésnap,Czechoslovakia-szlovák,GDR
KOSZTOLÁNYI Dezső: A véres költő (Nero),Czechoslovakia-szlovák,GDR
SZILÁGYI István: Kő hull apadó kútba,Czechoslovakia-szlovák,GDR
Asperján György: Rohanj velem,Czechoslovakia-szlovák,GDR
LAKATOS Menyhért: Füstös képek,Czechoslovakia-szlovák,GDR
SCHWAJDA György: A szent család,Czechoslovakia-szlovák,GDR
ÖRKÉNY István: Egyperces novellák,Czechoslovakia-szlovák,GDR
MÁNDY Iván: Csutak és a szürke ló,Czechoslovakia-szlovák,GDR
MÁNDY Iván: Források:,Czechoslovakia-szlovák,GDR
TERSÁNSZKY Józsi Jenő: Kakuk Marci,Czechoslovakia-szlovák,GDR
OTTLIK Géza: Iskola a határon,Czechoslovakia-szlovák,GDR
BERKESI András: Sellő a pecsétgyűrűn,Czechoslovakia-szlovák,GDR
KAFFKA Margit: Színek és évek,Czechoslovakia-szlovák,GDR
SZAMOS Rudolf: Kántor nyomoz,Czechoslovakia-szlovák,GDR
BETLEN Oszkár: Élet a halál földjén,Czechoslovakia-szlovák,GDR
SÜTŐ András: Anyám könnyű álmot ígér,Czechoslovakia-szlovák,GDR
ANDRÁS László: Halál a Dunaparton,Czechoslovakia-szlovák,GDR
KERTÉSZ Ákos: Özvegyek,Czechoslovakia-szlovák,GDR
DOBOZY Imre: Holnap folytatjuk,Czechoslovakia-szlovák,GDR
MÓRICZ Zsigmond: Légy jó mindhalálig,Czechoslovakia-szlovák,Greece
GÁRDONYI Géza: Egri csillagok,Czechoslovakia-szlovák,Greece
HALASI Mária: Az utolsó padban,Czechoslovakia-szlovák,Greece
SZAKONYI Károly: Adáshiba,Czechoslovakia-szlovák,Greece
ADY Endre: Források:,Czechoslovakia-szlovák,Hungary
JÓZSEF Attila: Források:,Czechoslovakia-szlovák,Hungary
MADÁCH Imre: Az ember tragédiája,Czechoslovakia-szlovák,Hungary
MIKSZÁTH Kálmán: Beszterce ostroma,Czechoslovakia-szlovák,Hungary
MIKSZÁTH Kálmán: Különös házasság,Czechoslovakia-szlovák,Hungary
MIKSZÁTH Kálmán: Szent Péter esernyője,Czechoslovakia-szlovák,Hungary
MOLNÁR Ferenc: A Pál utcai fiúk,Czechoslovakia-szlovák,Hungary
MÓRA Ferenc: Aranykoporsó,Czechoslovakia-szlovák,Hungary
MÓRICZ Zsigmond: Légy jó mindhalálig,Czechoslovakia-szlovák,Hungary
PETŐFI Sándor: Források:,Czechoslovakia-szlovák,Hungary
PETŐFI Sándor: Az apostol,Czechoslovakia-szlovák,Hungary
JÓKAI Mór: Az arany ember,Czechoslovakia-szlovák,Hungary
MÓRA Ferenc: Kincskereső kisködmön,Czechoslovakia-szlovák,Hungary
MIKSZÁTH Kálmán: A beszélő köntös,Czechoslovakia-szlovák,Hungary
KARINTHY Frigyes: Források:,Czechoslovakia-szlovák,Hungary
MESTERHÁZI Lajos: Pár lépés a határ,Czechoslovakia-szlovák,Hungary
JÓKAI Mór: Szegény gazdagok,Czechoslovakia-szlovák,Hungary
MÓRICZ Zsigmond: Forró mezők,Czechoslovakia-szlovák,Hungary
MURÁNYI KOVÁCS Endre: A firenzei varázsló,Czechoslovakia-szlovák,Hungary
SZABÓ Magda: Mondják meg Zsófikának,Czechoslovakia-szlovák,Hungary
MÓRICZ Zsigmond: Rokonok,Czechoslovakia-szlovák,Hungary
GERGELY Márta: A mi lányunk,Czechoslovakia-szlovák,Hungary
HEGEDŰS Géza: A milétoszi hajós,Czechoslovakia-szlovák,Hungary
SZABÓ Magda: Álarcosbál,Czechoslovakia-szlovák,Hungary
FEHÉR Klára: A földrengések szigete,Czechoslovakia-szlovák,Hungary
FEKETE Gyula: Az orvos halála,Czechoslovakia-szlovák,Hungary
SZÁVA István: A szirakuzai óriás,Czechoslovakia-szlovák,Hungary
RADNÓTI Miklós: Források:,Czechoslovakia-szlovák,Hungary
SÁNTA Ferenc: Az ötödik pecsét,Czechoslovakia-szlovák,Hungary
JÓKAI Mór: Fekete gyémántok,Czechoslovakia-szlovák,Hungary
MIKSZÁTH Kálmán: A fekete város,Czechoslovakia-szlovák,Hungary
REJTŐ Jenő: Vesztegzár a Grand Hotelben,Czechoslovakia-szlovák,Hungary
ILLÉS Béla: Kárpáti rapszódia,Czechoslovakia-szlovák,Hungary
GÁRDONYI Géza: Egri csillagok,Czechoslovakia-szlovák,Hungary
FÜST Milán: A feleségem története,Czechoslovakia-szlovák,Hungary
KASSÁK Lajos: Források:,Czechoslovakia-szlovák,Hungary
DÉKÁNY András: Az elveszett sziget,Czechoslovakia-szlovák,Hungary
KOSZTOLÁNYI Dezső: Édes Anna,Czechoslovakia-szlovák,Hungary
BENEDEK István: Aranyketrec,Czechoslovakia-szlovák,Hungary
KARINTHY Frigyes: Utazás Faremidóba; Capillária,Czechoslovakia-szlovák,Hungary
PALOTAI Boris: Zöld dió,Czechoslovakia-szlovák,Hungary
SZERB Antal: A Pendragon legenda,Czechoslovakia-szlovák,Hungary
WEÖRES Sándor: Források:,Czechoslovakia-szlovák,Hungary
NÉMETH László: Gyász,Czechoslovakia-szlovák,Hungary
BABITS Mihály: Források:,Czechoslovakia-szlovák,Hungary
SÁNTA Ferenc: Húsz óra,Czechoslovakia-szlovák,Hungary
KARINTHY Ferenc: Budapesti tavasz,Czechoslovakia-szlovák,Hungary
FEKETE István: Bogáncs,Czechoslovakia-szlovák,Hungary
FÜST Milán: Források:,Czechoslovakia-szlovák,Hungary
KRÚDY Gyula: Források:,Czechoslovakia-szlovák,Hungary
KOSZTOLÁNYI Dezső: A véres költő (Nero),Czechoslovakia-szlovák,Hungary
DÉKÁNY András: S.O.S. Titanic!,Czechoslovakia-szlovák,Hungary
CSÁTH Géza: Források:,Czechoslovakia-szlovák,Hungary
TÓTH Árpád: Források:,Czechoslovakia-szlovák,Hungary
MÁNDY Iván: Források:,Czechoslovakia-szlovák,Hungary
TERSÁNSZKY Józsi Jenő: Kakuk Marci,Czechoslovakia-szlovák,Hungary
GERGELY Márta: Szöszi,Czechoslovakia-szlovák,Hungary
CSURKA István: Eredeti helyszin,Czechoslovakia-szlovák,Hungary
REJTŐ Jenő: A tizennégykarátos autó,Czechoslovakia-szlovák,Hungary
ADY Endre: Források:,Czechoslovakia-szlovák,India
PETŐFI Sándor: Források:,Czechoslovakia-szlovák,India
PETŐFI Sándor: Források:,Czechoslovakia-szlovák,Iran
VERES Péter: Próbatétel,Czechoslovakia-szlovák,Iran
CSIKY Gergely: A proletárok,Czechoslovakia-szlovák,Iran
ADY Endre: Források:,Czechoslovakia-szlovák,Israel
MOLNÁR Ferenc: A Pál utcai fiúk,Czechoslovakia-szlovák,Israel
MÓRICZ Zsigmond: Légy jó mindhalálig,Czechoslovakia-szlovák,Israel
PETŐFI Sándor: Források:,Czechoslovakia-szlovák,Israel
PETŐFI Sándor: Az apostol,Czechoslovakia-szlovák,Israel
RADNÓTI Miklós: Források:,Czechoslovakia-szlovák,Israel
ILLÉS Béla: Kárpáti rapszódia,Czechoslovakia-szlovák,Israel
ACZÉL Tamás: A szabadság árnyékában,Czechoslovakia-szlovák,Italy
ADY Endre: Források:,Czechoslovakia-szlovák,Italy
JÓZSEF Attila: Források:,Czechoslovakia-szlovák,Italy
MADÁCH Imre: Az ember tragédiája,Czechoslovakia-szlovák,Italy
MIKSZÁTH Kálmán: Szent Péter esernyője,Czechoslovakia-szlovák,Italy
MOLNÁR Ferenc: A Pál utcai fiúk,Czechoslovakia-szlovák,Italy
PETŐFI Sándor: Források:,Czechoslovakia-szlovák,Italy
VERES Péter: Próbatétel,Czechoslovakia-szlovák,Italy
FEJES Endre: Rozsdatemető,Czechoslovakia-szlovák,Italy
LENGYEL József: Források:,Czechoslovakia-szlovák,Italy
NÉMETH László: Iszony,Czechoslovakia-szlovák,Italy
RADNÓTI Miklós: Források:,Czechoslovakia-szlovák,Italy
GÁRDONYI Géza: Egri csillagok,Czechoslovakia-szlovák,Italy
DÉRY Tibor: A kiközösítő,Czechoslovakia-szlovák,Italy
SÁNTA Ferenc: Húsz óra,Czechoslovakia-szlovák,Italy
HALASI Mária: Az utolsó padban,Czechoslovakia-szlovák,Italy
ÖRKÉNY István: Egyperces novellák,Czechoslovakia-szlovák,Italy
BRÓDY Sándor: A tanítónő,Czechoslovakia-szlovák,Italy
MADÁCH Imre: Az ember tragédiája,Czechoslovakia-szlovák,Japan
PETŐFI Sándor: Források:,Czechoslovakia-szlovák,Japan
MESTERHÁZI Lajos: Pár lépés a határ,Czechoslovakia-szlovák,Japan
KESZI Imre: Elysium,Czechoslovakia-szlovák,Japan
ÖRKÉNY István: Tóték,Czechoslovakia-szlovák,Japan
KERTÉSZ Ákos: Makra,Czechoslovakia-szlovák,Japan
KARINTHY Ferenc: Budapesti tavasz,Czechoslovakia-szlovák,Japan
PASSUTH László: Esőisten siratja Mexikót,Czechoslovakia-szlovák,Mexico
PETŐFI Sándor: Források:,Czechoslovakia-szlovák,Mongolia
KARINTHY Ferenc: Budapesti tavasz,Czechoslovakia-szlovák,Mongolia
FÖLDES Jolán: A halászó macska uccája,Czechoslovakia-szlovák,Netherlands
ILLÉS Béla: Fegyvert s vitézt éneklek,Czechoslovakia-szlovák,Netherlands
MIKSZÁTH Kálmán: Szent Péter esernyője,Czechoslovakia-szlovák,Netherlands
NÉMETH László: Iszony,Czechoslovakia-szlovák,Netherlands
ILLÉS Béla: Kárpáti rapszódia,Czechoslovakia-szlovák,Netherlands
GÁRDONYI Géza: Egri csillagok,Czechoslovakia-szlovák,Netherlands
FÜST Milán: A feleségem története,Czechoslovakia-szlovák,Netherlands
ILLYÉS Gyula: Ebéd a kastélyban,Czechoslovakia-szlovák,Netherlands
GERGELY Márta: Szöszi,Czechoslovakia-szlovák,Netherlands
PETŐFI Sándor: Források:,Czechoslovakia-szlovák,North Korea
JÓZSEF Attila: Források:,Czechoslovakia-szlovák,Norway
MADÁCH Imre: Az ember tragédiája,Czechoslovakia-szlovák,Norway
PETŐFI Sándor: Források:,Czechoslovakia-szlovák,Norway
NÉMETH László: Iszony,Czechoslovakia-szlovák,Norway
KOSZTOLÁNYI Dezső: Édes Anna,Czechoslovakia-szlovák,Norway
HALASI Mária: Az utolsó padban,Czechoslovakia-szlovák,Norway
ACZÉL Tamás: A szabadság árnyékában,Czechoslovakia-szlovák,PR China
FAZEKAS Mihály: Lúdas Matyi,Czechoslovakia-szlovák,PR China
JÓZSEF Attila: Források:,Czechoslovakia-szlovák,PR China
MIKSZÁTH Kálmán: Szent Péter esernyője,Czechoslovakia-szlovák,PR China
PETŐFI Sándor: Források:,Czechoslovakia-szlovák,PR China
PETŐFI Sándor: Az apostol,Czechoslovakia-szlovák,PR China
SZABÓ Pál: Talpalatnyi föld,Czechoslovakia-szlovák,PR China
VERES Péter: Próbatétel,Czechoslovakia-szlovák,PR China
ILLÉS Béla: Honfoglalás,Czechoslovakia-szlovák,PR China
MÓRICZ Zsigmond: Árvácska,Czechoslovakia-szlovák,PR China
KARINTHY Frigyes: Források:,Czechoslovakia-szlovák,PR China
VÖRÖSMARTY Mihály: Csongor és Tünde,Czechoslovakia-szlovák,PR China
JÓKAI Mór: Források:,Czechoslovakia-szlovák,PR China
JÓKAI Mór: Egy magyar nábob,Czechoslovakia-szlovák,PR China
ILLÉS Béla: Kárpáti rapszódia,Czechoslovakia-szlovák,PR China
Hajnal Anna: Előre,Czechoslovakia-szlovák,PR China
ADY Endre: Források:,Czechoslovakia-szlovák,Poland
FÖLDES Jolán: A halászó macska uccája,Czechoslovakia-szlovák,Poland
GERGELY Sándor: Farkasok*,Czechoslovakia-szlovák,Poland
HELTAI Jenő: Álmokháza,Czechoslovakia-szlovák,Poland
ILLÉS Béla: Fegyvert s vitézt éneklek,Czechoslovakia-szlovák,Poland
ILLÉS Béla: Szkipetárok,Czechoslovakia-szlovák,Poland
JÓZSEF Attila: Források:,Czechoslovakia-szlovák,Poland
MADÁCH Imre: Az ember tragédiája,Czechoslovakia-szlovák,Poland
MIKSZÁTH Kálmán: A gavallérok,Czechoslovakia-szlovák,Poland
MIKSZÁTH Kálmán: A Noszty fiú esete Tóth Marival,Czechoslovakia-szlovák,Poland
MIKSZÁTH Kálmán: Beszterce ostroma,Czechoslovakia-szlovák,Poland
MIKSZÁTH Kálmán: Különös házasság,Czechoslovakia-szlovák,Poland
MIKSZÁTH Kálmán: Szent Péter esernyője,Czechoslovakia-szlovák,Poland
MOLNÁR Ferenc: A Pál utcai fiúk,Czechoslovakia-szlovák,Poland
MÓRICZ Zsigmond: Légy jó mindhalálig,Czechoslovakia-szlovák,Poland
PETŐFI Sándor: Források:,Czechoslovakia-szlovák,Poland
VERES Péter: Három nemzedék − Szolgaság,Czechoslovakia-szlovák,Poland
VERES Péter: Próbatétel,Czechoslovakia-szlovák,Poland
ASZTALOS István: Szél fúvatlan nem indul,Czechoslovakia-szlovák,Poland
JÓKAI Mór: Az arany ember,Czechoslovakia-szlovák,Poland
KARINTHY Frigyes: Források:,Czechoslovakia-szlovák,Poland
JÓKAI Mór: Szegény gazdagok,Czechoslovakia-szlovák,Poland
SZABÓ Magda: Mondják meg Zsófikának,Czechoslovakia-szlovák,Poland
MÓRICZ Zsigmond: Rokonok,Czechoslovakia-szlovák,Poland
FEJES Endre: Rozsdatemető,Czechoslovakia-szlovák,Poland
HEGEDŰS Géza: A milétoszi hajós,Czechoslovakia-szlovák,Poland
SZABÓ Magda: Álarcosbál,Czechoslovakia-szlovák,Poland
SZÁVA István: A szirakuzai óriás,Czechoslovakia-szlovák,Poland
NÉMETH László: Iszony,Czechoslovakia-szlovák,Poland
RADNÓTI Miklós: Források:,Czechoslovakia-szlovák,Poland
SÁNTA Ferenc: Az ötödik pecsét,Czechoslovakia-szlovák,Poland
JÓKAI Mór: Egy magyar nábob,Czechoslovakia-szlovák,Poland
MIKSZÁTH Kálmán: A fekete város,Czechoslovakia-szlovák,Poland
ILLÉS Béla: Kárpáti rapszódia,Czechoslovakia-szlovák,Poland
GÁRDONYI Géza: Egri csillagok,Czechoslovakia-szlovák,Poland
FÜST Milán: A feleségem története,Czechoslovakia-szlovák,Poland
KASSÁK Lajos: Források:,Czechoslovakia-szlovák,Poland
DÉRY Tibor: A kiközösítő,Czechoslovakia-szlovák,Poland
KOSZTOLÁNYI Dezső: Pacsirta,Czechoslovakia-szlovák,Poland
HUNYADY József: Hét tenger vándora,Czechoslovakia-szlovák,Poland
JÓKAI Mór: A kőszívű ember fiai,Czechoslovakia-szlovák,Poland
HERNÁDI Gyula: Az erőd,Czechoslovakia-szlovák,Poland
ILLYÉS Gyula: Ebéd a kastélyban,Czechoslovakia-szlovák,Poland
PALOTAI Boris: Zöld dió,Czechoslovakia-szlovák,Poland
SZERB Antal: A Pendragon legenda,Czechoslovakia-szlovák,Poland
WEÖRES Sándor: Források:,Czechoslovakia-szlovák,Poland
NÉMETH László: Gyász,Czechoslovakia-szlovák,Poland
FEKETE István: Tüskevár,Czechoslovakia-szlovák,Poland
ILLYÉS Gyula: Kháron ladikján,Czechoslovakia-szlovák,Poland
SÁNTA Ferenc: Húsz óra,Czechoslovakia-szlovák,Poland
DARVAS József: Város az ingoványon,Czechoslovakia-szlovák,Poland
NAGY Lajos: Pincenapló,Czechoslovakia-szlovák,Poland
GÁL György Sándor: Liszt Ferenc életének regénye,Czechoslovakia-szlovák,Poland
JÓKAI Anna: 4447,Czechoslovakia-szlovák,Poland
KERTÉSZ Ákos: Makra,Czechoslovakia-szlovák,Poland
SIMONFFY András: Idegen városban,Czechoslovakia-szlovák,Poland
KARINTHY Ferenc: Budapesti tavasz,Czechoslovakia-szlovák,Poland
VÁMOS Miklós: Borgisz,Czechoslovakia-szlovák,Poland
TATAY Sándor: Puskák és galambok,Czechoslovakia-szlovák,Poland
GÁLL István: A ménesgazda,Czechoslovakia-szlovák,Poland
Márton Klára: Tessék engem elrabolni,Czechoslovakia-szlovák,Poland
PASSUTH László: Madrigál: Carlo Gesualdo életregénye,Czechoslovakia-szlovák,Poland
LAKATOS Menyhért: Füstös képek,Czechoslovakia-szlovák,Poland
JÓKAI Anna: Jákob lajtorjája,Czechoslovakia-szlovák,Poland
MÁNDY Iván: Csutak és a szürke ló,Czechoslovakia-szlovák,Poland
OTTLIK Géza: Iskola a határon,Czechoslovakia-szlovák,Poland
BÓKAY János: Bohémek és pillangók: Puccini életregénye,Czechoslovakia-szlovák,Poland
KAFFKA Margit: Színek és évek,Czechoslovakia-szlovák,Poland
"SOMOGYI TÓTH Sándor: Próféta voltál, szívem",Czechoslovakia-szlovák,Poland
SÜTŐ András: Anyám könnyű álmot ígér,Czechoslovakia-szlovák,Poland
FÖLDES Jolán: A halászó macska uccája,Czechoslovakia-szlovák,Portugal
JÓZSEF Attila: Források:,Czechoslovakia-szlovák,Portugal
KARINTHY Ferenc: Budapesti tavasz,Czechoslovakia-szlovák,Portugal
ÖRKÉNY István: Egyperces novellák,Czechoslovakia-szlovák,Portugal
ACZÉL Tamás: A szabadság árnyékában,Czechoslovakia-szlovák,Romania
ADY Endre: Források:,Czechoslovakia-szlovák,Romania
FAZEKAS Mihály: Lúdas Matyi,Czechoslovakia-szlovák,Romania
GERGELY Sándor: Farkasok*,Czechoslovakia-szlovák,Romania
ILLÉS Béla: Fegyvert s vitézt éneklek,Czechoslovakia-szlovák,Romania
JÓZSEF Attila: Források:,Czechoslovakia-szlovák,Romania
MADÁCH Imre: Az ember tragédiája,Czechoslovakia-szlovák,Romania
MIKSZÁTH Kálmán: Különös házasság,Czechoslovakia-szlovák,Romania
MIKSZÁTH Kálmán: Szent Péter esernyője,Czechoslovakia-szlovák,Romania
MOLNÁR Ferenc: A Pál utcai fiúk,Czechoslovakia-szlovák,Romania
MÓRICZ Zsigmond: Légy jó mindhalálig,Czechoslovakia-szlovák,Romania
PETŐFI Sándor: Források:,Czechoslovakia-szlovák,Romania
PETŐFI Sándor: Az apostol,Czechoslovakia-szlovák,Romania
VERES Péter: Próbatétel,Czechoslovakia-szlovák,Romania
ASZTALOS István: Szél fúvatlan nem indul,Czechoslovakia-szlovák,Romania
ILLÉS Béla: Honfoglalás,Czechoslovakia-szlovák,Romania
JÓKAI Mór: Az arany ember,Czechoslovakia-szlovák,Romania
MÓRICZ Zsigmond: Rózsa Sándor a lovát ugratja − Rózsa Sándor összevonja a szemöldökét,Czechoslovakia-szlovák,Romania
EÖTVÖS József: A falu jegyzője,Czechoslovakia-szlovák,Romania
KARINTHY Frigyes: Források:,Czechoslovakia-szlovák,Romania
ILLÉS Béla: Források:,Czechoslovakia-szlovák,Romania
MÓRICZ Zsigmond: A boldog ember,Czechoslovakia-szlovák,Romania
MÓRICZ Zsigmond: Rokonok,Czechoslovakia-szlovák,Romania
FEJES Endre: Rozsdatemető,Czechoslovakia-szlovák,Romania
FEHÉR Klára: A földrengések szigete,Czechoslovakia-szlovák,Romania
FEKETE Gyula: Az orvos halála,Czechoslovakia-szlovák,Romania
NÉMETH László: Iszony,Czechoslovakia-szlovák,Romania
SÁNTA Ferenc: Az ötödik pecsét,Czechoslovakia-szlovák,Romania
JÓKAI Mór: Fekete gyémántok,Czechoslovakia-szlovák,Romania
MÓRICZ Zsigmond: Úri muri,Czechoslovakia-szlovák,Romania
ILLÉS Béla: Kárpáti rapszódia,Czechoslovakia-szlovák,Romania
GÁRDONYI Géza: Egri csillagok,Czechoslovakia-szlovák,Romania
FÜST Milán: A feleségem története,Czechoslovakia-szlovák,Romania
KASSÁK Lajos: Források:,Czechoslovakia-szlovák,Romania
DÉRY Tibor: A kiközösítő,Czechoslovakia-szlovák,Romania
JÓKAI Mór: A kőszívű ember fiai,Czechoslovakia-szlovák,Romania
HERNÁDI Gyula: Az erőd,Czechoslovakia-szlovák,Romania
WEÖRES Sándor: Források:,Czechoslovakia-szlovák,Romania
BABITS Mihály: Források:,Czechoslovakia-szlovák,Romania
JÓKAI Mór: A kis királyok,Czechoslovakia-szlovák,Romania
KERTÉSZ Ákos: Makra,Czechoslovakia-szlovák,Romania
PASSUTH László: Madrigál: Carlo Gesualdo életregénye,Czechoslovakia-szlovák,Romania
KRÚDY Gyula: Források:,Czechoslovakia-szlovák,Romania
KOSZTOLÁNYI Dezső: A véres költő (Nero),Czechoslovakia-szlovák,Romania
SZILÁGYI István: Kő hull apadó kútba,Czechoslovakia-szlovák,Romania
ÖRKÉNY István: Egyperces novellák,Czechoslovakia-szlovák,Romania
BERKESI András: A 13. ügynök,Czechoslovakia-szlovák,Romania
OTTLIK Géza: Iskola a határon,Czechoslovakia-szlovák,Romania
KAFFKA Margit: Színek és évek,Czechoslovakia-szlovák,Romania
BRÓDY Sándor: A tanítónő,Czechoslovakia-szlovák,Romania
BETLEN Oszkár: Élet a halál földjén,Czechoslovakia-szlovák,Romania
SÜTŐ András: Anyám könnyű álmot ígér,Czechoslovakia-szlovák,Romania
ADY Endre: Források:,Czechoslovakia-szlovák,Spain
JÓZSEF Attila: Források:,Czechoslovakia-szlovák,Spain
MIKSZÁTH Kálmán: Szent Péter esernyője,Czechoslovakia-szlovák,Spain
MOLNÁR Ferenc: A Pál utcai fiúk,Czechoslovakia-szlovák,Spain
JÓKAI Mór: Az arany ember,Czechoslovakia-szlovák,Spain
FEJES Endre: Rozsdatemető,Czechoslovakia-szlovák,Spain
NÉMETH László: Iszony,Czechoslovakia-szlovák,Spain
PASSUTH László: Esőisten siratja Mexikót,Czechoslovakia-szlovák,Spain
FÜST Milán: A feleségem története,Czechoslovakia-szlovák,Spain
HALASI Mária: Az utolsó padban,Czechoslovakia-szlovák,Spain
KERTÉSZ Ákos: Makra,Czechoslovakia-szlovák,Spain
PASSUTH László: Nápolyi Johanna,Czechoslovakia-szlovák,Spain
PASSUTH László: Madrigál: Carlo Gesualdo életregénye,Czechoslovakia-szlovák,Spain
OTTLIK Géza: Iskola a határon,Czechoslovakia-szlovák,Spain
ADY Endre: Források:,Czechoslovakia-szlovák,Sweden
MOLNÁR Ferenc: A Pál utcai fiúk,Czechoslovakia-szlovák,Sweden
PETŐFI Sándor: Források:,Czechoslovakia-szlovák,Sweden
JÓKAI Mór: Az arany ember,Czechoslovakia-szlovák,Sweden
NÉMETH László: Iszony,Czechoslovakia-szlovák,Sweden
FÜST Milán: A feleségem története,Czechoslovakia-szlovák,Sweden
DÉRY Tibor: A kiközösítő,Czechoslovakia-szlovák,Sweden
SZABÓ Magda: Katalin utca,Czechoslovakia-szlovák,Sweden
WEÖRES Sándor: Források:,Czechoslovakia-szlovák,Sweden
NÉMETH László: Gyász,Czechoslovakia-szlovák,Sweden
ILLYÉS Gyula: Kháron ladikján,Czechoslovakia-szlovák,Sweden
KERTÉSZ Ákos: Makra,Czechoslovakia-szlovák,Sweden
ÖRKÉNY István: Egyperces novellák,Czechoslovakia-szlovák,Sweden
OTTLIK Géza: Iskola a határon,Czechoslovakia-szlovák,Sweden
"SOMOGYI TÓTH Sándor: Próféta voltál, szívem",Czechoslovakia-szlovák,Sweden
BALÁZS Béla: Álmodó ifjúság,Czechoslovakia-szlovák,Switzerland
JÓZSEF Attila: Források:,Czechoslovakia-szlovák,Switzerland
MIKSZÁTH Kálmán: A Noszty fiú esete Tóth Marival,Czechoslovakia-szlovák,Switzerland
MIKSZÁTH Kálmán: Szent Péter esernyője,Czechoslovakia-szlovák,Switzerland
JÓKAI Mór: Az arany ember,Czechoslovakia-szlovák,Switzerland
MÓRICZ Zsigmond: Árvácska,Czechoslovakia-szlovák,Switzerland
KARINTHY Frigyes: Források:,Czechoslovakia-szlovák,Switzerland
JÓKAI Mór: Források:,Czechoslovakia-szlovák,Switzerland
JÓKAI Mór: Az új földesúr,Czechoslovakia-szlovák,Switzerland
MADÁCH Imre: Az ember tragédiája,Czechoslovakia-szlovák,Turkey
MOLNÁR Ferenc: A Pál utcai fiúk,Czechoslovakia-szlovák,Turkey
PETŐFI Sándor: Források:,Czechoslovakia-szlovák,Turkey
SZABÓ Dezső: Az elsodort falu,Czechoslovakia-szlovák,Turkey
JÓKAI Mór: Az arany ember,Czechoslovakia-szlovák,Turkey
JÓKAI Mór: Az új földesúr,Czechoslovakia-szlovák,Turkey
KARINTHY Ferenc: Budapesti tavasz,Czechoslovakia-szlovák,Turkey
ILLÉS Béla: Szkipetárok,Czechoslovakia-szlovák,UK
JÓZSEF Attila: Források:,Czechoslovakia-szlovák,UK
MIKSZÁTH Kálmán: Szent Péter esernyője,Czechoslovakia-szlovák,UK
LENGYEL József: Források:,Czechoslovakia-szlovák,UK
NÉMETH László: Iszony,Czechoslovakia-szlovák,UK
RADNÓTI Miklós: Források:,Czechoslovakia-szlovák,UK
PASSUTH László: Esőisten siratja Mexikót,Czechoslovakia-szlovák,UK
FÜST Milán: A feleségem története,Czechoslovakia-szlovák,UK
KOSZTOLÁNYI Dezső: Édes Anna,Czechoslovakia-szlovák,UK
KARINTHY Frigyes: Utazás Faremidóba; Capillária,Czechoslovakia-szlovák,UK
WEÖRES Sándor: Források:,Czechoslovakia-szlovák,UK
KOSZTOLÁNYI Dezső: A véres költő (Nero),Czechoslovakia-szlovák,UK
CSÁTH Géza: Források:,Czechoslovakia-szlovák,UK
ADY Endre: Források:,Czechoslovakia-szlovák,USA
JÓZSEF Attila: Források:,Czechoslovakia-szlovák,USA
MADÁCH Imre: Az ember tragédiája,Czechoslovakia-szlovák,USA
PETŐFI Sándor: Források:,Czechoslovakia-szlovák,USA
FEJES Endre: Rozsdatemető,Czechoslovakia-szlovák,USA
LENGYEL József: Források:,Czechoslovakia-szlovák,USA
NÉMETH László: Iszony,Czechoslovakia-szlovák,USA
RADNÓTI Miklós: Források:,Czechoslovakia-szlovák,USA
PASSUTH László: Esőisten siratja Mexikót,Czechoslovakia-szlovák,USA
FÜST Milán: A feleségem története,Czechoslovakia-szlovák,USA
KARINTHY Frigyes: Utazás Faremidóba; Capillária,Czechoslovakia-szlovák,USA
WEÖRES Sándor: Források:,Czechoslovakia-szlovák,USA
CSÁTH Géza: Források:,Czechoslovakia-szlovák,USA
OTTLIK Géza: Iskola a határon,Czechoslovakia-szlovák,USA
PETŐFI Sándor: Források:,Czechoslovakia-szlovák,USSR-azerbajdzsán
RADNÓTI Miklós: Források:,Czechoslovakia-szlovák,USSR-azerbajdzsán
SZABÓ Magda: Katalin utca,Czechoslovakia-szlovák,USSR-azerbajdzsán
PETŐFI Sándor: Források:,Czechoslovakia-szlovák,USSR-baskir
PETŐFI Sándor: Források:,Czechoslovakia-szlovák,USSR-fehérorosz
ADY Endre: Források:,Czechoslovakia-szlovák,USSR-grúz
MADÁCH Imre: Az ember tragédiája,Czechoslovakia-szlovák,USSR-grúz
MIKSZÁTH Kálmán: Beszterce ostroma,Czechoslovakia-szlovák,USSR-grúz
MIKSZÁTH Kálmán: Szent Péter esernyője,Czechoslovakia-szlovák,USSR-grúz
MOLNÁR Ferenc: A Pál utcai fiúk,Czechoslovakia-szlovák,USSR-grúz
PETŐFI Sándor: Források:,Czechoslovakia-szlovák,USSR-grúz
JÓKAI Mór: Az arany ember,Czechoslovakia-szlovák,USSR-grúz
MÓRA Ferenc: Kincskereső kisködmön,Czechoslovakia-szlovák,USSR-grúz
JÓKAI Mór: Fekete gyémántok,Czechoslovakia-szlovák,USSR-grúz
HELTAI Jenő: Jaguár,Czechoslovakia-szlovák,USSR-grúz
BERKESI András: A 13. ügynök,Czechoslovakia-szlovák,USSR-grúz
BERKESI András: Sellő a pecsétgyűrűn,Czechoslovakia-szlovák,USSR-grúz
ACZÉL Tamás: A szabadság árnyékában,Czechoslovakia-szlovák,USSR-kazah
MIKSZÁTH Kálmán: Különös házasság,Czechoslovakia-szlovák,USSR-kazah
MIKSZÁTH Kálmán: Szent Péter esernyője,Czechoslovakia-szlovák,USSR-kazah
PETŐFI Sándor: Források:,Czechoslovakia-szlovák,USSR-kazah
TATAY Sándor: Puskák és galambok,Czechoslovakia-szlovák,USSR-kazah
PETŐFI Sándor: Források:,Czechoslovakia-szlovák,USSR-kirgiz
ÖRKÉNY István: Tóték,Czechoslovakia-szlovák,USSR-kirgiz
TATAY Sándor: Puskák és galambok,Czechoslovakia-szlovák,USSR-kirgiz
ACZÉL Tamás: Vihar és napsütés,Czechoslovakia-szlovák,USSR-lett
JÓZSEF Attila: Források:,Czechoslovakia-szlovák,USSR-lett
MIKSZÁTH Kálmán: Különös házasság,Czechoslovakia-szlovák,USSR-lett
MIKSZÁTH Kálmán: Szent Péter esernyője,Czechoslovakia-szlovák,USSR-lett
PETŐFI Sándor: Források:,Czechoslovakia-szlovák,USSR-lett
MÓRICZ Zsigmond: A boldog ember,Czechoslovakia-szlovák,USSR-lett
SZABÓ Magda: Mondják meg Zsófikának,Czechoslovakia-szlovák,USSR-lett
FEJES Endre: Rozsdatemető,Czechoslovakia-szlovák,USSR-lett
SOMOGYI TÓTH Sándor: Gyerektükör,Czechoslovakia-szlovák,USSR-lett
FEKETE Gyula: Az orvos halála,Czechoslovakia-szlovák,USSR-lett
RADNÓTI Miklós: Források:,Czechoslovakia-szlovák,USSR-lett
ILLÉS Béla: Kárpáti rapszódia,Czechoslovakia-szlovák,USSR-lett
GÁRDONYI Géza: Hosszúhajú veszedelem,Czechoslovakia-szlovák,USSR-lett
JÓKAI Mór: A kőszívű ember fiai,Czechoslovakia-szlovák,USSR-lett
NÉMETH László: Gyász,Czechoslovakia-szlovák,USSR-lett
FEKETE István: Tüskevár,Czechoslovakia-szlovák,USSR-lett
BERKESI András: Sellő a pecsétgyűrűn,Czechoslovakia-szlovák,USSR-lett
GERGELY Márta: Szöszi,Czechoslovakia-szlovák,USSR-lett
MIKSZÁTH Kálmán: Különös házasság,Czechoslovakia-szlovák,USSR-litván
MOLNÁR Ferenc: A Pál utcai fiúk,Czechoslovakia-szlovák,USSR-litván
PETŐFI Sándor: Források:,Czechoslovakia-szlovák,USSR-litván
JÓKAI Mór: Az arany ember,Czechoslovakia-szlovák,USSR-litván
MÓRA Ferenc: Kincskereső kisködmön,Czechoslovakia-szlovák,USSR-litván
SZABÓ Magda: Mondják meg Zsófikának,Czechoslovakia-szlovák,USSR-litván
MÓRICZ Zsigmond: Rokonok,Czechoslovakia-szlovák,USSR-litván
FEJES Endre: Rozsdatemető,Czechoslovakia-szlovák,USSR-litván
SZABÓ Magda: Álarcosbál,Czechoslovakia-szlovák,USSR-litván
JÓKAI Mór: Egy magyar nábob,Czechoslovakia-szlovák,USSR-litván
JÓKAI Mór: Fekete gyémántok,Czechoslovakia-szlovák,USSR-litván
ILLÉS Béla: Kárpáti rapszódia,Czechoslovakia-szlovák,USSR-litván
GÁRDONYI Géza: Egri csillagok,Czechoslovakia-szlovák,USSR-litván
FÜST Milán: A feleségem története,Czechoslovakia-szlovák,USSR-litván
KOSZTOLÁNYI Dezső: Édes Anna,Czechoslovakia-szlovák,USSR-litván
JÓKAI Mór: A kőszívű ember fiai,Czechoslovakia-szlovák,USSR-litván
NÉMETH László: Gyász,Czechoslovakia-szlovák,USSR-litván
GÁL György Sándor: Liszt Ferenc életének regénye,Czechoslovakia-szlovák,USSR-litván
TATAY Sándor: Puskák és galambok,Czechoslovakia-szlovák,USSR-litván
MÁNDY Iván: Csutak és a szürke ló,Czechoslovakia-szlovák,USSR-litván
BERKESI András: Sellő a pecsétgyűrűn,Czechoslovakia-szlovák,USSR-litván
MOLNÁR Ferenc: A Pál utcai fiúk,Czechoslovakia-szlovák,USSR-moldva
PETŐFI Sándor: Források:,Czechoslovakia-szlovák,USSR-moldva
SÁNTA Ferenc: Az ötödik pecsét,Czechoslovakia-szlovák,USSR-moldva
SZABÓ Magda: Születésnap,Czechoslovakia-szlovák,USSR-moldva
GERGELY Márta: Szöszi,Czechoslovakia-szlovák,USSR-moldva
ACZÉL Tamás: A szabadság árnyékában,Czechoslovakia-szlovák,USSR-orosz
ACZÉL Tamás: Vihar és napsütés,Czechoslovakia-szlovák,USSR-orosz
ADY Endre: Források:,Czechoslovakia-szlovák,USSR-orosz
JÓZSEF Attila: Források:,Czechoslovakia-szlovák,USSR-orosz
MADÁCH Imre: Az ember tragédiája,Czechoslovakia-szlovák,USSR-orosz
MIKSZÁTH Kálmán: A gavallérok,Czechoslovakia-szlovák,USSR-orosz
MIKSZÁTH Kálmán: Beszterce ostroma,Czechoslovakia-szlovák,USSR-orosz
MIKSZÁTH Kálmán: Különös házasság,Czechoslovakia-szlovák,USSR-orosz
MIKSZÁTH Kálmán: Szent Péter esernyője,Czechoslovakia-szlovák,USSR-orosz
MOLNÁR Ferenc: A Pál utcai fiúk,Czechoslovakia-szlovák,USSR-orosz
MÓRA Ferenc: Aranykoporsó,Czechoslovakia-szlovák,USSR-orosz
MÓRICZ Zsigmond: Légy jó mindhalálig,Czechoslovakia-szlovák,USSR-orosz
PETŐFI Sándor: Források:,Czechoslovakia-szlovák,USSR-orosz
SZABÓ Pál: Talpalatnyi föld,Czechoslovakia-szlovák,USSR-orosz
VERES Péter: Próbatétel,Czechoslovakia-szlovák,USSR-orosz
HELTAI Jenő: A néma levente,Czechoslovakia-szlovák,USSR-orosz
ILLÉS Béla: Honfoglalás,Czechoslovakia-szlovák,USSR-orosz
JÓKAI Mór: Az arany ember,Czechoslovakia-szlovák,USSR-orosz
MÓRA Ferenc: Kincskereső kisködmön,Czechoslovakia-szlovák,USSR-orosz
SZABÓ Pál: Új föld,Czechoslovakia-szlovák,USSR-orosz
EÖTVÖS József: A falu jegyzője,Czechoslovakia-szlovák,USSR-orosz
KARINTHY Frigyes: Források:,Czechoslovakia-szlovák,USSR-orosz
MESTERHÁZI Lajos: Pár lépés a határ,Czechoslovakia-szlovák,USSR-orosz
ILLÉS Béla: Források:,Czechoslovakia-szlovák,USSR-orosz
MÓRICZ Zsigmond: Forró mezők,Czechoslovakia-szlovák,USSR-orosz
MURÁNYI KOVÁCS Endre: A firenzei varázsló,Czechoslovakia-szlovák,USSR-orosz
SZABÓ Magda: Mondják meg Zsófikának,Czechoslovakia-szlovák,USSR-orosz
GERGELY Márta: Házasságból elégséges,Czechoslovakia-szlovák,USSR-orosz
MÓRICZ Zsigmond: Rokonok,Czechoslovakia-szlovák,USSR-orosz
FEJES Endre: Rozsdatemető,Czechoslovakia-szlovák,USSR-orosz
SOMOGYI TÓTH Sándor: Gyerektükör,Czechoslovakia-szlovák,USSR-orosz
SZABÓ Magda: Álarcosbál,Czechoslovakia-szlovák,USSR-orosz
DARVAS József: Részeg eső,Czechoslovakia-szlovák,USSR-orosz
FEKETE Gyula: Az orvos halála,Czechoslovakia-szlovák,USSR-orosz
JUHÁSZ Gyula: Források:,Czechoslovakia-szlovák,USSR-orosz
LENGYEL József: Források:,Czechoslovakia-szlovák,USSR-orosz
MESTERHÁZI Lajos: A tizenegyedik parancsolat,Czechoslovakia-szlovák,USSR-orosz
MESTERHÁZI Lajos: Az ártatlanság kora,Czechoslovakia-szlovák,USSR-orosz
RADNÓTI Miklós: Források:,Czechoslovakia-szlovák,USSR-orosz
THURY Zsuzsa: Egy fedél alatt,Czechoslovakia-szlovák,USSR-orosz
VÖRÖSMARTY Mihály: Csongor és Tünde,Czechoslovakia-szlovák,USSR-orosz
JÓKAI Mór: Egy magyar nábob,Czechoslovakia-szlovák,USSR-orosz
JÓKAI Mór: Fekete gyémántok,Czechoslovakia-szlovák,USSR-orosz
MIKSZÁTH Kálmán: A fekete város,Czechoslovakia-szlovák,USSR-orosz
MÓRICZ Zsigmond: Úri muri,Czechoslovakia-szlovák,USSR-orosz
BERKESI András: Pisztrángok és nagyhalak,Czechoslovakia-szlovák,USSR-orosz
ILLÉS Béla: Kárpáti rapszódia,Czechoslovakia-szlovák,USSR-orosz
GÁRDONYI Géza: Egri csillagok,Czechoslovakia-szlovák,USSR-orosz
KASSÁK Lajos: Források:,Czechoslovakia-szlovák,USSR-orosz
HELTAI Jenő: Jaguár,Czechoslovakia-szlovák,USSR-orosz
JÓKAI Mór: A kőszívű ember fiai,Czechoslovakia-szlovák,USSR-orosz
KARINTHY Frigyes: Utazás Faremidóba; Capillária,Czechoslovakia-szlovák,USSR-orosz
WEÖRES Sándor: Források:,Czechoslovakia-szlovák,USSR-orosz
NÉMETH László: Gyász,Czechoslovakia-szlovák,USSR-orosz
BABITS Mihály: Források:,Czechoslovakia-szlovák,USSR-orosz
FEKETE István: Tüskevár,Czechoslovakia-szlovák,USSR-orosz
SÁNTA Ferenc: Húsz óra,Czechoslovakia-szlovák,USSR-orosz
BERTHA Bulcsu: A kenguru,Czechoslovakia-szlovák,USSR-orosz
HALASI Mária: Az utolsó padban,Czechoslovakia-szlovák,USSR-orosz
GÁL György Sándor: Liszt Ferenc életének regénye,Czechoslovakia-szlovák,USSR-orosz
TATAY Sándor: Puskák és galambok,Czechoslovakia-szlovák,USSR-orosz
PASSUTH László: Aranyködben fáznak az istenek,Czechoslovakia-szlovák,USSR-orosz
KRÚDY Gyula: Források:,Czechoslovakia-szlovák,USSR-orosz
SZABÓ Magda: Születésnap,Czechoslovakia-szlovák,USSR-orosz
KOSZTOLÁNYI Dezső: A véres költő (Nero),Czechoslovakia-szlovák,USSR-orosz
ÖRKÉNY István: Egyperces novellák,Czechoslovakia-szlovák,USSR-orosz
OTTLIK Géza: Iskola a határon,Czechoslovakia-szlovák,USSR-orosz
BERKESI András: Sellő a pecsétgyűrűn,Czechoslovakia-szlovák,USSR-orosz
GERGELY Márta: Szöszi,Czechoslovakia-szlovák,USSR-orosz
KAFFKA Margit: Színek és évek,Czechoslovakia-szlovák,USSR-orosz
SZAMOS Rudolf: Kántor nyomoz,Czechoslovakia-szlovák,USSR-orosz
KERTÉSZ Ákos: Özvegyek,Czechoslovakia-szlovák,USSR-orosz
PETŐFI Sándor: Források:,Czechoslovakia-szlovák,USSR-tadzsik
PETŐFI Sándor: Források:,Czechoslovakia-szlovák,USSR-türkmén
SÁNTA Ferenc: Az ötödik pecsét,Czechoslovakia-szlovák,USSR-türkmén
KARINTHY Ferenc: Budapesti tavasz,Czechoslovakia-szlovák,USSR-türkmén
PETŐFI Sándor: Források:,Czechoslovakia-szlovák,USSR-udmurt
ACZÉL Tamás: A szabadság árnyékában,Czechoslovakia-szlovák,USSR-ukrán
ACZÉL Tamás: Vihar és napsütés,Czechoslovakia-szlovák,USSR-ukrán
ADY Endre: Források:,Czechoslovakia-szlovák,USSR-ukrán
JÓZSEF Attila: Források:,Czechoslovakia-szlovák,USSR-ukrán
MADÁCH Imre: Az ember tragédiája,Czechoslovakia-szlovák,USSR-ukrán
MIKSZÁTH Kálmán: Különös házasság,Czechoslovakia-szlovák,USSR-ukrán
MIKSZÁTH Kálmán: Szent Péter esernyője,Czechoslovakia-szlovák,USSR-ukrán
MOLNÁR Ferenc: A Pál utcai fiúk,Czechoslovakia-szlovák,USSR-ukrán
PETŐFI Sándor: Források:,Czechoslovakia-szlovák,USSR-ukrán
PETŐFI Sándor: Az apostol,Czechoslovakia-szlovák,USSR-ukrán
SOMOGYI TÓTH Sándor: Gyerektükör,Czechoslovakia-szlovák,USSR-ukrán
DARVAS József: Részeg eső,Czechoslovakia-szlovák,USSR-ukrán
ILLÉS Béla: Kárpáti rapszódia,Czechoslovakia-szlovák,USSR-ukrán
GÁRDONYI Géza: Egri csillagok,Czechoslovakia-szlovák,USSR-ukrán
JÓKAI Mór: A kőszívű ember fiai,Czechoslovakia-szlovák,USSR-ukrán
DOBOZY Imre: A tizedes meg a többiek,Czechoslovakia-szlovák,USSR-ukrán
SÁNTA Ferenc: Húsz óra,Czechoslovakia-szlovák,USSR-ukrán
BERTHA Bulcsu: A kenguru,Czechoslovakia-szlovák,USSR-ukrán
TATAY Sándor: Puskák és galambok,Czechoslovakia-szlovák,USSR-ukrán
SZABÓ Magda: Születésnap,Czechoslovakia-szlovák,USSR-ukrán
BERKESI András: A 13. ügynök,Czechoslovakia-szlovák,USSR-ukrán
MIKSZÁTH Kálmán: Szent Péter esernyője,Czechoslovakia-szlovák,USSR-észt
MOLNÁR Ferenc: A Pál utcai fiúk,Czechoslovakia-szlovák,USSR-észt
PETŐFI Sándor: Források:,Czechoslovakia-szlovák,USSR-észt
JÓKAI Mór: Az arany ember,Czechoslovakia-szlovák,USSR-észt
MÓRA Ferenc: Kincskereső kisködmön,Czechoslovakia-szlovák,USSR-észt
MESTERHÁZI Lajos: Pár lépés a határ,Czechoslovakia-szlovák,USSR-észt
FEJES Endre: Rozsdatemető,Czechoslovakia-szlovák,USSR-észt
NÉMETH László: Iszony,Czechoslovakia-szlovák,USSR-észt
GÁRDONYI Géza: Egri csillagok,Czechoslovakia-szlovák,USSR-észt
ÖRKÉNY István: Tóték,Czechoslovakia-szlovák,USSR-észt
HERNÁDI Gyula: Az erőd,Czechoslovakia-szlovák,USSR-észt
SZABÓ Magda: Katalin utca,Czechoslovakia-szlovák,USSR-észt
TATAY Sándor: Puskák és galambok,Czechoslovakia-szlovák,USSR-észt
LÁZÁR Ervin: A hétfejű tündér,Czechoslovakia-szlovák,USSR-észt
"SOMOGYI TÓTH Sándor: Próféta voltál, szívem",Czechoslovakia-szlovák,USSR-észt
MOLNÁR Ferenc: A Pál utcai fiúk,Czechoslovakia-szlovák,USSR-örmény
PETŐFI Sándor: Források:,Czechoslovakia-szlovák,USSR-örmény
JÓKAI Mór: Az arany ember,Czechoslovakia-szlovák,USSR-örmény
MÓRA Ferenc: Kincskereső kisködmön,Czechoslovakia-szlovák,USSR-örmény
MÓRICZ Zsigmond: Forró mezők,Czechoslovakia-szlovák,USSR-örmény
SOMOGYI TÓTH Sándor: Gyerektükör,Czechoslovakia-szlovák,USSR-örmény
SÁNTA Ferenc: Az ötödik pecsét,Czechoslovakia-szlovák,USSR-örmény
TATAY Sándor: Puskák és galambok,Czechoslovakia-szlovák,USSR-örmény
KOSZTOLÁNYI Dezső: A véres költő (Nero),Czechoslovakia-szlovák,USSR-örmény
BERKESI András: Sellő a pecsétgyűrűn,Czechoslovakia-szlovák,USSR-örmény
GERGELY Márta: Szöszi,Czechoslovakia-szlovák,USSR-örmény
MIKSZÁTH Kálmán: Különös házasság,Czechoslovakia-szlovák,USSR-üzbég
MÓRA Ferenc: Kincskereső kisködmön,Czechoslovakia-szlovák,USSR-üzbég
ILLÉS Béla: Kárpáti rapszódia,Czechoslovakia-szlovák,USSR-üzbég
NÉMETH László: Gyász,Czechoslovakia-szlovák,USSR-üzbég
BERKESI András: A 13. ügynök,Czechoslovakia-szlovák,USSR-üzbég
SZABÓ Magda: Katalin utca,Czechoslovakia-szlovák,Venezuela
JÓZSEF Attila: Források:,Czechoslovakia-szlovák,Vietnam
PETŐFI Sándor: Források:,Czechoslovakia-szlovák,Vietnam
MÓRICZ Zsigmond: Rokonok,Czechoslovakia-szlovák,Vietnam
GÁRDONYI Géza: Egri csillagok,Czechoslovakia-szlovák,Vietnam
KOSZTOLÁNYI Dezső: A véres költő (Nero),Czechoslovakia-szlovák,Vietnam
ADY Endre: Források:,Czechoslovakia-szlovák,Yugoslavia
JÓZSEF Attila: Források:,Czechoslovakia-szlovák,Yugoslavia
MIKSZÁTH Kálmán: Beszterce ostroma,Czechoslovakia-szlovák,Yugoslavia
MIKSZÁTH Kálmán: Különös házasság,Czechoslovakia-szlovák,Yugoslavia
MIKSZÁTH Kálmán: Szent Péter esernyője,Czechoslovakia-szlovák,Yugoslavia
MOLNÁR Ferenc: A Pál utcai fiúk,Czechoslovakia-szlovák,Yugoslavia
MÓRICZ Zsigmond: Légy jó mindhalálig,Czechoslovakia-szlovák,Yugoslavia
PETŐFI Sándor: Források:,Czechoslovakia-szlovák,Yugoslavia
JÓKAI Mór: Az arany ember,Czechoslovakia-szlovák,Yugoslavia
JÓKAI Mór: Szegény gazdagok,Czechoslovakia-szlovák,Yugoslavia
FEJES Endre: Rozsdatemető,Czechoslovakia-szlovák,Yugoslavia
SZABÓ Magda: Álarcosbál,Czechoslovakia-szlovák,Yugoslavia
DARVAS József: Részeg eső,Czechoslovakia-szlovák,Yugoslavia
NÉMETH László: Iszony,Czechoslovakia-szlovák,Yugoslavia
RADNÓTI Miklós: Források:,Czechoslovakia-szlovák,Yugoslavia
JÓKAI Mór: Egy magyar nábob,Czechoslovakia-szlovák,Yugoslavia
JÓKAI Mór: Fekete gyémántok,Czechoslovakia-szlovák,Yugoslavia
MÓRICZ Zsigmond: Úri muri,Czechoslovakia-szlovák,Yugoslavia
ILLÉS Béla: Kárpáti rapszódia,Czechoslovakia-szlovák,Yugoslavia
PASSUTH László: Esőisten siratja Mexikót,Czechoslovakia-szlovák,Yugoslavia
GÁRDONYI Géza: Egri csillagok,Czechoslovakia-szlovák,Yugoslavia
FÜST Milán: A feleségem története,Czechoslovakia-szlovák,Yugoslavia
JÓKAI Mór: Kárpáthy Zoltán,Czechoslovakia-szlovák,Yugoslavia
KOSZTOLÁNYI Dezső: Pacsirta,Czechoslovakia-szlovák,Yugoslavia
PASSUTH László: Ravennában temették Rómát,Czechoslovakia-szlovák,Yugoslavia
JÓKAI Mór: Az új földesúr,Czechoslovakia-szlovák,Yugoslavia
ILLYÉS Gyula: Ebéd a kastélyban,Czechoslovakia-szlovák,Yugoslavia
SZERB Antal: A Pendragon legenda,Czechoslovakia-szlovák,Yugoslavia
WEÖRES Sándor: Források:,Czechoslovakia-szlovák,Yugoslavia
NÉMETH László: Gyász,Czechoslovakia-szlovák,Yugoslavia
GÁL György Sándor−SOMOGYI Vilmos: Mesél a bécsi erdő,Czechoslovakia-szlovák,Yugoslavia
KERTÉSZ Ákos: Makra,Czechoslovakia-szlovák,Yugoslavia
KARINTHY Ferenc: Budapesti tavasz,Czechoslovakia-szlovák,Yugoslavia
SZABÓ Magda: Születésnap,Czechoslovakia-szlovák,Yugoslavia
CSÁTH Géza: Források:,Czechoslovakia-szlovák,Yugoslavia
JÓKAI Anna: Jákob lajtorjája,Czechoslovakia-szlovák,Yugoslavia
ÖRKÉNY István: Egyperces novellák,Czechoslovakia-szlovák,Yugoslavia
OTTLIK Géza: Iskola a határon,Czechoslovakia-szlovák,Yugoslavia
BÓKAY János: Bohémek és pillangók: Puccini életregénye,Czechoslovakia-szlovák,Yugoslavia
"SOMOGYI TÓTH Sándor: Próféta voltál, szívem",Czechoslovakia-szlovák,Yugoslavia
MÁRAI Sándor: Az igazi,Denmark,Federal Republic of Germany
VASZARY Gábor: Alszik az Isten,Denmark,Federal Republic of Germany
DÉRY Tibor: Niki,Denmark,Federal Republic of Germany
HALASI Mária: Az utolsó padban,Denmark,Federal Republic of Germany
SZABÓ Magda: Az őz,Denmark,Federal Republic of Germany
MÉSZÖLY Miklós: Az atléta halála,Denmark,Federal Republic of Germany
LENGYEL József: Források:,Denmark,Federal Republic of Germany
KONRÁD György: A látogató,Denmark,Federal Republic of Germany
DÉRY Tibor: Kedves Bópeer...!,Denmark,Federal Republic of Germany
GALGÓCZI Erzsébet: Törvényen belül,Denmark,Federal Republic of Germany
ESTERHÁZY Péter: A szív segédigéi,Denmark,Federal Republic of Germany
NÁDAS Péter: Egy családregény vége,Denmark,Federal Republic of Germany
FALUDY György: Pokolbéli vig napjaim,Denmark,Federal Republic of Germany
MÁRAI Sándor: Az igazi,Denmark,Finland
ZILAHY Lajos: Ararát,Denmark,Finland
DÉRY Tibor: Niki,Denmark,Finland
HALASI Mária: Az utolsó padban,Denmark,Finland
SZABÓ Magda: Az őz,Denmark,Finland
KONRÁD György: A látogató,Denmark,Finland
DÉRY Tibor: Kedves Bópeer...!,Denmark,Finland
ZILAHY Lajos: Ararát,Denmark,France
DÉRY Tibor: Niki,Denmark,France
SZABÓ Magda: Az őz,Denmark,France
JÓZSEF Attila: Források:,Denmark,France
MÉSZÖLY Miklós: Az atléta halála,Denmark,France
LENGYEL József: Források:,Denmark,France
KONRÁD György: A látogató,Denmark,France
DÉRY Tibor: Kedves Bópeer...!,Denmark,France
DARVAS József: Vízkereszttől Szilveszterig,Denmark,GDR
SZABÓ Magda: Az őz,Denmark,GDR
JÓZSEF Attila: Források:,Denmark,GDR
DÉRY Tibor: Kedves Bópeer...!,Denmark,GDR
HALASI Mária: Az utolsó padban,Denmark,Greece
JÓZSEF Attila: Források:,Denmark,Hungary
DÉRY Tibor: Niki,Denmark,Italy
HALASI Mária: Az utolsó padban,Denmark,Italy
SZABÓ Magda: Az őz,Denmark,Italy
JÓZSEF Attila: Források:,Denmark,Italy
LENGYEL József: Források:,Denmark,Italy
KONRÁD György: A látogató,Denmark,Italy
ESTERHÁZY Péter: A szív segédigéi,Denmark,Italy
KONRÁD György: A látogató,Denmark,Japan
VASZARY Gábor: Alszik az Isten,Denmark,Netherlands
SZABÓ Magda: Az őz,Denmark,Netherlands
KONRÁD György: A látogató,Denmark,Netherlands
GALGÓCZI Erzsébet: Törvényen belül,Denmark,Netherlands
NÁDAS Péter: Egy családregény vége,Denmark,Netherlands
ZILAHY Lajos: Ararát,Denmark,Norway
DÉRY Tibor: Niki,Denmark,Norway
HALASI Mária: Az utolsó padban,Denmark,Norway
JÓZSEF Attila: Források:,Denmark,Norway
KONRÁD György: A látogató,Denmark,Norway
VÁMOS Miklós: Zenga Zének,Denmark,Norway
NÁDAS Péter: Egy családregény vége,Denmark,Norway
JÓZSEF Attila: Források:,Denmark,PR China
DÉRY Tibor: Niki,Denmark,Poland
SZABÓ Magda: Az őz,Denmark,Poland
JÓZSEF Attila: Források:,Denmark,Poland
MÉSZÖLY Miklós: Az atléta halála,Denmark,Poland
NÁDAS Péter: Egy családregény vége,Denmark,Poland
JÓZSEF Attila: Források:,Denmark,Portugal
JÓZSEF Attila: Források:,Denmark,Romania
MÁRAI Sándor: Az igazi,Denmark,Spain
ZILAHY Lajos: Ararát,Denmark,Spain
HALASI Mária: Az utolsó padban,Denmark,Spain
SZABÓ Magda: Az őz,Denmark,Spain
JÓZSEF Attila: Források:,Denmark,Spain
DÉRY Tibor: Kedves Bópeer...!,Denmark,Spain
ZILAHY Lajos: Ararát,Denmark,Sweden
DÉRY Tibor: Niki,Denmark,Sweden
SZABÓ Magda: Az őz,Denmark,Sweden
KONRÁD György: A látogató,Denmark,Sweden
GALGÓCZI Erzsébet: Törvényen belül,Denmark,Sweden
VÁMOS Miklós: Zenga Zének,Denmark,Sweden
LÁZÁR Ervin: Források:,Denmark,Sweden
ESTERHÁZY Péter: A szív segédigéi,Denmark,Sweden
NÁDAS Péter: Egy családregény vége,Denmark,Sweden
JÓZSEF Attila: Források:,Denmark,Switzerland
DÉRY Tibor: Niki,Denmark,Turkey
DÉRY Tibor: Niki,Denmark,UK
SZABÓ Magda: Az őz,Denmark,UK
JÓZSEF Attila: Források:,Denmark,UK
LENGYEL József: Források:,Denmark,UK
KONRÁD György: A látogató,Denmark,UK
FALUDY György: Pokolbéli vig napjaim,Denmark,UK
ZILAHY Lajos: Ararát,Denmark,USA
DÉRY Tibor: Niki,Denmark,USA
SZABÓ Magda: Az őz,Denmark,USA
JÓZSEF Attila: Források:,Denmark,USA
LENGYEL József: Források:,Denmark,USA
KONRÁD György: A látogató,Denmark,USA
DÉRY Tibor: Kedves Bópeer...!,Denmark,USSR-fehérorosz
DÉRY Tibor: Kedves Bópeer...!,Denmark,USSR-grúz
JÓZSEF Attila: Források:,Denmark,USSR-lett
DÉRY Tibor: Kedves Bópeer...!,Denmark,USSR-moldva
HALASI Mária: Az utolsó padban,Denmark,USSR-orosz
JÓZSEF Attila: Források:,Denmark,USSR-orosz
LENGYEL József: Források:,Denmark,USSR-orosz
DÉRY Tibor: Kedves Bópeer...!,Denmark,USSR-orosz
LÁZÁR Ervin: Források:,Denmark,USSR-orosz
JÓZSEF Attila: Források:,Denmark,USSR-ukrán
DÉRY Tibor: Kedves Bópeer...!,Denmark,USSR-észt
JÓZSEF Attila: Források:,Denmark,Vietnam
ZILAHY Lajos: Ararát,Denmark,Yugoslavia
DÉRY Tibor: Niki,Denmark,Yugoslavia
SZABÓ Magda: Az őz,Denmark,Yugoslavia
JÓZSEF Attila: Források:,Denmark,Yugoslavia
DÉRY Tibor: Kedves Bópeer...!,Denmark,Yugoslavia
GALGÓCZI Erzsébet: Törvényen belül,Denmark,Yugoslavia
ESTERHÁZY Péter: A szív segédigéi,Denmark,Yugoslavia
NÁDAS Péter: Egy családregény vége,Denmark,Yugoslavia
VASZARY Gábor: Monpti,Egypt,Federal Republic of Germany
PETŐFI Sándor: Források:,Egypt,Finland
PETŐFI Sándor: Források:,Egypt,France
ÖRKÉNY István: Tóték,Egypt,France
PETŐFI Sándor: Források:,Egypt,GDR
PETŐFI Sándor: Források:,Egypt,Hungary
PETŐFI Sándor: Források:,Egypt,India
PETŐFI Sándor: Források:,Egypt,Iran
PETŐFI Sándor: Források:,Egypt,Israel
PETŐFI Sándor: Források:,Egypt,Italy
PETŐFI Sándor: Források:,Egypt,Japan
ÖRKÉNY István: Tóték,Egypt,Japan
PETŐFI Sándor: Források:,Egypt,Mongolia
VASZARY Gábor: Monpti,Egypt,Netherlands
PETŐFI Sándor: Források:,Egypt,North Korea
PETŐFI Sándor: Források:,Egypt,Norway
PETŐFI Sándor: Források:,Egypt,PR China
ARANY János: Toldi,Egypt,PR China
PETŐFI Sándor: Források:,Egypt,Poland
PETŐFI Sándor: Források:,Egypt,Romania
VASZARY Gábor: Monpti,Egypt,South Korea
VASZARY Gábor: Monpti,Egypt,Spain
PETŐFI Sándor: Források:,Egypt,Sweden
PETŐFI Sándor: Források:,Egypt,Turkey
PETŐFI Sándor: Források:,Egypt,USA
PETŐFI Sándor: Források:,Egypt,USSR-azerbajdzsán
PETŐFI Sándor: Források:,Egypt,USSR-baskir
PETŐFI Sándor: Források:,Egypt,USSR-fehérorosz
PETŐFI Sándor: Források:,Egypt,USSR-grúz
PETŐFI Sándor: Források:,Egypt,USSR-kazah
PETŐFI Sándor: Források:,Egypt,USSR-kirgiz
ÖRKÉNY István: Tóték,Egypt,USSR-kirgiz
PETŐFI Sándor: Források:,Egypt,USSR-lett
PETŐFI Sándor: Források:,Egypt,USSR-litván
PETŐFI Sándor: Források:,Egypt,USSR-moldva
PETŐFI Sándor: Források:,Egypt,USSR-orosz
PETŐFI Sándor: Források:,Egypt,USSR-tadzsik
PETŐFI Sándor: Források:,Egypt,USSR-türkmén
PETŐFI Sándor: Források:,Egypt,USSR-udmurt
PETŐFI Sándor: Források:,Egypt,USSR-ukrán
PETŐFI Sándor: Források:,Egypt,USSR-észt
ÖRKÉNY István: Tóték,Egypt,USSR-észt
PETŐFI Sándor: Források:,Egypt,USSR-örmény
PETŐFI Sándor: Források:,Egypt,Vietnam
PETŐFI Sándor: Források:,Egypt,Yugoslavia
MÁRAI Sándor: Az igazi,Federal Republic of Germany,Finland
MOLNÁR Ferenc: A Pál utcai fiúk,Federal Republic of Germany,Finland
NÉMETH László: Iszony,Federal Republic of Germany,Finland
SZABÓ Magda: Az őz,Federal Republic of Germany,Finland
SZABÓ Magda: Disznótor,Federal Republic of Germany,Finland
HALASI Mária: Az utolsó padban,Federal Republic of Germany,Finland
JUHÁSZ Ferenc: Források:,Federal Republic of Germany,Finland
FEJES Endre: Rozsdatemető,Federal Republic of Germany,Finland
MÓRICZ Zsigmond: Források:,Federal Republic of Germany,Finland
MÉSZÖLY Miklós: Saulus,Federal Republic of Germany,Finland
WEÖRES Sándor: Források:,Federal Republic of Germany,Finland
KONRÁD György: A látogató,Federal Republic of Germany,Finland
DÉRY Tibor: Kedves Bópeer...!,Federal Republic of Germany,Finland
KERTÉSZ Ákos: Makra,Federal Republic of Germany,Finland
LAKATOS Menyhért: Füstös képek,Federal Republic of Germany,Finland
ILLYÉS Gyula: Források:,Federal Republic of Germany,Finland
HARSÁNYI Zsolt: Magyar rapszódia: Liszt életének regénye,Federal Republic of Germany,Finland
BABITS Mihály: A gólyakalifa,Federal Republic of Germany,Finland
DÉRY Tibor: Niki,Federal Republic of Germany,Finland
KONRÁD György: A cinkos,Federal Republic of Germany,Finland
ILLYÉS Gyula: Puszták népe,Federal Republic of Germany,Finland
ADY Endre: Források:,Federal Republic of Germany,Finland
KOSZTOLÁNYI Dezső: Források:,Federal Republic of Germany,Finland
CSOÓRI Sándor: Források:,Federal Republic of Germany,Finland
SZÁSZ Imre: Felhőfejes,Federal Republic of Germany,Finland
HARSÁNYI Zsolt: Élni jó. Rubens életének regénye,Federal Republic of Germany,Finland
GÁRDONYI Géza: Egri csillagok,Federal Republic of Germany,Finland
HARSÁNYI Zsolt: És mégis mozog a föld,Federal Republic of Germany,France
JUST Béla: Allegro barbaro,Federal Republic of Germany,France
KÖRMENDI Ferenc: A budapesti kaland,Federal Republic of Germany,France
MOLNÁR Ferenc: A Pál utcai fiúk,Federal Republic of Germany,France
JUST Béla: Az eszelősök,Federal Republic of Germany,France
DÉRY Tibor: Források:,Federal Republic of Germany,France
NÉMETH László: Iszony,Federal Republic of Germany,France
SZABÓ Magda: Az őz,Federal Republic of Germany,France
SZABÓ Magda: Freskó,Federal Republic of Germany,France
DÉRY Tibor: A befejezetlen mondat,Federal Republic of Germany,France
FÜST Milán: A feleségem története,Federal Republic of Germany,France
HERNÁDI Gyula: A péntek lépcsőin,Federal Republic of Germany,France
KESZI Imre: Elysium,Federal Republic of Germany,France
OTTLIK Géza: Iskola a határon,Federal Republic of Germany,France
LENGYEL József: Források:,Federal Republic of Germany,France
SZABÓ Magda: Pilátus,Federal Republic of Germany,France
DÉRY Tibor: G. A. úr X-ben,Federal Republic of Germany,France
FEJES Endre: Rozsdatemető,Federal Republic of Germany,France
"SZABÓ Magda: Mózes egy, huszonkettő",Federal Republic of Germany,France
DÉRY Tibor: A kiközösítő,Federal Republic of Germany,France
MÉSZÖLY Miklós: Saulus,Federal Republic of Germany,France
SZABÓ Magda: Katalin utca,Federal Republic of Germany,France
WEÖRES Sándor: Források:,Federal Republic of Germany,France
KARDOS G. György: Avraham Bogatir hét napja,Federal Republic of Germany,France
MÉSZÖLY Miklós: Az atléta halála,Federal Republic of Germany,France
KONRÁD György: A látogató,Federal Republic of Germany,France
DÉRY Tibor: Kedves Bópeer...!,Federal Republic of Germany,France
LAKATOS Menyhért: Füstös képek,Federal Republic of Germany,France
ILLYÉS Gyula: Források:,Federal Republic of Germany,France
HARSÁNYI Zsolt: Magyar rapszódia: Liszt életének regénye,Federal Republic of Germany,France
KONRÁD György: A városalapító,Federal Republic of Germany,France
ÖRKÉNY István: Rózsakiállítás,Federal Republic of Germany,France
DÉRY Tibor: Niki,Federal Republic of Germany,France
KONRÁD György: A cinkos,Federal Republic of Germany,France
RADNÓTI Miklós: Források:,Federal Republic of Germany,France
ILLYÉS Gyula: Puszták népe,Federal Republic of Germany,France
SZÁSZ Béla: Minden kényszer nélkül,Federal Republic of Germany,France
MOLNÁR Ferenc: Liliom,Federal Republic of Germany,France
ADY Endre: Források:,Federal Republic of Germany,France
KONRÁD György: Antipolitika,Federal Republic of Germany,France
HÁY Gyula: Források:,Federal Republic of Germany,France
HERCZEG Ferenc: Az élet kapuja,Federal Republic of Germany,GDR
GÁRDONYI Géza: A láthatatlan ember,Federal Republic of Germany,GDR
DÉRY Tibor: Források:,Federal Republic of Germany,GDR
NÉMETH László: Iszony,Federal Republic of Germany,GDR
PASSUTH László: A mantuai herceg muzsikusa,Federal Republic of Germany,GDR
SZABÓ Magda: Az őz,Federal Republic of Germany,GDR
SZABÓ Magda: Freskó,Federal Republic of Germany,GDR
DÉRY Tibor: A befejezetlen mondat,Federal Republic of Germany,GDR
FÜST Milán: A feleségem története,Federal Republic of Germany,GDR
OTTLIK Géza: Iskola a határon,Federal Republic of Germany,GDR
MÁNDY Iván: Források:,Federal Republic of Germany,GDR
FEJES Endre: Rozsdatemető,Federal Republic of Germany,GDR
MÁNDY Iván: Csutak és a szürke ló,Federal Republic of Germany,GDR
MÓRICZ Zsigmond: Források:,Federal Republic of Germany,GDR
MURÁNYI KOVÁCS Endre: A firenzei varázsló,Federal Republic of Germany,GDR
DÉRY Tibor: A kiközösítő,Federal Republic of Germany,GDR
GELLÉRI Andor Endre: Források:,Federal Republic of Germany,GDR
HALASI Mária: Minden nap szenzáció,Federal Republic of Germany,GDR
MÉSZÖLY Miklós: Saulus,Federal Republic of Germany,GDR
SZABÓ Magda: Katalin utca,Federal Republic of Germany,GDR
WEÖRES Sándor: Források:,Federal Republic of Germany,GDR
DÉRY Tibor: Ítélet nincs,Federal Republic of Germany,GDR
KARDOS G. György: Avraham Bogatir hét napja,Federal Republic of Germany,GDR
NÉMETH László: Gyász,Federal Republic of Germany,GDR
DÉRY Tibor: Kedves Bópeer...!,Federal Republic of Germany,GDR
KERTÉSZ Ákos: Makra,Federal Republic of Germany,GDR
LAKATOS Menyhért: Füstös képek,Federal Republic of Germany,GDR
ILLYÉS Gyula: Források:,Federal Republic of Germany,GDR
ÖRKÉNY István: Pisti a vérzivatarban,Federal Republic of Germany,GDR
HEGEDŰS Géza: A milétoszi hajós,Federal Republic of Germany,GDR
ÖRKÉNY István: Rózsakiállítás,Federal Republic of Germany,GDR
Márton Klára: Tessék engem elrabolni,Federal Republic of Germany,GDR
RADNÓTI Miklós: Források:,Federal Republic of Germany,GDR
KRÚDY Gyula: Források:,Federal Republic of Germany,GDR
ILLYÉS Gyula: Puszták népe,Federal Republic of Germany,GDR
MOLNÁR Ferenc: Liliom,Federal Republic of Germany,GDR
ADY Endre: Források:,Federal Republic of Germany,GDR
KOSZTOLÁNYI Dezső: Források:,Federal Republic of Germany,GDR
GÁRDONYI Géza: Egri csillagok,Federal Republic of Germany,GDR
HÁY Gyula: Források:,Federal Republic of Germany,GDR
NÉMETH László: Irgalom,Federal Republic of Germany,GDR
HALASI Mária: Az utolsó padban,Federal Republic of Germany,Greece
GÁRDONYI Géza: Egri csillagok,Federal Republic of Germany,Greece
MOLNÁR Ferenc: A Pál utcai fiúk,Federal Republic of Germany,Hungary
GÁRDONYI Géza: A láthatatlan ember,Federal Republic of Germany,Hungary
FEKETE István: Bogáncs,Federal Republic of Germany,Hungary
FÜST Milán: A feleségem története,Federal Republic of Germany,Hungary
MÁNDY Iván: Források:,Federal Republic of Germany,Hungary
MÓRICZ Zsigmond: Források:,Federal Republic of Germany,Hungary
MURÁNYI KOVÁCS Endre: A firenzei varázsló,Federal Republic of Germany,Hungary
SÁNTA Ferenc: Húsz óra,Federal Republic of Germany,Hungary
WEÖRES Sándor: Források:,Federal Republic of Germany,Hungary
BENEDEK István: Aranyketrec,Federal Republic of Germany,Hungary
NÉMETH László: Gyász,Federal Republic of Germany,Hungary
HEGEDŰS Géza: A milétoszi hajós,Federal Republic of Germany,Hungary
BABITS Mihály: A gólyakalifa,Federal Republic of Germany,Hungary
EÖRSI István: Az interjú,Federal Republic of Germany,Hungary
RADNÓTI Miklós: Források:,Federal Republic of Germany,Hungary
KRÚDY Gyula: Források:,Federal Republic of Germany,Hungary
ILLYÉS Gyula: Puszták népe,Federal Republic of Germany,Hungary
ILLÉS Endre: Spanyol Izabella,Federal Republic of Germany,Hungary
ADY Endre: Források:,Federal Republic of Germany,Hungary
KOSZTOLÁNYI Dezső: Édes Anna,Federal Republic of Germany,Hungary
KOSZTOLÁNYI Dezső: Források:,Federal Republic of Germany,Hungary
CSÁTH Géza: Források:,Federal Republic of Germany,Hungary
Száva István: A szirakuzai óriás,Federal Republic of Germany,Hungary
GÁRDONYI Géza: Egri csillagok,Federal Republic of Germany,Hungary
ADY Endre: Források:,Federal Republic of Germany,India
KARINTHY Ferenc: Bösendorfer,Federal Republic of Germany,India
MÓRICZ Zsigmond: Források:,Federal Republic of Germany,Iran
MOLNÁR Ferenc: A Pál utcai fiúk,Federal Republic of Germany,Israel
GÁRDONYI Géza: A láthatatlan ember,Federal Republic of Germany,Israel
KARDOS G. György: Avraham Bogatir hét napja,Federal Republic of Germany,Israel
HARSÁNYI Zsolt: Magyar rapszódia: Liszt életének regénye,Federal Republic of Germany,Israel
KONRÁD György: A cinkos,Federal Republic of Germany,Israel
RADNÓTI Miklós: Források:,Federal Republic of Germany,Israel
ADY Endre: Források:,Federal Republic of Germany,Israel
HARSÁNYI Zsolt: Csak azért is,Federal Republic of Germany,Italy
HARSÁNYI Zsolt: És mégis mozog a föld,Federal Republic of Germany,Italy
MÁRAI Sándor: A szegények iskolája,Federal Republic of Germany,Italy
MOLNÁR Ferenc: A Pál utcai fiúk,Federal Republic of Germany,Italy
JUST Béla: Az eszelősök,Federal Republic of Germany,Italy
DÉRY Tibor: Források:,Federal Republic of Germany,Italy
NÉMETH László: Iszony,Federal Republic of Germany,Italy
SZABÓ Magda: Az őz,Federal Republic of Germany,Italy
HERNÁDI Gyula: A péntek lépcsőin,Federal Republic of Germany,Italy
HALASI Mária: Az utolsó padban,Federal Republic of Germany,Italy
JUHÁSZ Ferenc: Források:,Federal Republic of Germany,Italy
LENGYEL József: Források:,Federal Republic of Germany,Italy
DÉRY Tibor: G. A. úr X-ben,Federal Republic of Germany,Italy
FEJES Endre: Rozsdatemető,Federal Republic of Germany,Italy
DÉRY Tibor: A kiközösítő,Federal Republic of Germany,Italy
MÉSZÖLY Miklós: Saulus,Federal Republic of Germany,Italy
SÁNTA Ferenc: Húsz óra,Federal Republic of Germany,Italy
KARDOS G. György: Avraham Bogatir hét napja,Federal Republic of Germany,Italy
KONRÁD György: A látogató,Federal Republic of Germany,Italy
ILLYÉS Gyula: Források:,Federal Republic of Germany,Italy
DÉRY Tibor: Niki,Federal Republic of Germany,Italy
RADNÓTI Miklós: Források:,Federal Republic of Germany,Italy
MOLNÁR Ferenc: Liliom,Federal Republic of Germany,Italy
ADY Endre: Források:,Federal Republic of Germany,Italy
ESTERHÁZY Péter: A szív segédigéi,Federal Republic of Germany,Italy
KOSZTOLÁNYI Dezső: Források:,Federal Republic of Germany,Italy
HARSÁNYI Zsolt: Élni jó. Rubens életének regénye,Federal Republic of Germany,Italy
GÁRDONYI Géza: Egri csillagok,Federal Republic of Germany,Italy
HARSÁNYI Zsolt: És mégis mozog a föld,Federal Republic of Germany,Japan
KESZI Imre: Elysium,Federal Republic of Germany,Japan
LENGYEL Péter: Ogg második bolygója,Federal Republic of Germany,Japan
KONRÁD György: A látogató,Federal Republic of Germany,Japan
KERTÉSZ Ákos: Makra,Federal Republic of Germany,Japan
MOLNÁR Ferenc: A hattyú,Federal Republic of Germany,Japan
ILLYÉS Gyula: Puszták népe,Federal Republic of Germany,Japan
MOLNÁR Ferenc: Liliom,Federal Republic of Germany,Japan
SZÉKELY László: Őserdőktől ültetvényekig,Federal Republic of Germany,Malaysia
DÉRY Tibor: Források:,Federal Republic of Germany,Mexico
HARSÁNYI Zsolt: És mégis mozog a föld,Federal Republic of Germany,Netherlands
HARSÁNYI Zsolt: Magdolna,Federal Republic of Germany,Netherlands
VASZARY Gábor: Monpti,Federal Republic of Germany,Netherlands
SEBESTYÉN György: Kilincs nélküli ajtók,Federal Republic of Germany,Netherlands
DÉRY Tibor: Források:,Federal Republic of Germany,Netherlands
NÉMETH László: Iszony,Federal Republic of Germany,Netherlands
SZABÓ Magda: Az őz,Federal Republic of Germany,Netherlands
VASZARY Gábor: Alszik az Isten,Federal Republic of Germany,Netherlands
FÜST Milán: A feleségem története,Federal Republic of Germany,Netherlands
HERNÁDI Gyula: A péntek lépcsőin,Federal Republic of Germany,Netherlands
DÉRY Tibor: Ítélet nincs,Federal Republic of Germany,Netherlands
KONRÁD György: A látogató,Federal Republic of Germany,Netherlands
NÁDAS Péter: Egy családregény vége,Federal Republic of Germany,Netherlands
HARSÁNYI Zsolt: Magyar rapszódia: Liszt életének regénye,Federal Republic of Germany,Netherlands
KONRÁD György: A cinkos,Federal Republic of Germany,Netherlands
ILLYÉS Gyula: Puszták népe,Federal Republic of Germany,Netherlands
KONRÁD György: Kerti mulatság,Federal Republic of Germany,Netherlands
GALGÓCZI Erzsébet: Törvényen belül,Federal Republic of Germany,Netherlands
JUST Béla: Gortstrasse harmadik emelet (?),Federal Republic of Germany,Netherlands
HARSÁNYI Zsolt: Élni jó. Rubens életének regénye,Federal Republic of Germany,Netherlands
HARSÁNYI Zsolt: Whisky szódával,Federal Republic of Germany,Netherlands
GÁRDONYI Géza: Egri csillagok,Federal Republic of Germany,Netherlands
NÉMETH László: Iszony,Federal Republic of Germany,Norway
HALASI Mária: Az utolsó padban,Federal Republic of Germany,Norway
KARDOS G. György: Avraham Bogatir hét napja,Federal Republic of Germany,Norway
KONRÁD György: A látogató,Federal Republic of Germany,Norway
NÁDAS Péter: Egy családregény vége,Federal Republic of Germany,Norway
ILLYÉS Gyula: Források:,Federal Republic of Germany,Norway
HARSÁNYI Zsolt: Magyar rapszódia: Liszt életének regénye,Federal Republic of Germany,Norway
ÖRKÉNY István: Rózsakiállítás,Federal Republic of Germany,Norway
DÉRY Tibor: Niki,Federal Republic of Germany,Norway
KOSZTOLÁNYI Dezső: Édes Anna,Federal Republic of Germany,Norway
MÓRICZ Zsigmond: Források:,Federal Republic of Germany,PR China
MOLNÁR Ferenc: A Pál utcai fiúk,Federal Republic of Germany,Poland
JUST Béla: Az eszelősök,Federal Republic of Germany,Poland
GÁRDONYI Géza: A láthatatlan ember,Federal Republic of Germany,Poland
DÉRY Tibor: Források:,Federal Republic of Germany,Poland
NÉMETH László: Iszony,Federal Republic of Germany,Poland
SZABÓ Magda: Az őz,Federal Republic of Germany,Poland
SZABÓ Magda: Freskó,Federal Republic of Germany,Poland
BÓKAY János: Bohémek és pillangók: Puccini életregénye,Federal Republic of Germany,Poland
FÜST Milán: A feleségem története,Federal Republic of Germany,Poland
OTTLIK Géza: Iskola a határon,Federal Republic of Germany,Poland
SZABÓ Magda: Disznótor,Federal Republic of Germany,Poland
FEJES Endre: Mocorgó,Federal Republic of Germany,Poland
JUHÁSZ Ferenc: Források:,Federal Republic of Germany,Poland
SZABÓ Magda: Pilátus,Federal Republic of Germany,Poland
DÉRY Tibor: G. A. úr X-ben,Federal Republic of Germany,Poland
FEJES Endre: Rozsdatemető,Federal Republic of Germany,Poland
FEKETE István: Tüskevár,Federal Republic of Germany,Poland
MÁNDY Iván: Csutak és a szürke ló,Federal Republic of Germany,Poland
MÓRICZ Zsigmond: Források:,Federal Republic of Germany,Poland
"SZABÓ Magda: Mózes egy, huszonkettő",Federal Republic of Germany,Poland
DÉRY Tibor: A kiközösítő,Federal Republic of Germany,Poland
MÉSZÖLY Miklós: Saulus,Federal Republic of Germany,Poland
SÁNTA Ferenc: Húsz óra,Federal Republic of Germany,Poland
WEÖRES Sándor: Források:,Federal Republic of Germany,Poland
LENGYEL Péter: Ogg második bolygója,Federal Republic of Germany,Poland
MÉSZÖLY Miklós: Az atléta halála,Federal Republic of Germany,Poland
NÉMETH László: Gyász,Federal Republic of Germany,Poland
KERTÉSZ Ákos: Makra,Federal Republic of Germany,Poland
LAKATOS Menyhért: Füstös képek,Federal Republic of Germany,Poland
NÁDAS Péter: Egy családregény vége,Federal Republic of Germany,Poland
ILLYÉS Gyula: Források:,Federal Republic of Germany,Poland
ZSOLDOS Péter: A feladat,Federal Republic of Germany,Poland
HEGEDŰS Géza: A milétoszi hajós,Federal Republic of Germany,Poland
ÖRKÉNY István: Rózsakiállítás,Federal Republic of Germany,Poland
BABITS Mihály: A gólyakalifa,Federal Republic of Germany,Poland
DÉRY Tibor: Niki,Federal Republic of Germany,Poland
Márton Klára: Tessék engem elrabolni,Federal Republic of Germany,Poland
RADNÓTI Miklós: Források:,Federal Republic of Germany,Poland
ILLYÉS Gyula: Puszták népe,Federal Republic of Germany,Poland
ADY Endre: Források:,Federal Republic of Germany,Poland
CSOÓRI Sándor: Források:,Federal Republic of Germany,Poland
SZÁSZ Imre: Felhőfejes,Federal Republic of Germany,Poland
GÁRDONYI Géza: Egri csillagok,Federal Republic of Germany,Poland
NÉMETH László: Irgalom,Federal Republic of Germany,Poland
DÉRY Tibor: Források:,Federal Republic of Germany,Portugal
Dalos György: 1985,Federal Republic of Germany,Portugal
MOLNÁR Ferenc: A Pál utcai fiúk,Federal Republic of Germany,Romania
DÉRY Tibor: Források:,Federal Republic of Germany,Romania
MIKSZÁTH Kálmán: A szelistyei asszonyok,Federal Republic of Germany,Romania
NÉMETH László: Iszony,Federal Republic of Germany,Romania
PASSUTH László: A mantuai herceg muzsikusa,Federal Republic of Germany,Romania
FÜST Milán: A feleségem története,Federal Republic of Germany,Romania
OTTLIK Géza: Iskola a határon,Federal Republic of Germany,Romania
SZABÓ Magda: Pilátus,Federal Republic of Germany,Romania
FEJES Endre: Rozsdatemető,Federal Republic of Germany,Romania
MÓRICZ Zsigmond: Források:,Federal Republic of Germany,Romania
DÉRY Tibor: A kiközösítő,Federal Republic of Germany,Romania
WEÖRES Sándor: Források:,Federal Republic of Germany,Romania
KERTÉSZ Ákos: Makra,Federal Republic of Germany,Romania
KRÚDY Gyula: Források:,Federal Republic of Germany,Romania
ILLYÉS Gyula: Puszták népe,Federal Republic of Germany,Romania
ADY Endre: Források:,Federal Republic of Germany,Romania
KOSZTOLÁNYI Dezső: Források:,Federal Republic of Germany,Romania
MÉSZÖLY Miklós: Források:,Federal Republic of Germany,Romania
GÁRDONYI Géza: Egri csillagok,Federal Republic of Germany,Romania
NÉMETH László: Irgalom,Federal Republic of Germany,Romania
SZÉKELY László: Őserdőktől ültetvényekig,Federal Republic of Germany,Singapore
VASZARY Gábor: Monpti,Federal Republic of Germany,South Korea
BÓKAY János: Megvédtem egy asszonyt,Federal Republic of Germany,Spain
HARSÁNYI Zsolt: Magdolna,Federal Republic of Germany,Spain
KÖRMENDI Ferenc: A boldog emberöltő,Federal Republic of Germany,Spain
MÁRAI Sándor: Az igazi,Federal Republic of Germany,Spain
MÁRAI Sándor: Vendégjáték Bolzanóban,Federal Republic of Germany,Spain
MOLNÁR Ferenc: A Pál utcai fiúk,Federal Republic of Germany,Spain
VASZARY Gábor: Monpti,Federal Republic of Germany,Spain
VASZARY Gábor: Ő,Federal Republic of Germany,Spain
VASZARY János: Angyalt vettem feleségül,Federal Republic of Germany,Spain
DÉRY Tibor: Források:,Federal Republic of Germany,Spain
HARSÁNYI Zsolt: Az aranyalma,Federal Republic of Germany,Spain
NÉMETH László: Iszony,Federal Republic of Germany,Spain
PASSUTH László: A mantuai herceg muzsikusa,Federal Republic of Germany,Spain
SZABÓ Magda: Az őz,Federal Republic of Germany,Spain
ZILAHY Lajos: (NA),Federal Republic of Germany,Spain
FÜST Milán: A feleségem története,Federal Republic of Germany,Spain
OTTLIK Géza: Iskola a határon,Federal Republic of Germany,Spain
HALASI Mária: Az utolsó padban,Federal Republic of Germany,Spain
KODOLÁNYI János: Az égő csipkebokor,Federal Republic of Germany,Spain
DÉRY Tibor: G. A. úr X-ben,Federal Republic of Germany,Spain
FEJES Endre: Rozsdatemető,Federal Republic of Germany,Spain
HALASI Mária: Minden nap szenzáció,Federal Republic of Germany,Spain
MÉSZÖLY Miklós: Saulus,Federal Republic of Germany,Spain
HALASI Mária: A lépcsőháztól balra,Federal Republic of Germany,Spain
DÉRY Tibor: Kedves Bópeer...!,Federal Republic of Germany,Spain
KERTÉSZ Ákos: Makra,Federal Republic of Germany,Spain
KONRÁD György: A cinkos,Federal Republic of Germany,Spain
ADY Endre: Források:,Federal Republic of Germany,Spain
HARSÁNYI Zsolt: Whisky szódával,Federal Republic of Germany,Spain
MOLNÁR Ferenc: A Pál utcai fiúk,Federal Republic of Germany,Sweden
NÉMETH László: Iszony,Federal Republic of Germany,Sweden
SZABÓ Magda: Az őz,Federal Republic of Germany,Sweden
FÜST Milán: A feleségem története,Federal Republic of Germany,Sweden
OTTLIK Géza: Iskola a határon,Federal Republic of Germany,Sweden
SZABÓ Magda: Pilátus,Federal Republic of Germany,Sweden
"SZABÓ Magda: Mózes egy, huszonkettő",Federal Republic of Germany,Sweden
DÉRY Tibor: A kiközösítő,Federal Republic of Germany,Sweden
SZABÓ Magda: Katalin utca,Federal Republic of Germany,Sweden
WEÖRES Sándor: Források:,Federal Republic of Germany,Sweden
KARDOS G. György: Avraham Bogatir hét napja,Federal Republic of Germany,Sweden
KONRÁD György: A látogató,Federal Republic of Germany,Sweden
NÉMETH László: Gyász,Federal Republic of Germany,Sweden
KERTÉSZ Ákos: Makra,Federal Republic of Germany,Sweden
NÁDAS Péter: Egy családregény vége,Federal Republic of Germany,Sweden
ILLYÉS Gyula: Források:,Federal Republic of Germany,Sweden
HARSÁNYI Zsolt: Magyar rapszódia: Liszt életének regénye,Federal Republic of Germany,Sweden
KONRÁD György: A városalapító,Federal Republic of Germany,Sweden
Dalos György: 1985,Federal Republic of Germany,Sweden
ÖRKÉNY István: Rózsakiállítás,Federal Republic of Germany,Sweden
DÉRY Tibor: Niki,Federal Republic of Germany,Sweden
KONRÁD György: A cinkos,Federal Republic of Germany,Sweden
ILLYÉS Gyula: Puszták népe,Federal Republic of Germany,Sweden
KONRÁD György: Kerti mulatság,Federal Republic of Germany,Sweden
ADY Endre: Források:,Federal Republic of Germany,Sweden
GALGÓCZI Erzsébet: Törvényen belül,Federal Republic of Germany,Sweden
KONRÁD György: Antipolitika,Federal Republic of Germany,Sweden
ESTERHÁZY Péter: A szív segédigéi,Federal Republic of Germany,Sweden
CSOÓRI Sándor: Források:,Federal Republic of Germany,Sweden
HARSÁNYI Zsolt: És mégis mozog a föld,Federal Republic of Germany,Switzerland
MÁRAI Sándor: Válás Budán,Federal Republic of Germany,Switzerland
PERLAKY Lajos: A savonai fogoly,Federal Republic of Germany,Switzerland
KOSZTOLÁNYI Dezső: Források:,Federal Republic of Germany,Switzerland
BALÁZS Béla: Álmodó ifjúság,Federal Republic of Germany,Switzerland
MOLNÁR Ferenc: A Pál utcai fiúk,Federal Republic of Germany,Turkey
GÁRDONYI Géza: A láthatatlan ember,Federal Republic of Germany,Turkey
DÉRY Tibor: Források:,Federal Republic of Germany,Turkey
MÓRICZ Zsigmond: Források:,Federal Republic of Germany,Turkey
HARSÁNYI Zsolt: Magyar rapszódia: Liszt életének regénye,Federal Republic of Germany,Turkey
DÉRY Tibor: Niki,Federal Republic of Germany,Turkey
MOLNÁR Ferenc: Liliom,Federal Republic of Germany,Turkey
MOLNÁR Ferenc: Útitárs a száműzetésben,Federal Republic of Germany,UK
GÁRDONYI Géza: A láthatatlan ember,Federal Republic of Germany,UK
DÉRY Tibor: Források:,Federal Republic of Germany,UK
NÉMETH László: Iszony,Federal Republic of Germany,UK
SZABÓ Magda: Az őz,Federal Republic of Germany,UK
FÜST Milán: A feleségem története,Federal Republic of Germany,UK
SZABÓ Magda: Disznótor,Federal Republic of Germany,UK
FALUDY György: Pokolbéli vig napjaim,Federal Republic of Germany,UK
LENGYEL József: Források:,Federal Republic of Germany,UK
WEÖRES Sándor: Források:,Federal Republic of Germany,UK
KONRÁD György: A látogató,Federal Republic of Germany,UK
ILLYÉS Gyula: Források:,Federal Republic of Germany,UK
KONRÁD György: A városalapító,Federal Republic of Germany,UK
Dalos György: 1985,Federal Republic of Germany,UK
DÉRY Tibor: Niki,Federal Republic of Germany,UK
KONRÁD György: A cinkos,Federal Republic of Germany,UK
RADNÓTI Miklós: Források:,Federal Republic of Germany,UK
SZÁSZ Béla: Minden kényszer nélkül,Federal Republic of Germany,UK
KOSZTOLÁNYI Dezső: Édes Anna,Federal Republic of Germany,UK
CSÁTH Géza: Források:,Federal Republic of Germany,UK
SEBESTYÉN György: Kilincs nélküli ajtók,Federal Republic of Germany,USA
NÉMETH László: Iszony,Federal Republic of Germany,USA
SZABÓ Magda: Az őz,Federal Republic of Germany,USA
FÜST Milán: A feleségem története,Federal Republic of Germany,USA
OTTLIK Géza: Iskola a határon,Federal Republic of Germany,USA
JUHÁSZ Ferenc: Források:,Federal Republic of Germany,USA
LENGYEL József: Források:,Federal Republic of Germany,USA
FEJES Endre: Rozsdatemető,Federal Republic of Germany,USA
WEÖRES Sándor: Források:,Federal Republic of Germany,USA
KÖNNYŰ László: Források:,Federal Republic of Germany,USA
KARDOS G. György: Avraham Bogatir hét napja,Federal Republic of Germany,USA
KONRÁD György: A látogató,Federal Republic of Germany,USA
ILLYÉS Gyula: Források:,Federal Republic of Germany,USA
KONRÁD György: A városalapító,Federal Republic of Germany,USA
Dalos György: 1985,Federal Republic of Germany,USA
DÉRY Tibor: Niki,Federal Republic of Germany,USA
KONRÁD György: A cinkos,Federal Republic of Germany,USA
RADNÓTI Miklós: Források:,Federal Republic of Germany,USA
SZÁSZ Béla: Minden kényszer nélkül,Federal Republic of Germany,USA
ADY Endre: Források:,Federal Republic of Germany,USA
KONRÁD György: Antipolitika,Federal Republic of Germany,USA
CSÁTH Géza: Források:,Federal Republic of Germany,USA
CSOÓRI Sándor: Források:,Federal Republic of Germany,USA
KARINTHY Ferenc: Bösendorfer,Federal Republic of Germany,USA
SZABÓ Magda: Katalin utca,Federal Republic of Germany,USSR-azerbajdzsán
RADNÓTI Miklós: Források:,Federal Republic of Germany,USSR-azerbajdzsán
DÉRY Tibor: Kedves Bópeer...!,Federal Republic of Germany,USSR-fehérorosz
MOLNÁR Ferenc: A Pál utcai fiúk,Federal Republic of Germany,USSR-grúz
DÉRY Tibor: Kedves Bópeer...!,Federal Republic of Germany,USSR-grúz
ÖRKÉNY István: Rózsakiállítás,Federal Republic of Germany,USSR-grúz
ADY Endre: Források:,Federal Republic of Germany,USSR-grúz
FEJES Endre: Rozsdatemető,Federal Republic of Germany,USSR-lett
FEKETE István: Tüskevár,Federal Republic of Germany,USSR-lett
NÉMETH László: Gyász,Federal Republic of Germany,USSR-lett
RADNÓTI Miklós: Források:,Federal Republic of Germany,USSR-lett
MOLNÁR Ferenc: A Pál utcai fiúk,Federal Republic of Germany,USSR-litván
DÉRY Tibor: Források:,Federal Republic of Germany,USSR-litván
FÜST Milán: A feleségem története,Federal Republic of Germany,USSR-litván
JUHÁSZ Ferenc: Források:,Federal Republic of Germany,USSR-litván
FEJES Endre: Rozsdatemető,Federal Republic of Germany,USSR-litván
MÁNDY Iván: Csutak és a szürke ló,Federal Republic of Germany,USSR-litván
NÉMETH László: Gyász,Federal Republic of Germany,USSR-litván
KOSZTOLÁNYI Dezső: Édes Anna,Federal Republic of Germany,USSR-litván
GÁRDONYI Géza: Egri csillagok,Federal Republic of Germany,USSR-litván
MOLNÁR Ferenc: A Pál utcai fiúk,Federal Republic of Germany,USSR-moldva
DÉRY Tibor: Kedves Bópeer...!,Federal Republic of Germany,USSR-moldva
MOLNÁR Ferenc: A Pál utcai fiúk,Federal Republic of Germany,USSR-orosz
DÉRY Tibor: Források:,Federal Republic of Germany,USSR-orosz
NÉMETH László: Égető Eszter,Federal Republic of Germany,USSR-orosz
OTTLIK Géza: Iskola a határon,Federal Republic of Germany,USSR-orosz
HALASI Mária: Az utolsó padban,Federal Republic of Germany,USSR-orosz
LENGYEL József: Források:,Federal Republic of Germany,USSR-orosz
FEJES Endre: Rozsdatemető,Federal Republic of Germany,USSR-orosz
FEKETE István: Tüskevár,Federal Republic of Germany,USSR-orosz
MÓRICZ Zsigmond: Források:,Federal Republic of Germany,USSR-orosz
MURÁNYI KOVÁCS Endre: A firenzei varázsló,Federal Republic of Germany,USSR-orosz
GELLÉRI Andor Endre: Források:,Federal Republic of Germany,USSR-orosz
SÁNTA Ferenc: Húsz óra,Federal Republic of Germany,USSR-orosz
WEÖRES Sándor: Források:,Federal Republic of Germany,USSR-orosz
HALASI Mária: Egyszer csak csöngetnek,Federal Republic of Germany,USSR-orosz
NÉMETH László: Gyász,Federal Republic of Germany,USSR-orosz
DÉRY Tibor: Kedves Bópeer...!,Federal Republic of Germany,USSR-orosz
ILLYÉS Gyula: Források:,Federal Republic of Germany,USSR-orosz
RADNÓTI Miklós: Források:,Federal Republic of Germany,USSR-orosz
KRÚDY Gyula: Források:,Federal Republic of Germany,USSR-orosz
MOLNÁR Ferenc: Liliom,Federal Republic of Germany,USSR-orosz
ADY Endre: Források:,Federal Republic of Germany,USSR-orosz
KOSZTOLÁNYI Dezső: Források:,Federal Republic of Germany,USSR-orosz
GÁRDONYI Géza: Egri csillagok,Federal Republic of Germany,USSR-orosz
NÉMETH László: Irgalom,Federal Republic of Germany,USSR-orosz
MOLNÁR Ferenc: A Pál utcai fiúk,Federal Republic of Germany,USSR-ukrán
SZABÓ Magda: Freskó,Federal Republic of Germany,USSR-ukrán
MÓRICZ Zsigmond: Források:,Federal Republic of Germany,USSR-ukrán
SÁNTA Ferenc: Húsz óra,Federal Republic of Germany,USSR-ukrán
ILLYÉS Gyula: Puszták népe,Federal Republic of Germany,USSR-ukrán
ADY Endre: Források:,Federal Republic of Germany,USSR-ukrán
Száva István: A szirakuzai óriás,Federal Republic of Germany,USSR-ukrán
GÁRDONYI Géza: Egri csillagok,Federal Republic of Germany,USSR-ukrán
MOLNÁR Ferenc: A Pál utcai fiúk,Federal Republic of Germany,USSR-észt
GÁRDONYI Géza: A láthatatlan ember,Federal Republic of Germany,USSR-észt
NÉMETH László: Iszony,Federal Republic of Germany,USSR-észt
FEJES Endre: Rozsdatemető,Federal Republic of Germany,USSR-észt
MÓRICZ Zsigmond: Források:,Federal Republic of Germany,USSR-észt
SZABÓ Magda: Katalin utca,Federal Republic of Germany,USSR-észt
BOTOND-BOLICS György: Redivivus tüzet kér,Federal Republic of Germany,USSR-észt
DÉRY Tibor: Kedves Bópeer...!,Federal Republic of Germany,USSR-észt
BABITS Mihály: A gólyakalifa,Federal Republic of Germany,USSR-észt
GÁRDONYI Géza: Egri csillagok,Federal Republic of Germany,USSR-észt
MOLNÁR Ferenc: A Pál utcai fiúk,Federal Republic of Germany,USSR-örmény
NÉMETH László: Gyász,Federal Republic of Germany,USSR-üzbég
HERNÁDI Gyula: A péntek lépcsőin,Federal Republic of Germany,Venezuela
SZABÓ Magda: Katalin utca,Federal Republic of Germany,Venezuela
GÁRDONYI Géza: Egri csillagok,Federal Republic of Germany,Vietnam
HARSÁNYI Zsolt: És mégis mozog a föld,Federal Republic of Germany,Yugoslavia
MOLNÁR Ferenc: A Pál utcai fiúk,Federal Republic of Germany,Yugoslavia
GÁRDONYI Géza: A láthatatlan ember,Federal Republic of Germany,Yugoslavia
DÉRY Tibor: Források:,Federal Republic of Germany,Yugoslavia
NÉMETH László: Iszony,Federal Republic of Germany,Yugoslavia
SZABÓ Magda: Az őz,Federal Republic of Germany,Yugoslavia
SZABÓ Magda: Freskó,Federal Republic of Germany,Yugoslavia
BÓKAY János: Bohémek és pillangók: Puccini életregénye,Federal Republic of Germany,Yugoslavia
DÉRY Tibor: A befejezetlen mondat,Federal Republic of Germany,Yugoslavia
FÜST Milán: A feleségem története,Federal Republic of Germany,Yugoslavia
NÉMETH László: Égető Eszter,Federal Republic of Germany,Yugoslavia
OTTLIK Géza: Iskola a határon,Federal Republic of Germany,Yugoslavia
JUHÁSZ Ferenc: Források:,Federal Republic of Germany,Yugoslavia
DÉRY Tibor: G. A. úr X-ben,Federal Republic of Germany,Yugoslavia
FEJES Endre: Rozsdatemető,Federal Republic of Germany,Yugoslavia
WEÖRES Sándor: Források:,Federal Republic of Germany,Yugoslavia
KARDOS G. György: Avraham Bogatir hét napja,Federal Republic of Germany,Yugoslavia
NÉMETH László: Gyász,Federal Republic of Germany,Yugoslavia
DÉRY Tibor: Kedves Bópeer...!,Federal Republic of Germany,Yugoslavia
KERTÉSZ Ákos: Makra,Federal Republic of Germany,Yugoslavia
NÁDAS Péter: Egy családregény vége,Federal Republic of Germany,Yugoslavia
ILLYÉS Gyula: Források:,Federal Republic of Germany,Yugoslavia
HARSÁNYI Zsolt: Magyar rapszódia: Liszt életének regénye,Federal Republic of Germany,Yugoslavia
ÖRKÉNY István: Rózsakiállítás,Federal Republic of Germany,Yugoslavia
DÉRY Tibor: Niki,Federal Republic of Germany,Yugoslavia
KONRÁD György: A cinkos,Federal Republic of Germany,Yugoslavia
RADNÓTI Miklós: Források:,Federal Republic of Germany,Yugoslavia
ILLYÉS Gyula: Puszták népe,Federal Republic of Germany,Yugoslavia
ADY Endre: Források:,Federal Republic of Germany,Yugoslavia
EÖRSI István: Források:,Federal Republic of Germany,Yugoslavia
GALGÓCZI Erzsébet: Törvényen belül,Federal Republic of Germany,Yugoslavia
ESTERHÁZY Péter: A szív segédigéi,Federal Republic of Germany,Yugoslavia
CSÁTH Géza: Források:,Federal Republic of Germany,Yugoslavia
GALGÓCZI Erzsébet: Vidravas,Federal Republic of Germany,Yugoslavia
GÁRDONYI Géza: Egri csillagok,Federal Republic of Germany,Yugoslavia
KARINTHY Ferenc: Bösendorfer,Federal Republic of Germany,Yugoslavia
ADY Endre: Források:,Finland,France
MOLNÁR Ferenc: A Pál utcai fiúk,Finland,France
VERES Péter: Próbatétel,Finland,France
ZILAHY Lajos: A fegyverek visszanéznek,Finland,France
ZILAHY Lajos: Ararát,Finland,France
HARSÁNYI Zsolt: Magyar rapszódia: Liszt életének regénye,Finland,France
NÉMETH László: Iszony,Finland,France
PETŐFI Sándor: Források:,Finland,France
FEJES Endre: Rozsdatemető,Finland,France
DÉRY Tibor: Niki,Finland,France
SZABÓ Magda: Az őz,Finland,France
ILLYÉS Gyula: Puszták népe,Finland,France
KONRÁD György: A látogató,Finland,France
DÉRY Tibor: Kedves Bópeer...!,Finland,France
ILLYÉS Gyula: Kháron ladikján,Finland,France
PILINSZKY János: Források:,Finland,France
LAKATOS Menyhért: Füstös képek,Finland,France
ILLYÉS Gyula: Források:,Finland,France
KONRÁD György: A cinkos,Finland,France
WEÖRES Sándor: Források:,Finland,France
MÉSZÖLY Miklós: Saulus,Finland,France
ADY Endre: Források:,Finland,GDR
MÓRICZ Zsigmond: Források:,Finland,GDR
VERES Péter: Próbatétel,Finland,GDR
NÉMETH László: Iszony,Finland,GDR
PETŐFI Sándor: Források:,Finland,GDR
FEJES Endre: Rozsdatemető,Finland,GDR
SZABÓ Magda: Az őz,Finland,GDR
ILLYÉS Gyula: Puszták népe,Finland,GDR
DÉRY Tibor: Kedves Bópeer...!,Finland,GDR
ILLYÉS Gyula: Kháron ladikján,Finland,GDR
KERTÉSZ Ákos: Makra,Finland,GDR
LAKATOS Menyhért: Füstös képek,Finland,GDR
ILLYÉS Gyula: Források:,Finland,GDR
GÁRDONYI Géza: Egri csillagok,Finland,GDR
KOSZTOLÁNYI Dezső: Források:,Finland,GDR
WEÖRES Sándor: Források:,Finland,GDR
MÉSZÖLY Miklós: Saulus,Finland,GDR
DÉRY Tibor: Képzelt riport egy amerikai pop-fesztiválról,Finland,GDR
HALASI Mária: Az utolsó padban,Finland,Greece
GÁRDONYI Géza: Egri csillagok,Finland,Greece
SZAKONYI Károly: Adáshiba,Finland,Greece
ADY Endre: Források:,Finland,Hungary
MOLNÁR Ferenc: A Pál utcai fiúk,Finland,Hungary
MÓRICZ Zsigmond: Források:,Finland,Hungary
PETŐFI Sándor: Források:,Finland,Hungary
MOLDOVA György: Sötét angyal,Finland,Hungary
ILLYÉS Gyula: Puszták népe,Finland,Hungary
BABITS Mihály: A gólyakalifa,Finland,Hungary
PILINSZKY János: Források:,Finland,Hungary
SÁNTA Ferenc: Isten a szekéren,Finland,Hungary
GÁRDONYI Géza: Egri csillagok,Finland,Hungary
KOSZTOLÁNYI Dezső: Források:,Finland,Hungary
WEÖRES Sándor: Források:,Finland,Hungary
ADY Endre: Források:,Finland,India
PETŐFI Sándor: Források:,Finland,India
MÓRICZ Zsigmond: Források:,Finland,Iran
VERES Péter: Próbatétel,Finland,Iran
PETŐFI Sándor: Források:,Finland,Iran
ADY Endre: Források:,Finland,Israel
MOLNÁR Ferenc: A Pál utcai fiúk,Finland,Israel
HARSÁNYI Zsolt: Magyar rapszódia: Liszt életének regénye,Finland,Israel
PETŐFI Sándor: Források:,Finland,Israel
KONRÁD György: A cinkos,Finland,Israel
ADY Endre: Források:,Finland,Italy
MOLNÁR Ferenc: A Pál utcai fiúk,Finland,Italy
VERES Péter: Próbatétel,Finland,Italy
NÉMETH László: Iszony,Finland,Italy
PETŐFI Sándor: Források:,Finland,Italy
FEJES Endre: Rozsdatemető,Finland,Italy
DÉRY Tibor: Niki,Finland,Italy
SZABÓ Magda: Az őz,Finland,Italy
HALASI Mária: Az utolsó padban,Finland,Italy
JUHÁSZ Ferenc: Források:,Finland,Italy
KONRÁD György: A látogató,Finland,Italy
ILLYÉS Gyula: Források:,Finland,Italy
GÁRDONYI Géza: Egri csillagok,Finland,Italy
KOSZTOLÁNYI Dezső: Források:,Finland,Italy
MÉSZÖLY Miklós: Saulus,Finland,Italy
HARSÁNYI Zsolt: Élni jó. Rubens életének regénye,Finland,Italy
DÉRY Tibor: Képzelt riport egy amerikai pop-fesztiválról,Finland,Italy
PETŐFI Sándor: Források:,Finland,Japan
ILLYÉS Gyula: Puszták népe,Finland,Japan
KONRÁD György: A látogató,Finland,Japan
KERTÉSZ Ákos: Makra,Finland,Japan
KARINTHY Ferenc: Epepe,Finland,Japan
PETŐFI Sándor: Források:,Finland,Mongolia
HARSÁNYI Zsolt: Magyar rapszódia: Liszt életének regénye,Finland,Netherlands
NÉMETH László: Iszony,Finland,Netherlands
SZABÓ Magda: Az őz,Finland,Netherlands
ILLYÉS Gyula: Puszták népe,Finland,Netherlands
KONRÁD György: A látogató,Finland,Netherlands
PILINSZKY János: Források:,Finland,Netherlands
GÁRDONYI Géza: Egri csillagok,Finland,Netherlands
KONRÁD György: A cinkos,Finland,Netherlands
HARSÁNYI Zsolt: Élni jó. Rubens életének regénye,Finland,Netherlands
PETŐFI Sándor: Források:,Finland,North Korea
ZILAHY Lajos: Ararát,Finland,Norway
HARSÁNYI Zsolt: Magyar rapszódia: Liszt életének regénye,Finland,Norway
NÉMETH László: Iszony,Finland,Norway
PETŐFI Sándor: Források:,Finland,Norway
DÉRY Tibor: Niki,Finland,Norway
HALASI Mária: Az utolsó padban,Finland,Norway
KONRÁD György: A látogató,Finland,Norway
ILLYÉS Gyula: Források:,Finland,Norway
KARINTHY Ferenc: Epepe,Finland,Norway
MÓRICZ Zsigmond: Források:,Finland,PR China
VERES Péter: Próbatétel,Finland,PR China
PETŐFI Sándor: Források:,Finland,PR China
ADY Endre: Források:,Finland,Poland
MOLNÁR Ferenc: A Pál utcai fiúk,Finland,Poland
MÓRICZ Zsigmond: Források:,Finland,Poland
VERES Péter: Próbatétel,Finland,Poland
NÉMETH László: Iszony,Finland,Poland
PETŐFI Sándor: Források:,Finland,Poland
FEJES Endre: Rozsdatemető,Finland,Poland
DÉRY Tibor: Niki,Finland,Poland
MOLDOVA György: Sötét angyal,Finland,Poland
SZABÓ Magda: Az őz,Finland,Poland
SZABÓ Magda: Disznótor,Finland,Poland
ILLYÉS Gyula: Puszták népe,Finland,Poland
SZÁSZ Imre: Felhőfejes,Finland,Poland
JUHÁSZ Ferenc: Források:,Finland,Poland
BABITS Mihály: A gólyakalifa,Finland,Poland
ILLYÉS Gyula: Kháron ladikján,Finland,Poland
CSOÓRI Sándor: Források:,Finland,Poland
KERTÉSZ Ákos: Makra,Finland,Poland
LAKATOS Menyhért: Füstös képek,Finland,Poland
ILLYÉS Gyula: Források:,Finland,Poland
GÁRDONYI Géza: Egri csillagok,Finland,Poland
KARINTHY Ferenc: Epepe,Finland,Poland
WEÖRES Sándor: Források:,Finland,Poland
MÉSZÖLY Miklós: Saulus,Finland,Poland
DÉRY Tibor: Képzelt riport egy amerikai pop-fesztiválról,Finland,Poland
ADY Endre: Források:,Finland,Romania
MOLNÁR Ferenc: A Pál utcai fiúk,Finland,Romania
MÓRICZ Zsigmond: Források:,Finland,Romania
VERES Péter: Próbatétel,Finland,Romania
NÉMETH László: Iszony,Finland,Romania
PETŐFI Sándor: Források:,Finland,Romania
FEJES Endre: Rozsdatemető,Finland,Romania
MOLDOVA György: Sötét angyal,Finland,Romania
ILLYÉS Gyula: Puszták népe,Finland,Romania
KERTÉSZ Ákos: Makra,Finland,Romania
GÁRDONYI Géza: Egri csillagok,Finland,Romania
KOSZTOLÁNYI Dezső: Források:,Finland,Romania
WEÖRES Sándor: Források:,Finland,Romania
ADY Endre: Források:,Finland,Spain
MOLNÁR Ferenc: A Pál utcai fiúk,Finland,Spain
ZILAHY Lajos: A fegyverek visszanéznek,Finland,Spain
ZILAHY Lajos: Ararát,Finland,Spain
ZILAHY Lajos: Valamit visz a víz,Finland,Spain
NÉMETH László: Iszony,Finland,Spain
FEJES Endre: Rozsdatemető,Finland,Spain
SZABÓ Magda: Az őz,Finland,Spain
HALASI Mária: Az utolsó padban,Finland,Spain
DÉRY Tibor: Kedves Bópeer...!,Finland,Spain
KERTÉSZ Ákos: Makra,Finland,Spain
KONRÁD György: A cinkos,Finland,Spain
MÉSZÖLY Miklós: Saulus,Finland,Spain
MÁRAI Sándor: Az igazi,Finland,Spain
ADY Endre: Források:,Finland,Sweden
MOLNÁR Ferenc: A Pál utcai fiúk,Finland,Sweden
ZILAHY Lajos: Ararát,Finland,Sweden
HARSÁNYI Zsolt: Magyar rapszódia: Liszt életének regénye,Finland,Sweden
NÉMETH László: Iszony,Finland,Sweden
PETŐFI Sándor: Források:,Finland,Sweden
DÉRY Tibor: Niki,Finland,Sweden
SZABÓ Magda: Az őz,Finland,Sweden
ILLYÉS Gyula: Puszták népe,Finland,Sweden
KONRÁD György: A látogató,Finland,Sweden
ILLYÉS Gyula: Kháron ladikján,Finland,Sweden
CSOÓRI Sándor: Források:,Finland,Sweden
KERTÉSZ Ákos: Makra,Finland,Sweden
ILLYÉS Gyula: Források:,Finland,Sweden
KARINTHY Ferenc: Epepe,Finland,Sweden
KONRÁD György: A cinkos,Finland,Sweden
WEÖRES Sándor: Források:,Finland,Sweden
HARSÁNYI Zsolt: Galgó három felesége,Finland,Sweden
PILINSZKY János: Források:,Finland,Switzerland
KOSZTOLÁNYI Dezső: Források:,Finland,Switzerland
MOLNÁR Ferenc: A Pál utcai fiúk,Finland,Turkey
MÓRICZ Zsigmond: Források:,Finland,Turkey
HARSÁNYI Zsolt: Magyar rapszódia: Liszt életének regénye,Finland,Turkey
MÓRA Ferenc: Ének a búzamezőkről,Finland,Turkey
PETŐFI Sándor: Források:,Finland,Turkey
DÉRY Tibor: Niki,Finland,Turkey
NÉMETH László: Iszony,Finland,UK
DÉRY Tibor: Niki,Finland,UK
SZABÓ Magda: Az őz,Finland,UK
SZABÓ Magda: Disznótor,Finland,UK
KONRÁD György: A látogató,Finland,UK
ILLYÉS Gyula: Források:,Finland,UK
KONRÁD György: A cinkos,Finland,UK
WEÖRES Sándor: Források:,Finland,UK
ADY Endre: Források:,Finland,USA
ZILAHY Lajos: Ararát,Finland,USA
NÉMETH László: Iszony,Finland,USA
PETŐFI Sándor: Források:,Finland,USA
FEJES Endre: Rozsdatemető,Finland,USA
DÉRY Tibor: Niki,Finland,USA
SZABÓ Magda: Az őz,Finland,USA
JUHÁSZ Ferenc: Források:,Finland,USA
KONRÁD György: A látogató,Finland,USA
CSOÓRI Sándor: Források:,Finland,USA
ILLYÉS Gyula: Források:,Finland,USA
KONRÁD György: A cinkos,Finland,USA
WEÖRES Sándor: Források:,Finland,USA
PETŐFI Sándor: Források:,Finland,USSR-azerbajdzsán
PETŐFI Sándor: Források:,Finland,USSR-baskir
PETŐFI Sándor: Források:,Finland,USSR-fehérorosz
DÉRY Tibor: Kedves Bópeer...!,Finland,USSR-fehérorosz
ADY Endre: Források:,Finland,USSR-grúz
MOLNÁR Ferenc: A Pál utcai fiúk,Finland,USSR-grúz
PETŐFI Sándor: Források:,Finland,USSR-grúz
DÉRY Tibor: Kedves Bópeer...!,Finland,USSR-grúz
PETŐFI Sándor: Források:,Finland,USSR-kazah
PETŐFI Sándor: Források:,Finland,USSR-kirgiz
PETŐFI Sándor: Források:,Finland,USSR-lett
FEJES Endre: Rozsdatemető,Finland,USSR-lett
MOLNÁR Ferenc: A Pál utcai fiúk,Finland,USSR-litván
PETŐFI Sándor: Források:,Finland,USSR-litván
FEJES Endre: Rozsdatemető,Finland,USSR-litván
JUHÁSZ Ferenc: Források:,Finland,USSR-litván
GÁRDONYI Géza: Egri csillagok,Finland,USSR-litván
MOLNÁR Ferenc: A Pál utcai fiúk,Finland,USSR-moldva
PETŐFI Sándor: Források:,Finland,USSR-moldva
DÉRY Tibor: Kedves Bópeer...!,Finland,USSR-moldva
ADY Endre: Források:,Finland,USSR-orosz
MOLNÁR Ferenc: A Pál utcai fiúk,Finland,USSR-orosz
MÓRICZ Zsigmond: Források:,Finland,USSR-orosz
VERES Péter: Próbatétel,Finland,USSR-orosz
PETŐFI Sándor: Források:,Finland,USSR-orosz
FEJES Endre: Rozsdatemető,Finland,USSR-orosz
HALASI Mária: Az utolsó padban,Finland,USSR-orosz
DÉRY Tibor: Kedves Bópeer...!,Finland,USSR-orosz
ILLYÉS Gyula: Források:,Finland,USSR-orosz
GÁRDONYI Géza: Egri csillagok,Finland,USSR-orosz
KOSZTOLÁNYI Dezső: Források:,Finland,USSR-orosz
WEÖRES Sándor: Források:,Finland,USSR-orosz
PETŐFI Sándor: Források:,Finland,USSR-tadzsik
PETŐFI Sándor: Források:,Finland,USSR-türkmén
PETŐFI Sándor: Források:,Finland,USSR-udmurt
ADY Endre: Források:,Finland,USSR-ukrán
MOLNÁR Ferenc: A Pál utcai fiúk,Finland,USSR-ukrán
MÓRICZ Zsigmond: Források:,Finland,USSR-ukrán
PETŐFI Sándor: Források:,Finland,USSR-ukrán
ILLYÉS Gyula: Puszták népe,Finland,USSR-ukrán
GÁRDONYI Géza: Egri csillagok,Finland,USSR-ukrán
MOLNÁR Ferenc: A Pál utcai fiúk,Finland,USSR-észt
MÓRICZ Zsigmond: Források:,Finland,USSR-észt
NÉMETH László: Iszony,Finland,USSR-észt
PETŐFI Sándor: Források:,Finland,USSR-észt
FEJES Endre: Rozsdatemető,Finland,USSR-észt
BABITS Mihály: A gólyakalifa,Finland,USSR-észt
DÉRY Tibor: Kedves Bópeer...!,Finland,USSR-észt
GÁRDONYI Géza: Egri csillagok,Finland,USSR-észt
MOLNÁR Ferenc: A Pál utcai fiúk,Finland,USSR-örmény
PETŐFI Sándor: Források:,Finland,USSR-örmény
PETŐFI Sándor: Források:,Finland,Vietnam
GÁRDONYI Géza: Egri csillagok,Finland,Vietnam
ADY Endre: Források:,Finland,Yugoslavia
MOLNÁR Ferenc: A Pál utcai fiúk,Finland,Yugoslavia
ZILAHY Lajos: A fegyverek visszanéznek,Finland,Yugoslavia
ZILAHY Lajos: Ararát,Finland,Yugoslavia
ZILAHY Lajos: Valamit visz a víz,Finland,Yugoslavia
HARSÁNYI Zsolt: Magyar rapszódia: Liszt életének regénye,Finland,Yugoslavia
NÉMETH László: Iszony,Finland,Yugoslavia
PETŐFI Sándor: Források:,Finland,Yugoslavia
FEJES Endre: Rozsdatemető,Finland,Yugoslavia
DÉRY Tibor: Niki,Finland,Yugoslavia
MOLDOVA György: Sötét angyal,Finland,Yugoslavia
SZABÓ Magda: Az őz,Finland,Yugoslavia
ILLYÉS Gyula: Puszták népe,Finland,Yugoslavia
JUHÁSZ Ferenc: Források:,Finland,Yugoslavia
DÉRY Tibor: Kedves Bópeer...!,Finland,Yugoslavia
KERTÉSZ Ákos: Makra,Finland,Yugoslavia
ILLYÉS Gyula: Források:,Finland,Yugoslavia
GÁRDONYI Géza: Egri csillagok,Finland,Yugoslavia
KONRÁD György: A cinkos,Finland,Yugoslavia
WEÖRES Sándor: Források:,Finland,Yugoslavia
JÓZSEF Attila: Források:,France,GDR
KARINTHY Frigyes: Utazás a koponyám körül,France,GDR
MOLNÁR Ferenc: Liliom,France,GDR
PETŐFI Sándor: Források:,France,GDR
PETŐFI Sándor: János vitéz,France,GDR
VERES Péter: Próbatétel,France,GDR
MÓRICZ Zsigmond: Rokonok,France,GDR
FÜST Milán: A feleségem története,France,GDR
MÓRICZ Zsigmond: A boldog ember,France,GDR
ILLYÉS Gyula: Források:,France,GDR
SZABÓ Magda: Az őz,France,GDR
ILLYÉS Gyula: Petőfi,France,GDR
JÓKAI Mór: A kőszívű ember fiai,France,GDR
NÉMETH László: Iszony,France,GDR
OTTLIK Géza: Iskola a határon,France,GDR
SZABÓ Magda: Freskó,France,GDR
DÉRY Tibor: A befejezetlen mondat,France,GDR
FEJES Endre: Rozsdatemető,France,GDR
ADY Endre: Források:,France,GDR
DÉRY Tibor: Források:,France,GDR
DÉRY Tibor: A kiközösítő,France,GDR
HÁY Gyula: Források:,France,GDR
ÖRKÉNY István: Egyperces novellák,France,GDR
CSERES Tibor: Hideg napok,France,GDR
MÉSZÖLY Miklós: Saulus,France,GDR
SÁNTA Ferenc: Az ötödik pecsét,France,GDR
ILLYÉS Gyula: Puszták népe,France,GDR
ILLYÉS Gyula: Kháron ladikján,France,GDR
KARDOS G. György: Avraham Bogatir hét napja,France,GDR
ÖRKÉNY István: Macskajáték,France,GDR
SZABÓ Magda: Katalin utca,France,GDR
DÉRY Tibor: Kedves Bópeer...!,France,GDR
RADNÓTI Miklós: Források:,France,GDR
VÖRÖSMARTY Mihály: Csongor és Tünde,France,GDR
ÖRKÉNY István: Rózsakiállítás,France,GDR
WEÖRES Sándor: Források:,France,GDR
LAKATOS Menyhért: Füstös képek,France,GDR
TERSÁNSZKY Józsi Jenő: Kakuk Marci,France,GDR
"HÁY Gyula: Isten, császár, paraszt",France,GDR
MÓRICZ Zsigmond: Légy jó mindhalálig,France,Greece
JÓZSEF Attila: Források:,France,Hungary
PETŐFI Sándor: Források:,France,Hungary
PETŐFI Sándor: János vitéz,France,Hungary
MOLNÁR Ferenc: A Pál utcai fiúk,France,Hungary
MÓRICZ Zsigmond: Rokonok,France,Hungary
FÜST Milán: A feleségem története,France,Hungary
SZATHMÁRI Sándor: Kazohinia,France,Hungary
ILLYÉS Gyula: Petőfi,France,Hungary
REJTŐ Jenő: Vesztegzár a Grand Hotelben,France,Hungary
ADY Endre: Források:,France,Hungary
SZABÓ Magda: Sziget-kék,France,Hungary
MÓRICZ Zsigmond: Légy jó mindhalálig,France,Hungary
SÁNTA Ferenc: Az ötödik pecsét,France,Hungary
ILLYÉS Gyula: Puszták népe,France,Hungary
RADNÓTI Miklós: Források:,France,Hungary
PILINSZKY János: Források:,France,Hungary
WEÖRES Sándor: Források:,France,Hungary
TERSÁNSZKY Józsi Jenő: Kakuk Marci,France,Hungary
PETŐFI Sándor: Források:,France,India
ADY Endre: Források:,France,India
PETŐFI Sándor: Források:,France,Iran
VERES Péter: Próbatétel,France,Iran
HARSÁNYI Zsolt: Magyar rapszódia: Liszt életének regénye,France,Israel
PETŐFI Sándor: Források:,France,Israel
MOLNÁR Ferenc: A Pál utcai fiúk,France,Israel
ADY Endre: Források:,France,Israel
MÓRICZ Zsigmond: Légy jó mindhalálig,France,Israel
KARDOS G. György: Avraham Bogatir hét napja,France,Israel
RADNÓTI Miklós: Források:,France,Israel
KONRÁD György: A cinkos,France,Israel
NYISZLI Miklós: Dr Mengele boncolóorvosa voltam,France,Israel
HARSÁNYI Zsolt: És mégis mozog a föld,France,Italy
JÓZSEF Attila: Források:,France,Italy
JUST Béla: Az eszelősök,France,Italy
MOLNÁR Ferenc: Liliom,France,Italy
PETŐFI Sándor: Források:,France,Italy
VERES Péter: Próbatétel,France,Italy
ZILAHY Lajos: A dühödt angyal,France,Italy
MOLNÁR Ferenc: A Pál utcai fiúk,France,Italy
DÉRY Tibor: Niki,France,Italy
ILLYÉS Gyula: Források:,France,Italy
SZABÓ Magda: Az őz,France,Italy
ILLYÉS Gyula: Petőfi,France,Italy
NÉMETH László: Iszony,France,Italy
DÉRY Tibor: G. A. úr X-ben,France,Italy
FEJES Endre: Rozsdatemető,France,Italy
HERNÁDI Gyula: A péntek lépcsőin,France,Italy
ADY Endre: Források:,France,Italy
DÉRY Tibor: Források:,France,Italy
DÉRY Tibor: A kiközösítő,France,Italy
LENGYEL József: Források:,France,Italy
ÖRKÉNY István: Egyperces novellák,France,Italy
MÉSZÖLY Miklós: Saulus,France,Italy
KARDOS G. György: Avraham Bogatir hét napja,France,Italy
KONRÁD György: A látogató,France,Italy
RADNÓTI Miklós: Források:,France,Italy
NYISZLI Miklós: Dr Mengele boncolóorvosa voltam,France,Italy
HARSÁNYI Zsolt: És mégis mozog a föld,France,Japan
MOLNÁR Ferenc: Liliom,France,Japan
PETŐFI Sándor: Források:,France,Japan
MOLNÁR Ferenc: A jó tündér,France,Japan
KESZI Imre: Elysium,France,Japan
ÖRKÉNY István: Tóték,France,Japan
ILLYÉS Gyula: Puszták népe,France,Japan
KONRÁD György: A látogató,France,Japan
PASSUTH László: Esőisten siratja Mexikót,France,Mexico
DÉRY Tibor: Források:,France,Mexico
PETŐFI Sándor: Források:,France,Mongolia
HARSÁNYI Zsolt: És mégis mozog a föld,France,Netherlands
HARSÁNYI Zsolt: Magyar rapszódia: Liszt életének regénye,France,Netherlands
FÖLDES Jolán: A halászó macska uccája,France,Netherlands
FÜST Milán: A feleségem története,France,Netherlands
SZABÓ Magda: Az őz,France,Netherlands
NÉMETH László: Iszony,France,Netherlands
HERNÁDI Gyula: A péntek lépcsőin,France,Netherlands
DÉRY Tibor: Források:,France,Netherlands
ILLYÉS Gyula: Puszták népe,France,Netherlands
KONRÁD György: A látogató,France,Netherlands
KONRÁD György: A cinkos,France,Netherlands
PILINSZKY János: Források:,France,Netherlands
PETŐFI Sándor: Források:,France,North Korea
HARSÁNYI Zsolt: Magyar rapszódia: Liszt életének regénye,France,Norway
JÓZSEF Attila: Források:,France,Norway
PETŐFI Sándor: Források:,France,Norway
ZILAHY Lajos: Ararát,France,Norway
DÉRY Tibor: Niki,France,Norway
ILLYÉS Gyula: Források:,France,Norway
NÉMETH László: Iszony,France,Norway
KARDOS G. György: Avraham Bogatir hét napja,France,Norway
KONRÁD György: A látogató,France,Norway
ÖRKÉNY István: Rózsakiállítás,France,Norway
RÓNAY György: A párduc és a gödölye,France,Norway
JÓZSEF Attila: Források:,France,PR China
PETŐFI Sándor: Források:,France,PR China
PETŐFI Sándor: János vitéz,France,PR China
VERES Péter: Próbatétel,France,PR China
VÖRÖSMARTY Mihály: Csongor és Tünde,France,PR China
JÓZSEF Attila: Források:,France,Poland
JUST Béla: Az eszelősök,France,Poland
PETŐFI Sándor: Források:,France,Poland
VERES Péter: Próbatétel,France,Poland
FÖLDES Jolán: A halászó macska uccája,France,Poland
MOLNÁR Ferenc: A Pál utcai fiúk,France,Poland
MÓRICZ Zsigmond: Rokonok,France,Poland
FÜST Milán: A feleségem története,France,Poland
DÉRY Tibor: Niki,France,Poland
ILLYÉS Gyula: Források:,France,Poland
SZABÓ Magda: Az őz,France,Poland
ILLYÉS Gyula: Petőfi,France,Poland
JÓKAI Mór: A kőszívű ember fiai,France,Poland
NÉMETH László: Iszony,France,Poland
OTTLIK Géza: Iskola a határon,France,Poland
SZABÓ Magda: Freskó,France,Poland
DÉRY Tibor: G. A. úr X-ben,France,Poland
FEJES Endre: Rozsdatemető,France,Poland
MÉSZÖLY Miklós: Az atléta halála,France,Poland
ADY Endre: Források:,France,Poland
DÉRY Tibor: Források:,France,Poland
DÉRY Tibor: A kiközösítő,France,Poland
SZABÓ Magda: Pilátus,France,Poland
MÓRICZ Zsigmond: Légy jó mindhalálig,France,Poland
"SZABÓ Magda: Mózes egy, huszonkettő",France,Poland
CSERES Tibor: Hideg napok,France,Poland
MÉSZÖLY Miklós: Saulus,France,Poland
SÁNTA Ferenc: Az ötödik pecsét,France,Poland
ILLYÉS Gyula: Puszták népe,France,Poland
ILLYÉS Gyula: Kháron ladikján,France,Poland
"BÁRÁNY Tamás: Város, esti fényben",France,Poland
RADNÓTI Miklós: Források:,France,Poland
ÖRKÉNY István: Rózsakiállítás,France,Poland
RÓNAY György: A párduc és a gödölye,France,Poland
WEÖRES Sándor: Források:,France,Poland
LAKATOS Menyhért: Füstös képek,France,Poland
NYISZLI Miklós: Dr Mengele boncolóorvosa voltam,France,Poland
"HÁY Gyula: Isten, császár, paraszt",France,Poland
JÓZSEF Attila: Források:,France,Portugal
FÖLDES Jolán: A halászó macska uccája,France,Portugal
DÉRY Tibor: Források:,France,Portugal
ÖRKÉNY István: Egyperces novellák,France,Portugal
JÓZSEF Attila: Források:,France,Romania
KARINTHY Frigyes: Utazás a koponyám körül,France,Romania
PETŐFI Sándor: Források:,France,Romania
PETŐFI Sándor: János vitéz,France,Romania
VERES Péter: Próbatétel,France,Romania
MOLNÁR Ferenc: A Pál utcai fiúk,France,Romania
MÓRICZ Zsigmond: Rokonok,France,Romania
FÜST Milán: A feleségem története,France,Romania
MÓRICZ Zsigmond: A boldog ember,France,Romania
JÓKAI Mór: A kőszívű ember fiai,France,Romania
NÉMETH László: Iszony,France,Romania
OTTLIK Géza: Iskola a határon,France,Romania
FEJES Endre: Rozsdatemető,France,Romania
ADY Endre: Források:,France,Romania
DÉRY Tibor: Források:,France,Romania
DÉRY Tibor: A kiközösítő,France,Romania
SZABÓ Magda: Pilátus,France,Romania
MÓRICZ Zsigmond: Légy jó mindhalálig,France,Romania
ÖRKÉNY István: Egyperces novellák,France,Romania
CSERES Tibor: Hideg napok,France,Romania
SÁNTA Ferenc: Az ötödik pecsét,France,Romania
ILLYÉS Gyula: Puszták népe,France,Romania
WEÖRES Sándor: Források:,France,Romania
NYISZLI Miklós: Dr Mengele boncolóorvosa voltam,France,Romania
JÓZSEF Attila: Források:,France,Spain
ZILAHY Lajos: A dühödt angyal,France,Spain
ZILAHY Lajos: A fegyverek visszanéznek,France,Spain
ZILAHY Lajos: A lélek kialszik,France,Spain
ZILAHY Lajos: Ararát,France,Spain
PASSUTH László: Esőisten siratja Mexikót,France,Spain
MÁRAI Sándor: A gyertyák csonkig égnek,France,Spain
MOLNÁR Ferenc: A Pál utcai fiúk,France,Spain
FÜST Milán: A feleségem története,France,Spain
SZABÓ Magda: Az őz,France,Spain
NÉMETH László: Iszony,France,Spain
OTTLIK Géza: Iskola a határon,France,Spain
DÉRY Tibor: G. A. úr X-ben,France,Spain
FEJES Endre: Rozsdatemető,France,Spain
ADY Endre: Források:,France,Spain
DÉRY Tibor: Források:,France,Spain
MÉSZÖLY Miklós: Saulus,France,Spain
DÉRY Tibor: Kedves Bópeer...!,France,Spain
KONRÁD György: A cinkos,France,Spain
HARSÁNYI Zsolt: Magyar rapszódia: Liszt életének regénye,France,Sweden
PETŐFI Sándor: Források:,France,Sweden
ZILAHY Lajos: Ararát,France,Sweden
MOLNÁR Ferenc: A Pál utcai fiúk,France,Sweden
FÜST Milán: A feleségem története,France,Sweden
DÉRY Tibor: Niki,France,Sweden
ILLYÉS Gyula: Források:,France,Sweden
SZABÓ Magda: Az őz,France,Sweden
NÉMETH László: Iszony,France,Sweden
OTTLIK Géza: Iskola a határon,France,Sweden
ADY Endre: Források:,France,Sweden
DÉRY Tibor: A kiközösítő,France,Sweden
SZABÓ Magda: Pilátus,France,Sweden
ÖRKÉNY István: Egyperces novellák,France,Sweden
"SZABÓ Magda: Mózes egy, huszonkettő",France,Sweden
ILLYÉS Gyula: Puszták népe,France,Sweden
ILLYÉS Gyula: Kháron ladikján,France,Sweden
KARDOS G. György: Avraham Bogatir hét napja,France,Sweden
KONRÁD György: A látogató,France,Sweden
SZABÓ Magda: Katalin utca,France,Sweden
KONRÁD György: A cinkos,France,Sweden
ÖRKÉNY István: Rózsakiállítás,France,Sweden
WEÖRES Sándor: Források:,France,Sweden
KONRÁD György: Antipolitika,France,Sweden
KONRÁD György: A városalapító,France,Sweden
HARSÁNYI Zsolt: És mégis mozog a föld,France,Switzerland
JÓZSEF Attila: Források:,France,Switzerland
ZILAHY Lajos: A dühödt angyal,France,Switzerland
RAB Gusztáv: Utazás az ismeretlenbe,France,Switzerland
PILINSZKY János: Források:,France,Switzerland
NYISZLI Miklós: Dr Mengele boncolóorvosa voltam,France,Switzerland
HARSÁNYI Zsolt: Magyar rapszódia: Liszt életének regénye,France,Turkey
MOLNÁR Ferenc: Liliom,France,Turkey
PETŐFI Sándor: Források:,France,Turkey
MOLNÁR Ferenc: A Pál utcai fiúk,France,Turkey
DÉRY Tibor: Niki,France,Turkey
DÉRY Tibor: Források:,France,Turkey
JÓZSEF Attila: Források:,France,UK
ZILAHY Lajos: A dühödt angyal,France,UK
PASSUTH László: Esőisten siratja Mexikót,France,UK
FÜST Milán: A feleségem története,France,UK
DÉRY Tibor: Niki,France,UK
ILLYÉS Gyula: Források:,France,UK
SZABÓ Magda: Az őz,France,UK
NÉMETH László: Iszony,France,UK
DÉRY Tibor: Források:,France,UK
LENGYEL József: Források:,France,UK
KONRÁD György: A látogató,France,UK
ÖRKÉNY István: Macskajáték,France,UK
RADNÓTI Miklós: Források:,France,UK
KONRÁD György: A cinkos,France,UK
WEÖRES Sándor: Források:,France,UK
NYISZLI Miklós: Dr Mengele boncolóorvosa voltam,France,UK
SZÁSZ Béla: Minden kényszer nélkül,France,UK
KONRÁD György: A városalapító,France,UK
JÓZSEF Attila: Források:,France,USA
PETŐFI Sándor: Források:,France,USA
ZILAHY Lajos: A dühödt angyal,France,USA
ZILAHY Lajos: Ararát,France,USA
PASSUTH László: Esőisten siratja Mexikót,France,USA
FÜST Milán: A feleségem története,France,USA
DÉRY Tibor: Niki,France,USA
ILLYÉS Gyula: Források:,France,USA
SZABÓ Magda: Az őz,France,USA
NÉMETH László: Iszony,France,USA
OTTLIK Géza: Iskola a határon,France,USA
FEJES Endre: Rozsdatemető,France,USA
ADY Endre: Források:,France,USA
LENGYEL József: Források:,France,USA
KARDOS G. György: Avraham Bogatir hét napja,France,USA
KONRÁD György: A látogató,France,USA
RADNÓTI Miklós: Források:,France,USA
KONRÁD György: A cinkos,France,USA
WEÖRES Sándor: Források:,France,USA
KONRÁD György: Antipolitika,France,USA
NYISZLI Miklós: Dr Mengele boncolóorvosa voltam,France,USA
SZÁSZ Béla: Minden kényszer nélkül,France,USA
VAJDA István: Az AA 338-as esete,France,USA
KONRÁD György: A városalapító,France,USA
PETŐFI Sándor: Források:,France,USSR-azerbajdzsán
SZABÓ Magda: Katalin utca,France,USSR-azerbajdzsán
RADNÓTI Miklós: Források:,France,USSR-azerbajdzsán
PETŐFI Sándor: Források:,France,USSR-baskir
PETŐFI Sándor: Források:,France,USSR-fehérorosz
DÉRY Tibor: Kedves Bópeer...!,France,USSR-fehérorosz
KARINTHY Frigyes: Utazás a koponyám körül,France,USSR-grúz
PETŐFI Sándor: Források:,France,USSR-grúz
PETŐFI Sándor: János vitéz,France,USSR-grúz
MOLNÁR Ferenc: A Pál utcai fiúk,France,USSR-grúz
ADY Endre: Források:,France,USSR-grúz
DÉRY Tibor: Kedves Bópeer...!,France,USSR-grúz
ÖRKÉNY István: Rózsakiállítás,France,USSR-grúz
PETŐFI Sándor: Források:,France,USSR-kazah
PETŐFI Sándor: Források:,France,USSR-kirgiz
ÖRKÉNY István: Tóték,France,USSR-kirgiz
JÓZSEF Attila: Források:,France,USSR-lett
PETŐFI Sándor: Források:,France,USSR-lett
MÓRICZ Zsigmond: A boldog ember,France,USSR-lett
ILLYÉS Gyula: Petőfi,France,USSR-lett
JÓKAI Mór: A kőszívű ember fiai,France,USSR-lett
FEJES Endre: Rozsdatemető,France,USSR-lett
RADNÓTI Miklós: Források:,France,USSR-lett
PETŐFI Sándor: Források:,France,USSR-litván
MOLNÁR Ferenc: A Pál utcai fiúk,France,USSR-litván
MÓRICZ Zsigmond: Rokonok,France,USSR-litván
FÜST Milán: A feleségem története,France,USSR-litván
JÓKAI Mór: A kőszívű ember fiai,France,USSR-litván
FEJES Endre: Rozsdatemető,France,USSR-litván
DÉRY Tibor: Források:,France,USSR-litván
PETŐFI Sándor: Források:,France,USSR-moldva
MOLNÁR Ferenc: A Pál utcai fiúk,France,USSR-moldva
SÁNTA Ferenc: Az ötödik pecsét,France,USSR-moldva
DÉRY Tibor: Kedves Bópeer...!,France,USSR-moldva
JÓZSEF Attila: Források:,France,USSR-orosz
MOLNÁR Ferenc: Liliom,France,USSR-orosz
PETŐFI Sándor: Források:,France,USSR-orosz
PETŐFI Sándor: János vitéz,France,USSR-orosz
VERES Péter: Próbatétel,France,USSR-orosz
MOLNÁR Ferenc: A Pál utcai fiúk,France,USSR-orosz
MÓRICZ Zsigmond: Rokonok,France,USSR-orosz
ILLYÉS Gyula: Források:,France,USSR-orosz
ILLYÉS Gyula: Petőfi,France,USSR-orosz
JÓKAI Mór: A kőszívű ember fiai,France,USSR-orosz
OTTLIK Géza: Iskola a határon,France,USSR-orosz
FEJES Endre: Rozsdatemető,France,USSR-orosz
ADY Endre: Források:,France,USSR-orosz
DÉRY Tibor: Források:,France,USSR-orosz
LENGYEL József: Források:,France,USSR-orosz
MÓRICZ Zsigmond: Légy jó mindhalálig,France,USSR-orosz
ÖRKÉNY István: Egyperces novellák,France,USSR-orosz
CSERES Tibor: Hideg napok,France,USSR-orosz
ÖRKÉNY István: Macskajáték,France,USSR-orosz
"BÁRÁNY Tamás: Város, esti fényben",France,USSR-orosz
DÉRY Tibor: Kedves Bópeer...!,France,USSR-orosz
RADNÓTI Miklós: Források:,France,USSR-orosz
VÖRÖSMARTY Mihály: Csongor és Tünde,France,USSR-orosz
WEÖRES Sándor: Források:,France,USSR-orosz
PETŐFI Sándor: Források:,France,USSR-tadzsik
PETŐFI Sándor: Források:,France,USSR-türkmén
SÁNTA Ferenc: Az ötödik pecsét,France,USSR-türkmén
PETŐFI Sándor: Források:,France,USSR-udmurt
JÓZSEF Attila: Források:,France,USSR-ukrán
PETŐFI Sándor: Források:,France,USSR-ukrán
PETŐFI Sándor: János vitéz,France,USSR-ukrán
MOLNÁR Ferenc: A Pál utcai fiúk,France,USSR-ukrán
JÓKAI Mór: A kőszívű ember fiai,France,USSR-ukrán
SZABÓ Magda: Freskó,France,USSR-ukrán
ADY Endre: Források:,France,USSR-ukrán
ILLYÉS Gyula: Puszták népe,France,USSR-ukrán
PETŐFI Sándor: Források:,France,USSR-észt
MOLNÁR Ferenc: A Pál utcai fiúk,France,USSR-észt
NÉMETH László: Iszony,France,USSR-észt
FEJES Endre: Rozsdatemető,France,USSR-észt
ÖRKÉNY István: Tóték,France,USSR-észt
ÖRKÉNY István: Macskajáték,France,USSR-észt
SZABÓ Magda: Katalin utca,France,USSR-észt
DÉRY Tibor: Kedves Bópeer...!,France,USSR-észt
PETŐFI Sándor: Források:,France,USSR-örmény
MOLNÁR Ferenc: A Pál utcai fiúk,France,USSR-örmény
SÁNTA Ferenc: Az ötödik pecsét,France,USSR-örmény
PETŐFI Sándor: János vitéz,France,USSR-üzbég
HERNÁDI Gyula: A péntek lépcsőin,France,Venezuela
SZABÓ Magda: Katalin utca,France,Venezuela
JÓZSEF Attila: Források:,France,Vietnam
PETŐFI Sándor: Források:,France,Vietnam
MÓRICZ Zsigmond: Rokonok,France,Vietnam
HARSÁNYI Zsolt: És mégis mozog a föld,France,Yugoslavia
HARSÁNYI Zsolt: Magyar rapszódia: Liszt életének regénye,France,Yugoslavia
JÓZSEF Attila: Források:,France,Yugoslavia
PETŐFI Sándor: Források:,France,Yugoslavia
ZILAHY Lajos: A dühödt angyal,France,Yugoslavia
ZILAHY Lajos: A fegyverek visszanéznek,France,Yugoslavia
ZILAHY Lajos: A lélek kialszik,France,Yugoslavia
ZILAHY Lajos: Ararát,France,Yugoslavia
PASSUTH László: Esőisten siratja Mexikót,France,Yugoslavia
MOLNÁR Ferenc: A Pál utcai fiúk,France,Yugoslavia
FÜST Milán: A feleségem története,France,Yugoslavia
DÉRY Tibor: Niki,France,Yugoslavia
ILLYÉS Gyula: Források:,France,Yugoslavia
SZABÓ Magda: Az őz,France,Yugoslavia
ILLYÉS Gyula: Petőfi,France,Yugoslavia
NÉMETH László: Iszony,France,Yugoslavia
OTTLIK Géza: Iskola a határon,France,Yugoslavia
SZABÓ Magda: Freskó,France,Yugoslavia
DÉRY Tibor: G. A. úr X-ben,France,Yugoslavia
DÉRY Tibor: A befejezetlen mondat,France,Yugoslavia
FEJES Endre: Rozsdatemető,France,Yugoslavia
ADY Endre: Források:,France,Yugoslavia
DÉRY Tibor: Források:,France,Yugoslavia
SZABÓ Magda: Sziget-kék,France,Yugoslavia
MÓRICZ Zsigmond: Légy jó mindhalálig,France,Yugoslavia
ÖRKÉNY István: Egyperces novellák,France,Yugoslavia
CSERES Tibor: Hideg napok,France,Yugoslavia
ILLYÉS Gyula: Puszták népe,France,Yugoslavia
KARDOS G. György: Avraham Bogatir hét napja,France,Yugoslavia
DÉRY Tibor: Kedves Bópeer...!,France,Yugoslavia
RADNÓTI Miklós: Források:,France,Yugoslavia
KONRÁD György: A cinkos,France,Yugoslavia
ÖRKÉNY István: Rózsakiállítás,France,Yugoslavia
WEÖRES Sándor: Források:,France,Yugoslavia
GÁRDONYI Géza: Egri csillagok,GDR,Greece
ILLÉS Béla: Kárpáti rapszódia,GDR,Hungary
ILLYÉS Gyula: Puszták népe,GDR,Hungary
MIKSZÁTH Kálmán: A fekete város,GDR,Hungary
MIKSZÁTH Kálmán: Különös házasság,GDR,Hungary
MÓRICZ Zsigmond: Források:,GDR,Hungary
MÓRICZ Zsigmond: Rokonok,GDR,Hungary
PETŐFI Sándor: Források:,GDR,Hungary
MIKSZÁTH Kálmán: Beszterce ostroma,GDR,Hungary
TAMÁSI Áron: Ábel a rengetegben,GDR,Hungary
MÓRA Ferenc: Kincskereső kisködmön,GDR,Hungary
PETŐFI Sándor: János vitéz,GDR,Hungary
JÓZSEF Attila: Források:,GDR,Hungary
MESTERHÁZI Lajos: Pár lépés a határ,GDR,Hungary
MURÁNYI KOVÁCS Endre: A firenzei varázsló,GDR,Hungary
GÁRDONYI Géza: A láthatatlan ember,GDR,Hungary
HEGEDŰS Géza: A milétoszi hajós,GDR,Hungary
MIKSZÁTH Kálmán: Szent Péter esernyője,GDR,Hungary
FÖLDES Péter: A túlsó partról,GDR,Hungary
GELLÉRI Andor Endre: A nagymosoda,GDR,Hungary
JÓKAI Mór: Az arany ember,GDR,Hungary
MÓRICZ Zsigmond: Forró mezők,GDR,Hungary
FEKETE Gyula: Az orvos halála,GDR,Hungary
GÁRDONYI Géza: Egri csillagok,GDR,Hungary
KARINTHY Ferenc: Budapesti tavasz,GDR,Hungary
RADNÓTI Miklós: Források:,GDR,Hungary
NÉMETH László: Gyász,GDR,Hungary
MÓRICZ Zsigmond: Tündérkert,GDR,Hungary
KARINTHY Frigyes: Források:,GDR,Hungary
NAGY László: Források:,GDR,Hungary
FÜST Milán: A feleségem története,GDR,Hungary
ILLYÉS Gyula: Petőfi,GDR,Hungary
FÜST Milán: Források:,GDR,Hungary
MÓRICZ Zsigmond: A nap árnyéka,GDR,Hungary
"TERSÁNSZKY Józsi Jenő: Viszontlátásra, drága",GDR,Hungary
WEÖRES Sándor: Források:,GDR,Hungary
ADY Endre: Források:,GDR,Hungary
MÁNDY Iván: Források:,GDR,Hungary
SARKADI Imre: Források:,GDR,Hungary
KASSÁK Lajos: Csavargások,GDR,Hungary
KOSZTOLÁNYI Dezső: A véres költő (Nero),GDR,Hungary
KRÚDY Gyula: Források:,GDR,Hungary
GÁRDONYI Géza: Isten rabjai,GDR,Hungary
PAP Károly: Azarel,GDR,Hungary
KOSZTOLÁNYI Dezső: Források:,GDR,Hungary
LENGYEL József: Három hídépítő,GDR,Hungary
KARINTHY Frigyes: Utazás Faremidóba; Capillária,GDR,Hungary
"MÁNDY Iván: Arnold, a bálnavadász",GDR,Hungary
MIKSZÁTH Kálmán: Források:,GDR,Hungary
VÖRÖSMARTY Mihály: Források:,GDR,Hungary
BABITS Mihály: Források:,GDR,Hungary
KESZI Imre: A végtelen dallam: Wagner életregénye,GDR,Hungary
FEKETE István: Források:,GDR,Hungary
SÁNTA Ferenc: Az ötödik pecsét,GDR,Hungary
SZABÓ Magda: Abigél,GDR,Hungary
NEMES NAGY Ágnes: Források:,GDR,Hungary
VAS István: Források:,GDR,Hungary
SZABÓ Magda: Régimódi történet,GDR,Hungary
KRÚDY Gyula: A vörös postakocsi,GDR,Hungary
NÉMETH László: Bűn,GDR,Hungary
HEVESI Lajos: Jelky András kalandjai,GDR,Hungary
TERSÁNSZKY Józsi Jenő: Kakuk Marci,GDR,Hungary
PETŐFI Sándor: Források:,GDR,India
ADY Endre: Források:,GDR,India
CSIKY Gergely: A proletárok,GDR,Iran
MÓRICZ Zsigmond: Források:,GDR,Iran
PETŐFI Sándor: Források:,GDR,Iran
VERES Péter: Próbatétel,GDR,Iran
ILLÉS Béla: Kárpáti rapszódia,GDR,Israel
PETŐFI Sándor: Források:,GDR,Israel
GÁRDONYI Géza: A láthatatlan ember,GDR,Israel
RADNÓTI Miklós: Források:,GDR,Israel
ADY Endre: Források:,GDR,Israel
KARDOS G. György: Avraham Bogatir hét napja,GDR,Israel
HÁY Gyula: Erő,GDR,Italy
PETŐFI Sándor: Források:,GDR,Italy
VERES Péter: Próbatétel,GDR,Italy
JÓKAI Mór: Sárga rózsa,GDR,Italy
JÓZSEF Attila: Források:,GDR,Italy
MIKSZÁTH Kálmán: Szent Péter esernyője,GDR,Italy
GÁRDONYI Géza: Egri csillagok,GDR,Italy
FEJES Endre: Rozsdatemető,GDR,Italy
RADNÓTI Miklós: Források:,GDR,Italy
ILLYÉS Gyula: Petőfi,GDR,Italy
MÉSZÖLY Miklós: Saulus,GDR,Italy
DÉRY Tibor: Képzelt riport egy amerikai pop-fesztiválról,GDR,Italy
ILLYÉS Gyula: Források:,GDR,Italy
ADY Endre: Források:,GDR,Italy
DÉRY Tibor: A kiközösítő,GDR,Italy
GÁRDONYI Géza: Isten rabjai,GDR,Italy
MOLNÁR Ferenc: Liliom,GDR,Italy
ÖRKÉNY István: Egyperces novellák,GDR,Italy
SZABÓ Magda: Az őz,GDR,Italy
KARDOS G. György: Avraham Bogatir hét napja,GDR,Italy
KOSZTOLÁNYI Dezső: Források:,GDR,Italy
NÉMETH László: Iszony,GDR,Italy
NEMES NAGY Ágnes: Források:,GDR,Italy
DÉRY Tibor: Források:,GDR,Italy
KODOLÁNYI János: Julianus barát,GDR,Italy
ILLYÉS Gyula: Puszták népe,GDR,Japan
PETŐFI Sándor: Források:,GDR,Japan
MESTERHÁZI Lajos: Pár lépés a határ,GDR,Japan
KARINTHY Ferenc: Budapesti tavasz,GDR,Japan
KERTÉSZ Ákos: Makra,GDR,Japan
MOLNÁR Ferenc: Liliom,GDR,Japan
MOLNÁR Ferenc: Források:,GDR,Liechtenstein
JÓKAI Mór: Sárga rózsa,GDR,Mexico
DÉRY Tibor: Források:,GDR,Mexico
NAGY Sándor: Megbékélés,GDR,Mongolia
PETŐFI Sándor: Források:,GDR,Mongolia
KARINTHY Ferenc: Budapesti tavasz,GDR,Mongolia
DOBOZY Imre: Források:,GDR,Mongolia
ILLÉS Béla: Kárpáti rapszódia,GDR,Netherlands
ILLYÉS Gyula: Puszták népe,GDR,Netherlands
ILLÉS Béla: Fegyvert s vitézt éneklek,GDR,Netherlands
MIKSZÁTH Kálmán: Szent Péter esernyője,GDR,Netherlands
GÁRDONYI Géza: Egri csillagok,GDR,Netherlands
FÜST Milán: A feleségem története,GDR,Netherlands
SZABÓ Magda: Az őz,GDR,Netherlands
NÉMETH László: Iszony,GDR,Netherlands
DÉRY Tibor: Ítélet nincs,GDR,Netherlands
DÉRY Tibor: Források:,GDR,Netherlands
HEVESI Lajos: Jelky András kalandjai,GDR,Netherlands
PETŐFI Sándor: Források:,GDR,North Korea
PETŐFI Sándor: Források:,GDR,Norway
JÓZSEF Attila: Források:,GDR,Norway
ILLYÉS Gyula: Források:,GDR,Norway
KARDOS G. György: Avraham Bogatir hét napja,GDR,Norway
ÖRKÉNY István: Rózsakiállítás,GDR,Norway
NÉMETH László: Iszony,GDR,Norway
Tóth Judith: Kifutópálya,GDR,Norway
HÁY Gyula: Erő,GDR,PR China
ILLÉS Béla: Kárpáti rapszódia,GDR,PR China
MÓRICZ Zsigmond: Források:,GDR,PR China
NAGY Sándor: Megbékélés,GDR,PR China
PETŐFI Sándor: Források:,GDR,PR China
SZABÓ Pál: Talpalatnyi föld,GDR,PR China
VERES Péter: Próbatétel,GDR,PR China
VÖRÖSMARTY Mihály: Csongor és Tünde,GDR,PR China
ILLÉS Béla: Ég a Tisza,GDR,PR China
ILLÉS Béla: Honfoglalás,GDR,PR China
JÓKAI Mór: Források:,GDR,PR China
JÓKAI Mór: Sárga rózsa,GDR,PR China
PETŐFI Sándor: János vitéz,GDR,PR China
JÓZSEF Attila: Források:,GDR,PR China
MIKSZÁTH Kálmán: Szent Péter esernyője,GDR,PR China
KARINTHY Frigyes: Források:,GDR,PR China
ASZTALOS István: Szél fúvatlan nem indul,GDR,Poland
DÉRY Tibor: Felelet,GDR,Poland
HÁY Gyula: Tiszazug,GDR,Poland
ILLÉS Béla: Kárpáti rapszódia,GDR,Poland
ILLYÉS Gyula: Puszták népe,GDR,Poland
MIKSZÁTH Kálmán: A fekete város,GDR,Poland
MIKSZÁTH Kálmán: A gavallérok,GDR,Poland
MIKSZÁTH Kálmán: A Noszty fiú esete Tóth Marival,GDR,Poland
MIKSZÁTH Kálmán: Különös házasság,GDR,Poland
MÓRICZ Zsigmond: Források:,GDR,Poland
MÓRICZ Zsigmond: Rokonok,GDR,Poland
PETŐFI Sándor: Források:,GDR,Poland
VERES Péter: Pályamunkások,GDR,Poland
VERES Péter: Próbatétel,GDR,Poland
VERES Péter: Három nemzedék − Szolgaság,GDR,Poland
ZALKA Máté: Doberdo,GDR,Poland
ILLÉS Béla: Ég a Tisza,GDR,Poland
ILLÉS Béla: Fegyvert s vitézt éneklek,GDR,Poland
KAFFKA Margit: Színek és évek,GDR,Poland
MIKSZÁTH Kálmán: Beszterce ostroma,GDR,Poland
TAMÁSI Áron: Ábel a rengetegben,GDR,Poland
JÓKAI Mór: A kőszívű ember fiai,GDR,Poland
JÓZSEF Attila: Források:,GDR,Poland
GÁRDONYI Géza: A láthatatlan ember,GDR,Poland
HEGEDŰS Géza: A milétoszi hajós,GDR,Poland
MIKSZÁTH Kálmán: Szent Péter esernyője,GDR,Poland
NÉMETH Imre: Őserdők mélyén: Magyar László regényes életrajza,GDR,Poland
"HÁY Gyula: Isten, császár, paraszt",GDR,Poland
JÓKAI Mór: Az arany ember,GDR,Poland
TATAY Sándor: Puskák és galambok,GDR,Poland
GÁRDONYI Géza: Egri csillagok,GDR,Poland
CSERES Tibor: Hideg napok,GDR,Poland
FEJES Endre: Rozsdatemető,GDR,Poland
KARINTHY Ferenc: Budapesti tavasz,GDR,Poland
RADNÓTI Miklós: Források:,GDR,Poland
FEHÉR Klára: Bezzeg az én időmben,GDR,Poland
NÉMETH László: Gyász,GDR,Poland
NÉMETH László: Irgalom,GDR,Poland
MOLDOVA György: Források:,GDR,Poland
KARINTHY Frigyes: Források:,GDR,Poland
MEZEI András: A csodatevő,GDR,Poland
NAGY László: Források:,GDR,Poland
PASSUTH László: Madrigál: Carlo Gesualdo életregénye,GDR,Poland
FÜST Milán: A feleségem története,GDR,Poland
ILLYÉS Gyula: Petőfi,GDR,Poland
MÉSZÖLY Miklós: Saulus,GDR,Poland
DÉRY Tibor: Képzelt riport egy amerikai pop-fesztiválról,GDR,Poland
ILLYÉS Gyula: Források:,GDR,Poland
ÖRKÉNY István: Források:,GDR,Poland
PASSUTH László: Lagúnák,GDR,Poland
SZERB Antal: VII. Olivér,GDR,Poland
KERTÉSZ Ákos: Makra,GDR,Poland
WEÖRES Sándor: Források:,GDR,Poland
ADY Endre: Források:,GDR,Poland
BOLDIZSÁR Iván: Halálaim,GDR,Poland
DÉRY Tibor: A kiközösítő,GDR,Poland
SZABÓ Magda: Freskó,GDR,Poland
DARVAS József: Város az ingoványon,GDR,Poland
LAKATOS Menyhért: Füstös képek,GDR,Poland
GÁRDONYI Géza: Isten rabjai,GDR,Poland
SZABÓ Magda: Az őz,GDR,Poland
BALÁZS József: Magyarok,GDR,Poland
ÖRKÉNY István: Rózsakiállítás,GDR,Poland
SÜTŐ András: Anyám könnyű álmot ígér,GDR,Poland
Márton Klára: Tessék engem elrabolni,GDR,Poland
NÉMETH László: Iszony,GDR,Poland
ILLYÉS Gyula: Kháron ladikján,GDR,Poland
KESZI Imre: A végtelen dallam: Wagner életregénye,GDR,Poland
KOLOZSVÁRI GRANDPIERRE Emil: Nők apróban,GDR,Poland
FEKETE István: Források:,GDR,Poland
SÁNTA Ferenc: Az ötödik pecsét,GDR,Poland
MUNKÁCSI Miklós: Kihívás,GDR,Poland
MÁNDY Iván: Csutak és a szürke ló,GDR,Poland
SZABÓ Magda: Régimódi történet,GDR,Poland
GÖNCZ Árpád: Sarusok,GDR,Poland
DÉRY Tibor: Források:,GDR,Poland
OTTLIK Géza: Iskola a határon,GDR,Poland
NÉMETH László: Bűn,GDR,Poland
HEVESI Lajos: Jelky András kalandjai,GDR,Poland
SOMOGYI TÓTH Sándor: A gyerekek kétszer születnek,GDR,Poland
NAGY Lajos: Pincenapló,GDR,Poland
JÓKAI Anna: Tartozik és követel,GDR,Poland
HELTAI Jenő: Álmokháza,GDR,Poland
JÓZSEF Attila: Források:,GDR,Portugal
KARINTHY Ferenc: Budapesti tavasz,GDR,Portugal
ÖRKÉNY István: Egyperces novellák,GDR,Portugal
DÉRY Tibor: Források:,GDR,Portugal
ASZTALOS István: Szél fúvatlan nem indul,GDR,Romania
ILLÉS Béla: Kárpáti rapszódia,GDR,Romania
ILLYÉS Gyula: Puszták népe,GDR,Romania
MIKSZÁTH Kálmán: Különös házasság,GDR,Romania
MÓRICZ Zsigmond: Források:,GDR,Romania
MÓRICZ Zsigmond: A boldog ember,GDR,Romania
MÓRICZ Zsigmond: Rokonok,GDR,Romania
ÖRKÉNY István: Házastársak,GDR,Romania
PETŐFI Sándor: Források:,GDR,Romania
VERES Péter: Próbatétel,GDR,Romania
ILLÉS Béla: Ég a Tisza,GDR,Romania
ILLÉS Béla: Fegyvert s vitézt éneklek,GDR,Romania
ILLÉS Béla: Honfoglalás,GDR,Romania
KAFFKA Margit: Színek és évek,GDR,Romania
TAMÁSI Áron: Ábel a rengetegben,GDR,Romania
JÓKAI Mór: A kőszívű ember fiai,GDR,Romania
PETŐFI Sándor: János vitéz,GDR,Romania
JÓZSEF Attila: Források:,GDR,Romania
MIKSZÁTH Kálmán: Szent Péter esernyője,GDR,Romania
ILLÉS Béla: Források:,GDR,Romania
JÓKAI Mór: Az arany ember,GDR,Romania
FEKETE Gyula: Az orvos halála,GDR,Romania
GÁRDONYI Géza: Egri csillagok,GDR,Romania
CSERES Tibor: Hideg napok,GDR,Romania
FEJES Endre: Rozsdatemető,GDR,Romania
NAGY Lajos: Források:,GDR,Romania
NÉMETH László: Irgalom,GDR,Romania
KARINTHY Frigyes: Források:,GDR,Romania
PASSUTH László: Madrigál: Carlo Gesualdo életregénye,GDR,Romania
FÜST Milán: A feleségem története,GDR,Romania
ÖRKÉNY István: Források:,GDR,Romania
KERTÉSZ Ákos: Makra,GDR,Romania
WEÖRES Sándor: Források:,GDR,Romania
ADY Endre: Források:,GDR,Romania
DÉRY Tibor: A kiközösítő,GDR,Romania
KOSZTOLÁNYI Dezső: A véres költő (Nero),GDR,Romania
KRÚDY Gyula: Források:,GDR,Romania
ÖRKÉNY István: Egyperces novellák,GDR,Romania
SÜTŐ András: Anyám könnyű álmot ígér,GDR,Romania
KOSZTOLÁNYI Dezső: Források:,GDR,Romania
NÉMETH László: Iszony,GDR,Romania
PASSUTH László: A mantuai herceg muzsikusa,GDR,Romania
SZILÁGYI István: Kő hull apadó kútba,GDR,Romania
VÖRÖSMARTY Mihály: Források:,GDR,Romania
BABITS Mihály: Források:,GDR,Romania
SÁNTA Ferenc: Az ötödik pecsét,GDR,Romania
MOLNÁR Ferenc: Források:,GDR,Romania
MUNKÁCSI Miklós: Kihívás,GDR,Romania
KARINTHY Frigyes: Utazás a koponyám körül,GDR,Romania
DÉRY Tibor: Források:,GDR,Romania
OTTLIK Géza: Iskola a határon,GDR,Romania
BETLEN Oszkár: Élet a halál földjén,GDR,Romania
JÓZSEF Attila: Források:,GDR,Spain
MIKSZÁTH Kálmán: Szent Péter esernyője,GDR,Spain
JÓKAI Mór: Az arany ember,GDR,Spain
FEJES Endre: Rozsdatemető,GDR,Spain
PASSUTH László: Madrigál: Carlo Gesualdo életregénye,GDR,Spain
FÜST Milán: A feleségem története,GDR,Spain
MÉSZÖLY Miklós: Saulus,GDR,Spain
PASSUTH László: Lagúnák,GDR,Spain
DÉRY Tibor: Kedves Bópeer...!,GDR,Spain
KERTÉSZ Ákos: Makra,GDR,Spain
ADY Endre: Források:,GDR,Spain
SZABÓ Magda: Az őz,GDR,Spain
NÉMETH László: Iszony,GDR,Spain
PASSUTH László: A mantuai herceg muzsikusa,GDR,Spain
HALASI Mária: Minden nap szenzáció,GDR,Spain
DÉRY Tibor: Források:,GDR,Spain
OTTLIK Géza: Iskola a határon,GDR,Spain
ILLYÉS Gyula: Puszták népe,GDR,Sweden
PETŐFI Sándor: Források:,GDR,Sweden
JÓKAI Mór: Az arany ember,GDR,Sweden
NAGY Lajos: Források:,GDR,Sweden
NÉMETH László: Gyász,GDR,Sweden
FÜST Milán: A feleségem története,GDR,Sweden
ILLYÉS Gyula: Források:,GDR,Sweden
KERTÉSZ Ákos: Makra,GDR,Sweden
WEÖRES Sándor: Források:,GDR,Sweden
ADY Endre: Források:,GDR,Sweden
DÉRY Tibor: A kiközösítő,GDR,Sweden
ÖRKÉNY István: Egyperces novellák,GDR,Sweden
SZABÓ Magda: Az őz,GDR,Sweden
BALÁZS József: Magyarok,GDR,Sweden
KARDOS G. György: Avraham Bogatir hét napja,GDR,Sweden
ÖRKÉNY István: Rózsakiállítás,GDR,Sweden
NÉMETH László: Iszony,GDR,Sweden
ILLYÉS Gyula: Kháron ladikján,GDR,Sweden
Tóth Judith: Kifutópálya,GDR,Sweden
SZABÓ Magda: Katalin utca,GDR,Sweden
OTTLIK Géza: Iskola a határon,GDR,Sweden
MIKSZÁTH Kálmán: A Noszty fiú esete Tóth Marival,GDR,Switzerland
JÓKAI Mór: Források:,GDR,Switzerland
JÓZSEF Attila: Források:,GDR,Switzerland
MIKSZÁTH Kálmán: Szent Péter esernyője,GDR,Switzerland
JÓKAI Mór: Az arany ember,GDR,Switzerland
KARINTHY Frigyes: Források:,GDR,Switzerland
BALÁZS József: Magyarok,GDR,Switzerland
KOSZTOLÁNYI Dezső: Források:,GDR,Switzerland
MIKSZÁTH Kálmán: Források:,GDR,Switzerland
JÓKAI Mór: Egész az északi pólusig,GDR,Switzerland
MÓRICZ Zsigmond: Források:,GDR,Turkey
PETŐFI Sándor: Források:,GDR,Turkey
GÁRDONYI Géza: A láthatatlan ember,GDR,Turkey
JÓKAI Mór: Az arany ember,GDR,Turkey
KARINTHY Ferenc: Budapesti tavasz,GDR,Turkey
MOLNÁR Ferenc: Liliom,GDR,Turkey
BALÁZS József: Magyarok,GDR,Turkey
DÉRY Tibor: Források:,GDR,Turkey
JÓZSEF Attila: Források:,GDR,UK
GÁRDONYI Géza: A láthatatlan ember,GDR,UK
MIKSZÁTH Kálmán: Szent Péter esernyője,GDR,UK
LENGYEL József: Prenn Ferenc hányatott élete,GDR,UK
RADNÓTI Miklós: Források:,GDR,UK
FÜST Milán: A feleségem története,GDR,UK
ILLYÉS Gyula: Források:,GDR,UK
WEÖRES Sándor: Források:,GDR,UK
KOSZTOLÁNYI Dezső: A véres költő (Nero),GDR,UK
SZABÓ Magda: Az őz,GDR,UK
NÉMETH László: Iszony,GDR,UK
KARINTHY Frigyes: Utazás Faremidóba; Capillária,GDR,UK
ÖRKÉNY István: Macskajáték,GDR,UK
DÉRY Tibor: Források:,GDR,UK
NÉMETH László: Bűn,GDR,UK
PETŐFI Sándor: Források:,GDR,USA
JÓZSEF Attila: Források:,GDR,USA
SZÉKELY János (John Pen): Kísértés,GDR,USA
FEJES Endre: Rozsdatemető,GDR,USA
RADNÓTI Miklós: Források:,GDR,USA
FÜST Milán: A feleségem története,GDR,USA
ILLYÉS Gyula: Források:,GDR,USA
WEÖRES Sándor: Források:,GDR,USA
ADY Endre: Források:,GDR,USA
SZABÓ Magda: Az őz,GDR,USA
KARDOS G. György: Avraham Bogatir hét napja,GDR,USA
NÉMETH László: Iszony,GDR,USA
KARINTHY Frigyes: Utazás Faremidóba; Capillária,GDR,USA
MOLNÁR Ferenc: Források:,GDR,USA
NEMES NAGY Ágnes: Források:,GDR,USA
OTTLIK Géza: Iskola a határon,GDR,USA
NAGY Sándor: Megbékélés,GDR,USSR-altaji
NAGY Sándor: Megbékélés,GDR,USSR-azerbajdzsán
PETŐFI Sándor: Források:,GDR,USSR-azerbajdzsán
JÓKAI Mór: Sárga rózsa,GDR,USSR-azerbajdzsán
RADNÓTI Miklós: Források:,GDR,USSR-azerbajdzsán
RADÓ Sándor: Dóra jelenti,GDR,USSR-azerbajdzsán
SZABÓ Magda: Katalin utca,GDR,USSR-azerbajdzsán
PETŐFI Sándor: Források:,GDR,USSR-baskir
NAGY Sándor: Megbékélés,GDR,USSR-csuvas
NAGY Sándor: Megbékélés,GDR,USSR-fehérorosz
PETŐFI Sándor: Források:,GDR,USSR-fehérorosz
DÉRY Tibor: Kedves Bópeer...!,GDR,USSR-fehérorosz
NAGY Sándor: Megbékélés,GDR,USSR-finn
NAGY Sándor: Megbékélés,GDR,USSR-grúz
PETŐFI Sándor: Források:,GDR,USSR-grúz
HELTAI Jenő: Jaguár,GDR,USSR-grúz
MIKSZÁTH Kálmán: Beszterce ostroma,GDR,USSR-grúz
MÓRA Ferenc: Kincskereső kisködmön,GDR,USSR-grúz
PETŐFI Sándor: János vitéz,GDR,USSR-grúz
FEHÉR Klára: A tenger,GDR,USSR-grúz
MIKSZÁTH Kálmán: Szent Péter esernyője,GDR,USSR-grúz
JÓKAI Mór: Az arany ember,GDR,USSR-grúz
BERKESI András: Sellő a pecsétgyűrűn,GDR,USSR-grúz
DÉRY Tibor: Kedves Bópeer...!,GDR,USSR-grúz
ADY Endre: Források:,GDR,USSR-grúz
RADÓ Sándor: Dóra jelenti,GDR,USSR-grúz
ÖRKÉNY István: Rózsakiállítás,GDR,USSR-grúz
MIKSZÁTH Kálmán: Források:,GDR,USSR-grúz
KARINTHY Frigyes: Utazás a koponyám körül,GDR,USSR-grúz
MIKSZÁTH Kálmán: Különös házasság,GDR,USSR-kazah
NAGY Sándor: Megbékélés,GDR,USSR-kazah
PETŐFI Sándor: Források:,GDR,USSR-kazah
MIKSZÁTH Kálmán: Szent Péter esernyője,GDR,USSR-kazah
TATAY Sándor: Puskák és galambok,GDR,USSR-kazah
RADÓ Sándor: Dóra jelenti,GDR,USSR-kazah
PETŐFI Sándor: Források:,GDR,USSR-kirgiz
TATAY Sándor: Puskák és galambok,GDR,USSR-kirgiz
ILLÉS Béla: Kárpáti rapszódia,GDR,USSR-lett
MIKSZÁTH Kálmán: Különös házasság,GDR,USSR-lett
MÓRICZ Zsigmond: A boldog ember,GDR,USSR-lett
PETŐFI Sándor: Források:,GDR,USSR-lett
ZALKA Máté: Doberdo,GDR,USSR-lett
THURY Zsuzsa: A francia kislány,GDR,USSR-lett
JÓKAI Mór: A kőszívű ember fiai,GDR,USSR-lett
JÓZSEF Attila: Források:,GDR,USSR-lett
MIKSZÁTH Kálmán: Szent Péter esernyője,GDR,USSR-lett
FEKETE Gyula: Az orvos halála,GDR,USSR-lett
FEJES Endre: Rozsdatemető,GDR,USSR-lett
RADNÓTI Miklós: Források:,GDR,USSR-lett
NÉMETH László: Gyász,GDR,USSR-lett
ILLYÉS Gyula: Petőfi,GDR,USSR-lett
BERKESI András: Sellő a pecsétgyűrűn,GDR,USSR-lett
RADÓ Sándor: Dóra jelenti,GDR,USSR-lett
ILLÉS Béla: Kárpáti rapszódia,GDR,USSR-litván
MIKSZÁTH Kálmán: Különös házasság,GDR,USSR-litván
MÓRICZ Zsigmond: Rokonok,GDR,USSR-litván
PETŐFI Sándor: Források:,GDR,USSR-litván
JÓKAI Mór: A kőszívű ember fiai,GDR,USSR-litván
JÓKAI Mór: Sárga rózsa,GDR,USSR-litván
MÓRA Ferenc: Kincskereső kisködmön,GDR,USSR-litván
JÓKAI Mór: Az arany ember,GDR,USSR-litván
TATAY Sándor: Puskák és galambok,GDR,USSR-litván
GÁRDONYI Géza: Egri csillagok,GDR,USSR-litván
FEJES Endre: Rozsdatemető,GDR,USSR-litván
NÉMETH László: Gyász,GDR,USSR-litván
ÖRSI Ferenc: A Tenkes kapitánya,GDR,USSR-litván
FÜST Milán: A feleségem története,GDR,USSR-litván
BERKESI András: Sellő a pecsétgyűrűn,GDR,USSR-litván
RADÓ Sándor: Dóra jelenti,GDR,USSR-litván
MÁNDY Iván: Csutak és a szürke ló,GDR,USSR-litván
DÉRY Tibor: Források:,GDR,USSR-litván
SOMOGYI TÓTH Sándor: A gyerekek kétszer születnek,GDR,USSR-litván
NAGY Sándor: Megbékélés,GDR,USSR-moldva
PETŐFI Sándor: Források:,GDR,USSR-moldva
SZABÓ Magda: Születésnap,GDR,USSR-moldva
NAGY Lajos: Források:,GDR,USSR-moldva
DÉRY Tibor: Kedves Bópeer...!,GDR,USSR-moldva
RADÓ Sándor: Dóra jelenti,GDR,USSR-moldva
SÁNTA Ferenc: Az ötödik pecsét,GDR,USSR-moldva
DÉRY Tibor: Felelet,GDR,USSR-orosz
ILLÉS Béla: Kárpáti rapszódia,GDR,USSR-orosz
MIKSZÁTH Kálmán: A fekete város,GDR,USSR-orosz
MIKSZÁTH Kálmán: A gavallérok,GDR,USSR-orosz
MIKSZÁTH Kálmán: Különös házasság,GDR,USSR-orosz
MÓRICZ Zsigmond: Források:,GDR,USSR-orosz
MÓRICZ Zsigmond: Rokonok,GDR,USSR-orosz
NAGY Sándor: Megbékélés,GDR,USSR-orosz
PETŐFI Sándor: Források:,GDR,USSR-orosz
SZABÓ Pál: Talpalatnyi föld,GDR,USSR-orosz
THURY Zsuzsa: Egy fedél alatt,GDR,USSR-orosz
VERES Péter: Próbatétel,GDR,USSR-orosz
VÖRÖSMARTY Mihály: Csongor és Tünde,GDR,USSR-orosz
ZALKA Máté: Doberdo,GDR,USSR-orosz
HELTAI Jenő: Jaguár,GDR,USSR-orosz
ILLÉS Béla: Ég a Tisza,GDR,USSR-orosz
ILLÉS Béla: Honfoglalás,GDR,USSR-orosz
KAFFKA Margit: Színek és évek,GDR,USSR-orosz
MIKSZÁTH Kálmán: Beszterce ostroma,GDR,USSR-orosz
TAMÁSI Áron: Ábel a rengetegben,GDR,USSR-orosz
THURY Zsuzsa: A francia kislány,GDR,USSR-orosz
JÓKAI Mór: A kőszívű ember fiai,GDR,USSR-orosz
JÓKAI Mór: Sárga rózsa,GDR,USSR-orosz
MÓRA Ferenc: Kincskereső kisködmön,GDR,USSR-orosz
PETŐFI Sándor: János vitéz,GDR,USSR-orosz
JÓZSEF Attila: Források:,GDR,USSR-orosz
MESTERHÁZI Lajos: Pár lépés a határ,GDR,USSR-orosz
MURÁNYI KOVÁCS Endre: A firenzei varázsló,GDR,USSR-orosz
BÓKA László: Alázatosan jelentem,GDR,USSR-orosz
FEHÉR Klára: A tenger,GDR,USSR-orosz
GODA Gábor: Panoptikum,GDR,USSR-orosz
MIKSZÁTH Kálmán: Szent Péter esernyője,GDR,USSR-orosz
ILLÉS Béla: Források:,GDR,USSR-orosz
MESTERHÁZI Lajos: A tizenegyedik parancsolat,GDR,USSR-orosz
JÓKAI Mór: Az arany ember,GDR,USSR-orosz
MESTERHÁZI Lajos: Az ártatlanság kora,GDR,USSR-orosz
MESTERHÁZI Lajos: Pesti emberek,GDR,USSR-orosz
MÓRICZ Zsigmond: Forró mezők,GDR,USSR-orosz
TATAY Sándor: Puskák és galambok,GDR,USSR-orosz
FEHÉR Klára: A teremtés koronája,GDR,USSR-orosz
FEKETE Gyula: Az orvos halála,GDR,USSR-orosz
GÁRDONYI Géza: Egri csillagok,GDR,USSR-orosz
CSERES Tibor: Hideg napok,GDR,USSR-orosz
FEJES Endre: Rozsdatemető,GDR,USSR-orosz
LENGYEL József: Prenn Ferenc hányatott élete,GDR,USSR-orosz
RADNÓTI Miklós: Források:,GDR,USSR-orosz
SZABÓ Magda: Születésnap,GDR,USSR-orosz
PASSUTH László: Aranyködben fáznak az istenek,GDR,USSR-orosz
NAGY Lajos: Források:,GDR,USSR-orosz
NÉMETH László: Gyász,GDR,USSR-orosz
NÉMETH László: Irgalom,GDR,USSR-orosz
KARINTHY Frigyes: Források:,GDR,USSR-orosz
ILLYÉS Gyula: Petőfi,GDR,USSR-orosz
BERKESI András: Sellő a pecsétgyűrűn,GDR,USSR-orosz
GALGÓCZI Erzsébet: Források:,GDR,USSR-orosz
HIDAS Antal: Ficzek úr,GDR,USSR-orosz
ILLYÉS Gyula: Források:,GDR,USSR-orosz
ÖRKÉNY István: Források:,GDR,USSR-orosz
SZAMOS Rudolf: Kántor nyomoz,GDR,USSR-orosz
DÉRY Tibor: Kedves Bópeer...!,GDR,USSR-orosz
WEÖRES Sándor: Források:,GDR,USSR-orosz
ADY Endre: Források:,GDR,USSR-orosz
SARKADI Imre: Források:,GDR,USSR-orosz
BERTHA Bulcsu: A kenguru,GDR,USSR-orosz
DOBOZY Imre: Források:,GDR,USSR-orosz
GELLÉRI Andor Endre: Források:,GDR,USSR-orosz
KOSZTOLÁNYI Dezső: A véres költő (Nero),GDR,USSR-orosz
KRÚDY Gyula: Források:,GDR,USSR-orosz
MOLNÁR Ferenc: Liliom,GDR,USSR-orosz
ÖRKÉNY István: Egyperces novellák,GDR,USSR-orosz
TERSÁNSZKY Józsi Jenő: Források:,GDR,USSR-orosz
KOSZTOLÁNYI Dezső: Források:,GDR,USSR-orosz
GARAI Gábor: Források:,GDR,USSR-orosz
KARINTHY Frigyes: Utazás Faremidóba; Capillária,GDR,USSR-orosz
"MÁNDY Iván: Arnold, a bálnavadász",GDR,USSR-orosz
MIKSZÁTH Kálmán: Források:,GDR,USSR-orosz
VÉSZI Endre: Források:,GDR,USSR-orosz
VÖRÖSMARTY Mihály: Források:,GDR,USSR-orosz
BABITS Mihály: Források:,GDR,USSR-orosz
ZALKA Miklós: Ostrom,GDR,USSR-orosz
SZAKONYI Károly: Szép nyár*,GDR,USSR-orosz
DOBOZY Imre: Hatalom nélkül,GDR,USSR-orosz
MOLNÁR Ferenc: Források:,GDR,USSR-orosz
SZABÓ Magda: Régimódi történet,GDR,USSR-orosz
ÖRKÉNY István: Macskajáték,GDR,USSR-orosz
DÉRY Tibor: Források:,GDR,USSR-orosz
OTTLIK Géza: Iskola a határon,GDR,USSR-orosz
KERTÉSZ Ákos: Özvegyek,GDR,USSR-orosz
PETŐFI Sándor: Források:,GDR,USSR-tadzsik
JÓKAI Mór: Sárga rózsa,GDR,USSR-tadzsik
RADÓ Sándor: Dóra jelenti,GDR,USSR-tadzsik
PETŐFI Sándor: Források:,GDR,USSR-türkmén
JÓKAI Mór: Sárga rózsa,GDR,USSR-türkmén
KARINTHY Ferenc: Budapesti tavasz,GDR,USSR-türkmén
RADÓ Sándor: Dóra jelenti,GDR,USSR-türkmén
SÁNTA Ferenc: Az ötödik pecsét,GDR,USSR-türkmén
NAGY Sándor: Megbékélés,GDR,USSR-udmurt
PETŐFI Sándor: Források:,GDR,USSR-udmurt
ILLÉS Béla: Kárpáti rapszódia,GDR,USSR-ukrán
ILLYÉS Gyula: Puszták népe,GDR,USSR-ukrán
MIKSZÁTH Kálmán: Különös házasság,GDR,USSR-ukrán
MÓRICZ Zsigmond: Források:,GDR,USSR-ukrán
PETŐFI Sándor: Források:,GDR,USSR-ukrán
ZALKA Máté: Doberdo,GDR,USSR-ukrán
JÓKAI Mór: A kőszívű ember fiai,GDR,USSR-ukrán
JÓKAI Mór: Sárga rózsa,GDR,USSR-ukrán
PETŐFI Sándor: János vitéz,GDR,USSR-ukrán
JÓZSEF Attila: Források:,GDR,USSR-ukrán
MIKSZÁTH Kálmán: Szent Péter esernyője,GDR,USSR-ukrán
TATAY Sándor: Puskák és galambok,GDR,USSR-ukrán
GÁRDONYI Géza: Egri csillagok,GDR,USSR-ukrán
SZABÓ Magda: Születésnap,GDR,USSR-ukrán
DOBOZY Imre: A tizedes meg a többiek,GDR,USSR-ukrán
THURY Zsuzsa: Angéla,GDR,USSR-ukrán
HIDAS Antal: Ficzek úr,GDR,USSR-ukrán
ADY Endre: Források:,GDR,USSR-ukrán
BERTHA Bulcsu: A kenguru,GDR,USSR-ukrán
SZABÓ Magda: Freskó,GDR,USSR-ukrán
CSUKÁS István: Keménykalap és krumpliorr,GDR,USSR-ukrán
RADÓ Sándor: Dóra jelenti,GDR,USSR-ukrán
DOBOZY Imre: Hatalom nélkül,GDR,USSR-ukrán
SZABÓ Magda: Régimódi történet,GDR,USSR-ukrán
JÓKAI Mór: Egész az északi pólusig,GDR,USSR-ukrán
NÉMETH László: Bűn,GDR,USSR-ukrán
JÓKAI Anna: Tartozik és követel,GDR,USSR-ukrán
MÓRICZ Zsigmond: Források:,GDR,USSR-észt
PETŐFI Sándor: Források:,GDR,USSR-észt
MÓRA Ferenc: Kincskereső kisködmön,GDR,USSR-észt
MESTERHÁZI Lajos: Pár lépés a határ,GDR,USSR-észt
GÁRDONYI Géza: A láthatatlan ember,GDR,USSR-észt
MIKSZÁTH Kálmán: Szent Péter esernyője,GDR,USSR-észt
JÓKAI Mór: Az arany ember,GDR,USSR-észt
TATAY Sándor: Puskák és galambok,GDR,USSR-észt
GÁRDONYI Géza: Egri csillagok,GDR,USSR-észt
FEJES Endre: Rozsdatemető,GDR,USSR-észt
DÉRY Tibor: Kedves Bópeer...!,GDR,USSR-észt
NÉMETH László: Iszony,GDR,USSR-észt
ÖRKÉNY István: Macskajáték,GDR,USSR-észt
SZABÓ Magda: Katalin utca,GDR,USSR-észt
PETŐFI Sándor: Források:,GDR,USSR-örmény
MÓRA Ferenc: Kincskereső kisködmön,GDR,USSR-örmény
JÓKAI Mór: Az arany ember,GDR,USSR-örmény
MÓRICZ Zsigmond: Forró mezők,GDR,USSR-örmény
TATAY Sándor: Puskák és galambok,GDR,USSR-örmény
BERKESI András: Sellő a pecsétgyűrűn,GDR,USSR-örmény
KOSZTOLÁNYI Dezső: A véres költő (Nero),GDR,USSR-örmény
RADÓ Sándor: Dóra jelenti,GDR,USSR-örmény
SÁNTA Ferenc: Az ötödik pecsét,GDR,USSR-örmény
ILLÉS Béla: Kárpáti rapszódia,GDR,USSR-üzbég
MIKSZÁTH Kálmán: Különös házasság,GDR,USSR-üzbég
MÓRA Ferenc: Kincskereső kisködmön,GDR,USSR-üzbég
PETŐFI Sándor: János vitéz,GDR,USSR-üzbég
NÉMETH László: Gyász,GDR,USSR-üzbég
SZABÓ Magda: Katalin utca,GDR,Venezuela
MÓRICZ Zsigmond: Rokonok,GDR,Vietnam
PETŐFI Sándor: Források:,GDR,Vietnam
JÓZSEF Attila: Források:,GDR,Vietnam
GÁRDONYI Géza: Egri csillagok,GDR,Vietnam
KOSZTOLÁNYI Dezső: A véres költő (Nero),GDR,Vietnam
DÉRY Tibor: A befejezetlen mondat,GDR,Yugoslavia
ILLÉS Béla: Kárpáti rapszódia,GDR,Yugoslavia
ILLYÉS Gyula: Puszták népe,GDR,Yugoslavia
MIKSZÁTH Kálmán: Különös házasság,GDR,Yugoslavia
PETŐFI Sándor: Források:,GDR,Yugoslavia
MIKSZÁTH Kálmán: Beszterce ostroma,GDR,Yugoslavia
JÓZSEF Attila: Források:,GDR,Yugoslavia
GÁRDONYI Géza: A láthatatlan ember,GDR,Yugoslavia
MIKSZÁTH Kálmán: Szent Péter esernyője,GDR,Yugoslavia
JÓKAI Mór: Az arany ember,GDR,Yugoslavia
GÁRDONYI Géza: Egri csillagok,GDR,Yugoslavia
CSERES Tibor: Hideg napok,GDR,Yugoslavia
FEJES Endre: Rozsdatemető,GDR,Yugoslavia
KARINTHY Ferenc: Budapesti tavasz,GDR,Yugoslavia
RADNÓTI Miklós: Források:,GDR,Yugoslavia
SZABÓ Magda: Születésnap,GDR,Yugoslavia
NÉMETH László: Gyász,GDR,Yugoslavia
FÜST Milán: A feleségem története,GDR,Yugoslavia
ILLYÉS Gyula: Petőfi,GDR,Yugoslavia
ILLYÉS Gyula: Források:,GDR,Yugoslavia
DÉRY Tibor: Kedves Bópeer...!,GDR,Yugoslavia
KERTÉSZ Ákos: Makra,GDR,Yugoslavia
WEÖRES Sándor: Források:,GDR,Yugoslavia
ADY Endre: Források:,GDR,Yugoslavia
JÓKAI Mór: Kárpáthy Zoltán,GDR,Yugoslavia
SZABÓ Magda: Freskó,GDR,Yugoslavia
GÁRDONYI Géza: Isten rabjai,GDR,Yugoslavia
ÖRKÉNY István: Egyperces novellák,GDR,Yugoslavia
SZABÓ Magda: Az őz,GDR,Yugoslavia
KARDOS G. György: Avraham Bogatir hét napja,GDR,Yugoslavia
ÖRKÉNY István: Rózsakiállítás,GDR,Yugoslavia
NÉMETH László: Iszony,GDR,Yugoslavia
KOLOZSVÁRI GRANDPIERRE Emil: Nők apróban,GDR,Yugoslavia
SZABÓ Magda: Régimódi történet,GDR,Yugoslavia
DÉRY Tibor: Források:,GDR,Yugoslavia
OTTLIK Géza: Iskola a határon,GDR,Yugoslavia
NÉMETH László: Bűn,GDR,Yugoslavia
MÓRICZ Zsigmond: Légy jó mindhalálig,Greece,Hungary
GÁRDONYI Géza: Egri csillagok,Greece,Hungary
MÓRICZ Zsigmond: Légy jó mindhalálig,Greece,Israel
HALASI Mária: Az utolsó padban,Greece,Italy
GÁRDONYI Géza: Egri csillagok,Greece,Italy
GÁRDONYI Géza: Egri csillagok,Greece,Netherlands
HALASI Mária: Az utolsó padban,Greece,Norway
MÓRICZ Zsigmond: Légy jó mindhalálig,Greece,Poland
GÁRDONYI Géza: Egri csillagok,Greece,Poland
MÓRICZ Zsigmond: Légy jó mindhalálig,Greece,Romania
GÁRDONYI Géza: Egri csillagok,Greece,Romania
HALASI Mária: Az utolsó padban,Greece,Spain
GÁRDONYI Géza: Egri csillagok,Greece,USSR-litván
HALASI Mária: Az utolsó padban,Greece,USSR-orosz
MÓRICZ Zsigmond: Légy jó mindhalálig,Greece,USSR-orosz
GÁRDONYI Géza: Egri csillagok,Greece,USSR-orosz
GÁRDONYI Géza: Egri csillagok,Greece,USSR-ukrán
GÁRDONYI Géza: Egri csillagok,Greece,USSR-észt
GÁRDONYI Géza: Egri csillagok,Greece,Vietnam
MÓRICZ Zsigmond: Légy jó mindhalálig,Greece,Yugoslavia
GÁRDONYI Géza: Egri csillagok,Greece,Yugoslavia
ADY Endre: Források:,Hungary,India
PETŐFI Sándor: Források:,Hungary,India
PETŐFI Sándor: Források:,Hungary,Iran
MÓRICZ Zsigmond: Források:,Hungary,Iran
ADY Endre: Források:,Hungary,Israel
PETŐFI Sándor: Források:,Hungary,Israel
GÁRDONYI Géza: A láthatatlan ember,Hungary,Israel
PETŐFI Sándor: Az apostol,Hungary,Israel
MÓRICZ Zsigmond: Légy jó mindhalálig,Hungary,Israel
ILLÉS Béla: Kárpáti rapszódia,Hungary,Israel
KARINTHY Frigyes: Tanár úr kérem,Hungary,Israel
MOLNÁR Ferenc: A Pál utcai fiúk,Hungary,Israel
RADNÓTI Miklós: Források:,Hungary,Israel
ADY Endre: Források:,Hungary,Italy
JÓZSEF Attila: Források:,Hungary,Italy
MADÁCH Imre: Az ember tragédiája,Hungary,Italy
PETŐFI Sándor: Források:,Hungary,Italy
MIKSZÁTH Kálmán: Szent Péter esernyője,Hungary,Italy
"MIKSZÁTH Kálmán: Prakovszky, a siket kovács",Hungary,Italy
GÁRDONYI Géza: Egri csillagok,Hungary,Italy
SÁNTA Ferenc: Húsz óra,Hungary,Italy
ILLYÉS Gyula: Petőfi,Hungary,Italy
MOLNÁR Ferenc: A Pál utcai fiúk,Hungary,Italy
RADNÓTI Miklós: Források:,Hungary,Italy
KOSZTOLÁNYI Dezső: Források:,Hungary,Italy
NEMES NAGY Ágnes: Források:,Hungary,Italy
GÁRDONYI Géza: Isten rabjai,Hungary,Italy
MADÁCH Imre: Az ember tragédiája,Hungary,Japan
PETŐFI Sándor: Források:,Hungary,Japan
MESTERHÁZI Lajos: Pár lépés a határ,Hungary,Japan
KARINTHY Ferenc: Budapesti tavasz,Hungary,Japan
ILLYÉS Gyula: Puszták népe,Hungary,Japan
PETŐFI Sándor: Források:,Hungary,Mongolia
KARINTHY Ferenc: Budapesti tavasz,Hungary,Mongolia
MIKSZÁTH Kálmán: Szent Péter esernyője,Hungary,Netherlands
GERGELY Márta: Szöszi,Hungary,Netherlands
HEVESI Lajos: Jelky András kalandjai,Hungary,Netherlands
ILLÉS Béla: Kárpáti rapszódia,Hungary,Netherlands
GÁRDONYI Géza: Egri csillagok,Hungary,Netherlands
ILLYÉS Gyula: Puszták népe,Hungary,Netherlands
PILINSZKY János: Források:,Hungary,Netherlands
FÜST Milán: A feleségem története,Hungary,Netherlands
PETŐFI Sándor: Források:,Hungary,North Korea
JÓZSEF Attila: Források:,Hungary,Norway
MADÁCH Imre: Az ember tragédiája,Hungary,Norway
PETŐFI Sándor: Források:,Hungary,Norway
KOSZTOLÁNYI Dezső: Édes Anna,Hungary,Norway
GYÁRFÁS Miklós: Mesterfogás,Hungary,Norway
JÓZSEF Attila: Források:,Hungary,PR China
PETŐFI Sándor: Források:,Hungary,PR China
PETŐFI Sándor: János vitéz,Hungary,PR China
TÖMÖRKÉNY István: Források:,Hungary,PR China
MIKSZÁTH Kálmán: Szent Péter esernyője,Hungary,PR China
PETŐFI Sándor: Az apostol,Hungary,PR China
ILLÉS Béla: Kárpáti rapszódia,Hungary,PR China
KARINTHY Frigyes: Források:,Hungary,PR China
MÓRICZ Zsigmond: Források:,Hungary,PR China
ADY Endre: Források:,Hungary,Poland
JÓZSEF Attila: Források:,Hungary,Poland
MADÁCH Imre: Az ember tragédiája,Hungary,Poland
PETŐFI Sándor: Források:,Hungary,Poland
GÁRDONYI Géza: A láthatatlan ember,Hungary,Poland
HEGEDŰS Géza: A milétoszi hajós,Hungary,Poland
MIKSZÁTH Kálmán: Szent Péter esernyője,Hungary,Poland
MÓRICZ Zsigmond: Rokonok,Hungary,Poland
HEVESI Lajos: Jelky András kalandjai,Hungary,Poland
SZABÓ Magda: Mondják meg Zsófikának,Hungary,Poland
SZÁVA István: A szirakuzai óriás,Hungary,Poland
GERGELY Sándor: Rögös út,Hungary,Poland
JÓKAI Mór: Az arany ember,Hungary,Poland
MIKSZÁTH Kálmán: Beszterce ostroma,Hungary,Poland
MÓRICZ Zsigmond: Légy jó mindhalálig,Hungary,Poland
ILLÉS Béla: Kárpáti rapszódia,Hungary,Poland
KARINTHY Ferenc: Budapesti tavasz,Hungary,Poland
MIKSZÁTH Kálmán: A fekete város,Hungary,Poland
SZABÓ Magda: Álarcosbál,Hungary,Poland
SZERB Antal: A Pendragon legenda,Hungary,Poland
MIKSZÁTH Kálmán: Különös házasság,Hungary,Poland
BABITS Mihály: A gólyakalifa,Hungary,Poland
GÁRDONYI Géza: Egri csillagok,Hungary,Poland
NÉMETH László: Bűn,Hungary,Poland
SÁNTA Ferenc: Húsz óra,Hungary,Poland
TAMÁSI Áron: Ábel a rengetegben,Hungary,Poland
MIKSZÁTH Kálmán: A két koldusdiák,Hungary,Poland
MOLDOVA György: Sötét angyal,Hungary,Poland
ILLYÉS Gyula: Puszták népe,Hungary,Poland
KOSZTOLÁNYI Dezső: Esti Kornél,Hungary,Poland
"DÉKÁNY András: Matrózok, hajók, kapitányok",Hungary,Poland
ILLYÉS Gyula: Petőfi,Hungary,Poland
JÓKAI Mór: Szegény gazdagok,Hungary,Poland
PALOTAI Boris: Zöld dió,Hungary,Poland
KARINTHY Frigyes: Források:,Hungary,Poland
NAGY László: Források:,Hungary,Poland
SZERB Antal: Utas és holdvilág,Hungary,Poland
MÓRICZ Zsigmond: Források:,Hungary,Poland
MOLNÁR Ferenc: A Pál utcai fiúk,Hungary,Poland
SZABÓ Magda: Régimódi történet,Hungary,Poland
ILLYÉS Gyula: Tűz vagyok,Hungary,Poland
KESZI Imre: A végtelen dallam: Wagner életregénye,Hungary,Poland
FÜST Milán: A feleségem története,Hungary,Poland
RADNÓTI Miklós: Források:,Hungary,Poland
FEKETE István: Források:,Hungary,Poland
SÁNTA Ferenc: Az ötödik pecsét,Hungary,Poland
KASSÁK Lajos: Források:,Hungary,Poland
WEÖRES Sándor: Források:,Hungary,Poland
GÁRDONYI Géza: Isten rabjai,Hungary,Poland
NÉMETH László: Gyász,Hungary,Poland
JÓZSEF Attila: Források:,Hungary,Portugal
KARINTHY Ferenc: Budapesti tavasz,Hungary,Portugal
ADY Endre: Források:,Hungary,Romania
JÓZSEF Attila: Források:,Hungary,Romania
KATONA József: Bánk bán,Hungary,Romania
MADÁCH Imre: Az ember tragédiája,Hungary,Romania
PETŐFI Sándor: Források:,Hungary,Romania
PETŐFI Sándor: János vitéz,Hungary,Romania
MIKSZÁTH Kálmán: Szent Péter esernyője,Hungary,Romania
MÓRICZ Zsigmond: Rokonok,Hungary,Romania
PETŐFI Sándor: Az apostol,Hungary,Romania
ARANY János: Források:,Hungary,Romania
JÓKAI Mór: Az arany ember,Hungary,Romania
MÓRICZ Zsigmond: Légy jó mindhalálig,Hungary,Romania
ILLÉS Béla: Kárpáti rapszódia,Hungary,Romania
JÓKAI Mór: Fekete gyémántok,Hungary,Romania
KOSZTOLÁNYI Dezső: A véres költő (Nero),Hungary,Romania
MIKSZÁTH Kálmán: Különös házasság,Hungary,Romania
FEKETE Gyula: Az orvos halála,Hungary,Romania
GÁRDONYI Géza: Egri csillagok,Hungary,Romania
TAMÁSI Áron: Ábel a rengetegben,Hungary,Romania
MOLDOVA György: Sötét angyal,Hungary,Romania
ILLYÉS Gyula: Puszták népe,Hungary,Romania
KOSZTOLÁNYI Dezső: Esti Kornél,Hungary,Romania
DÉKÁNY András: Robinson utolsó kalandja,Hungary,Romania
KARINTHY Frigyes: Források:,Hungary,Romania
MÓRICZ Zsigmond: Források:,Hungary,Romania
MOLNÁR Ferenc: A Pál utcai fiúk,Hungary,Romania
SZABÓ Lőrinc: A huszonhatodik év,Hungary,Romania
FÜST Milán: A feleségem története,Hungary,Romania
BABITS Mihály: Források:,Hungary,Romania
VÖRÖSMARTY Mihály: Források:,Hungary,Romania
KOSZTOLÁNYI Dezső: Források:,Hungary,Romania
SÁNTA Ferenc: Az ötödik pecsét,Hungary,Romania
KRÚDY Gyula: Források:,Hungary,Romania
KASSÁK Lajos: Források:,Hungary,Romania
WEÖRES Sándor: Források:,Hungary,Romania
FEHÉR Klára: A földrengések szigete,Hungary,Romania
ADY Endre: Források:,Hungary,Spain
JÓZSEF Attila: Források:,Hungary,Spain
MIKSZÁTH Kálmán: Szent Péter esernyője,Hungary,Spain
JÓKAI Mór: Az arany ember,Hungary,Spain
MOLNÁR Ferenc: A Pál utcai fiúk,Hungary,Spain
FÜST Milán: A feleségem története,Hungary,Spain
ADY Endre: Források:,Hungary,Sweden
PETŐFI Sándor: Források:,Hungary,Sweden
JÓKAI Mór: Az arany ember,Hungary,Sweden
ILLYÉS Gyula: Puszták népe,Hungary,Sweden
MOLNÁR Ferenc: A Pál utcai fiúk,Hungary,Sweden
FÜST Milán: A feleségem története,Hungary,Sweden
WEÖRES Sándor: Források:,Hungary,Sweden
NÉMETH László: Gyász,Hungary,Sweden
JÓZSEF Attila: Források:,Hungary,Switzerland
MIKSZÁTH Kálmán: Szent Péter esernyője,Hungary,Switzerland
MIKSZÁTH Kálmán: Források:,Hungary,Switzerland
JÓKAI Mór: Az arany ember,Hungary,Switzerland
KARINTHY Frigyes: Források:,Hungary,Switzerland
JÓKAI Mór: Egy hírhedett kalandor,Hungary,Switzerland
PILINSZKY János: Források:,Hungary,Switzerland
KOSZTOLÁNYI Dezső: Források:,Hungary,Switzerland
KATONA József: Bánk bán,Hungary,Turkey
MADÁCH Imre: Az ember tragédiája,Hungary,Turkey
PETŐFI Sándor: Források:,Hungary,Turkey
GÁRDONYI Géza: A láthatatlan ember,Hungary,Turkey
JÓKAI Mór: Az arany ember,Hungary,Turkey
KARINTHY Ferenc: Budapesti tavasz,Hungary,Turkey
MÓRICZ Zsigmond: Források:,Hungary,Turkey
MOLNÁR Ferenc: A Pál utcai fiúk,Hungary,Turkey
JÓZSEF Attila: Források:,Hungary,UK
GÁRDONYI Géza: A láthatatlan ember,Hungary,UK
MIKSZÁTH Kálmán: Szent Péter esernyője,Hungary,UK
KOSZTOLÁNYI Dezső: Édes Anna,Hungary,UK
KOSZTOLÁNYI Dezső: A véres költő (Nero),Hungary,UK
KARINTHY Frigyes: Utazás Faremidóba; Capillária,Hungary,UK
NÉMETH László: Bűn,Hungary,UK
CSÁTH Géza: Források:,Hungary,UK
FÜST Milán: A feleségem története,Hungary,UK
RADNÓTI Miklós: Források:,Hungary,UK
WEÖRES Sándor: Források:,Hungary,UK
ADY Endre: Források:,Hungary,USA
JÓZSEF Attila: Források:,Hungary,USA
MADÁCH Imre: Az ember tragédiája,Hungary,USA
PETŐFI Sándor: Források:,Hungary,USA
ARANY János: Források:,Hungary,USA
KARINTHY Frigyes: Utazás Faremidóba; Capillária,Hungary,USA
BÖLÖNI FARKAS Sándor: Utazás Észak-Amerikában,Hungary,USA
CSÁTH Géza: Források:,Hungary,USA
FÜST Milán: A feleségem története,Hungary,USA
RADNÓTI Miklós: Források:,Hungary,USA
NEMES NAGY Ágnes: Források:,Hungary,USA
WEÖRES Sándor: Források:,Hungary,USA
PETŐFI Sándor: Források:,Hungary,USSR-azerbajdzsán
KARINTHY Frigyes: Tanár úr kérem,Hungary,USSR-azerbajdzsán
RADNÓTI Miklós: Források:,Hungary,USSR-azerbajdzsán
PETŐFI Sándor: Források:,Hungary,USSR-baskir
PETŐFI Sándor: Források:,Hungary,USSR-fehérorosz
ADY Endre: Források:,Hungary,USSR-grúz
MADÁCH Imre: Az ember tragédiája,Hungary,USSR-grúz
PETŐFI Sándor: Források:,Hungary,USSR-grúz
PETŐFI Sándor: János vitéz,Hungary,USSR-grúz
MÓRA Ferenc: Kincskereső kisködmön,Hungary,USSR-grúz
MIKSZÁTH Kálmán: Szent Péter esernyője,Hungary,USSR-grúz
MIKSZÁTH Kálmán: Források:,Hungary,USSR-grúz
JÓKAI Mór: Az arany ember,Hungary,USSR-grúz
MIKSZÁTH Kálmán: Beszterce ostroma,Hungary,USSR-grúz
JÓKAI Mór: Fekete gyémántok,Hungary,USSR-grúz
MOLNÁR Ferenc: A Pál utcai fiúk,Hungary,USSR-grúz
PETŐFI Sándor: Források:,Hungary,USSR-kazah
MIKSZÁTH Kálmán: Szent Péter esernyője,Hungary,USSR-kazah
MIKSZÁTH Kálmán: Különös házasság,Hungary,USSR-kazah
PETŐFI Sándor: Források:,Hungary,USSR-kirgiz
JÓZSEF Attila: Források:,Hungary,USSR-lett
PETŐFI Sándor: Források:,Hungary,USSR-lett
MIKSZÁTH Kálmán: Szent Péter esernyője,Hungary,USSR-lett
GERGELY Márta: Szöszi,Hungary,USSR-lett
SZABÓ Magda: Mondják meg Zsófikának,Hungary,USSR-lett
ILLÉS Béla: Kárpáti rapszódia,Hungary,USSR-lett
MIKSZÁTH Kálmán: Különös házasság,Hungary,USSR-lett
FEKETE Gyula: Az orvos halála,Hungary,USSR-lett
ILLYÉS Gyula: Petőfi,Hungary,USSR-lett
RADNÓTI Miklós: Források:,Hungary,USSR-lett
NÉMETH László: Gyász,Hungary,USSR-lett
PETŐFI Sándor: Források:,Hungary,USSR-litván
MÓRA Ferenc: Kincskereső kisködmön,Hungary,USSR-litván
MÓRICZ Zsigmond: Rokonok,Hungary,USSR-litván
SZABÓ Magda: Mondják meg Zsófikának,Hungary,USSR-litván
JÓKAI Mór: Az arany ember,Hungary,USSR-litván
ILLÉS Béla: Kárpáti rapszódia,Hungary,USSR-litván
JÓKAI Mór: Fekete gyémántok,Hungary,USSR-litván
KOSZTOLÁNYI Dezső: Édes Anna,Hungary,USSR-litván
SZABÓ Magda: Álarcosbál,Hungary,USSR-litván
MIKSZÁTH Kálmán: Különös házasság,Hungary,USSR-litván
GÁRDONYI Géza: Egri csillagok,Hungary,USSR-litván
MOLNÁR Ferenc: A Pál utcai fiúk,Hungary,USSR-litván
FÜST Milán: A feleségem története,Hungary,USSR-litván
NÉMETH László: Gyász,Hungary,USSR-litván
PETŐFI Sándor: Források:,Hungary,USSR-moldva
GERGELY Márta: Szöszi,Hungary,USSR-moldva
MOLNÁR Ferenc: A Pál utcai fiúk,Hungary,USSR-moldva
SÁNTA Ferenc: Az ötödik pecsét,Hungary,USSR-moldva
ADY Endre: Források:,Hungary,USSR-orosz
JÓZSEF Attila: Források:,Hungary,USSR-orosz
MADÁCH Imre: Az ember tragédiája,Hungary,USSR-orosz
PETŐFI Sándor: Források:,Hungary,USSR-orosz
PETŐFI Sándor: János vitéz,Hungary,USSR-orosz
TÖMÖRKÉNY István: Források:,Hungary,USSR-orosz
MÓRA Ferenc: Kincskereső kisködmön,Hungary,USSR-orosz
MIKSZÁTH Kálmán: Szent Péter esernyője,Hungary,USSR-orosz
MÓRICZ Zsigmond: Rokonok,Hungary,USSR-orosz
GERGELY Márta: Szöszi,Hungary,USSR-orosz
MESTERHÁZI Lajos: Pár lépés a határ,Hungary,USSR-orosz
SZABÓ Magda: Mondják meg Zsófikának,Hungary,USSR-orosz
DARVAS József: A törökverő,Hungary,USSR-orosz
MIKSZÁTH Kálmán: Források:,Hungary,USSR-orosz
MÓRA Ferenc: Aranykoporsó,Hungary,USSR-orosz
MURÁNYI KOVÁCS Endre: A firenzei varázsló,Hungary,USSR-orosz
ARANY János: Források:,Hungary,USSR-orosz
JÓKAI Mór: Az arany ember,Hungary,USSR-orosz
MIKSZÁTH Kálmán: Beszterce ostroma,Hungary,USSR-orosz
MÓRICZ Zsigmond: Légy jó mindhalálig,Hungary,USSR-orosz
ILLÉS Béla: Kárpáti rapszódia,Hungary,USSR-orosz
JÓKAI Mór: Fekete gyémántok,Hungary,USSR-orosz
MIKSZÁTH Kálmán: A fekete város,Hungary,USSR-orosz
SZABÓ Magda: Álarcosbál,Hungary,USSR-orosz
KOSZTOLÁNYI Dezső: A véres költő (Nero),Hungary,USSR-orosz
MIKSZÁTH Kálmán: Különös házasság,Hungary,USSR-orosz
FEKETE Gyula: Az orvos halála,Hungary,USSR-orosz
GÁRDONYI Géza: Egri csillagok,Hungary,USSR-orosz
KARINTHY Frigyes: Utazás Faremidóba; Capillária,Hungary,USSR-orosz
SÁNTA Ferenc: Húsz óra,Hungary,USSR-orosz
SARKADI Imre: Források:,Hungary,USSR-orosz
TAMÁSI Áron: Ábel a rengetegben,Hungary,USSR-orosz
KARINTHY Frigyes: Tanár úr kérem,Hungary,USSR-orosz
ILLYÉS Gyula: Petőfi,Hungary,USSR-orosz
KARINTHY Frigyes: Források:,Hungary,USSR-orosz
MÓRICZ Zsigmond: Források:,Hungary,USSR-orosz
MOLNÁR Ferenc: A Pál utcai fiúk,Hungary,USSR-orosz
SZABÓ Magda: Régimódi történet,Hungary,USSR-orosz
"MÁNDY Iván: Arnold, a bálnavadász",Hungary,USSR-orosz
RADNÓTI Miklós: Források:,Hungary,USSR-orosz
BABITS Mihály: Források:,Hungary,USSR-orosz
VÖRÖSMARTY Mihály: Források:,Hungary,USSR-orosz
KOSZTOLÁNYI Dezső: Források:,Hungary,USSR-orosz
SÁNTA Ferenc: Források:,Hungary,USSR-orosz
KRÚDY Gyula: Források:,Hungary,USSR-orosz
MÓRICZ Zsigmond: Forró mezők,Hungary,USSR-orosz
KASSÁK Lajos: Források:,Hungary,USSR-orosz
WEÖRES Sándor: Források:,Hungary,USSR-orosz
NÉMETH László: Gyász,Hungary,USSR-orosz
PETŐFI Sándor: Források:,Hungary,USSR-tadzsik
PETŐFI Sándor: Források:,Hungary,USSR-türkmén
KARINTHY Ferenc: Budapesti tavasz,Hungary,USSR-türkmén
SÁNTA Ferenc: Az ötödik pecsét,Hungary,USSR-türkmén
PETŐFI Sándor: Források:,Hungary,USSR-udmurt
ADY Endre: Források:,Hungary,USSR-ukrán
JÓZSEF Attila: Források:,Hungary,USSR-ukrán
MADÁCH Imre: Az ember tragédiája,Hungary,USSR-ukrán
PETŐFI Sándor: Források:,Hungary,USSR-ukrán
PETŐFI Sándor: János vitéz,Hungary,USSR-ukrán
MIKSZÁTH Kálmán: Szent Péter esernyője,Hungary,USSR-ukrán
PETŐFI Sándor: Az apostol,Hungary,USSR-ukrán
ILLÉS Béla: Kárpáti rapszódia,Hungary,USSR-ukrán
MIKSZÁTH Kálmán: Különös házasság,Hungary,USSR-ukrán
GÁRDONYI Géza: Egri csillagok,Hungary,USSR-ukrán
NÉMETH László: Bűn,Hungary,USSR-ukrán
SÁNTA Ferenc: Húsz óra,Hungary,USSR-ukrán
ILLYÉS Gyula: Puszták népe,Hungary,USSR-ukrán
KARINTHY Frigyes: Tanár úr kérem,Hungary,USSR-ukrán
MÓRICZ Zsigmond: Források:,Hungary,USSR-ukrán
MOLNÁR Ferenc: A Pál utcai fiúk,Hungary,USSR-ukrán
SZABÓ Magda: Régimódi történet,Hungary,USSR-ukrán
Száva István: A szirakuzai óriás,Hungary,USSR-ukrán
PETŐFI Sándor: Források:,Hungary,USSR-észt
MÓRA Ferenc: Kincskereső kisködmön,Hungary,USSR-észt
GÁRDONYI Géza: A láthatatlan ember,Hungary,USSR-észt
MIKSZÁTH Kálmán: Szent Péter esernyője,Hungary,USSR-észt
MESTERHÁZI Lajos: Pár lépés a határ,Hungary,USSR-észt
JÓKAI Mór: Az arany ember,Hungary,USSR-észt
BABITS Mihály: A gólyakalifa,Hungary,USSR-észt
GÁRDONYI Géza: Egri csillagok,Hungary,USSR-észt
KARINTHY Frigyes: Tanár úr kérem,Hungary,USSR-észt
MÓRICZ Zsigmond: Források:,Hungary,USSR-észt
MOLNÁR Ferenc: A Pál utcai fiúk,Hungary,USSR-észt
PETŐFI Sándor: Források:,Hungary,USSR-örmény
MÓRA Ferenc: Kincskereső kisködmön,Hungary,USSR-örmény
GERGELY Márta: Szöszi,Hungary,USSR-örmény
JÓKAI Mór: Az arany ember,Hungary,USSR-örmény
KOSZTOLÁNYI Dezső: A véres költő (Nero),Hungary,USSR-örmény
MOLNÁR Ferenc: A Pál utcai fiúk,Hungary,USSR-örmény
SÁNTA Ferenc: Az ötödik pecsét,Hungary,USSR-örmény
MÓRICZ Zsigmond: Forró mezők,Hungary,USSR-örmény
PETŐFI Sándor: János vitéz,Hungary,USSR-üzbég
MÓRA Ferenc: Kincskereső kisködmön,Hungary,USSR-üzbég
ILLÉS Béla: Kárpáti rapszódia,Hungary,USSR-üzbég
MIKSZÁTH Kálmán: Különös házasság,Hungary,USSR-üzbég
NÉMETH László: Gyász,Hungary,USSR-üzbég
JÓZSEF Attila: Források:,Hungary,Vietnam
PETŐFI Sándor: Források:,Hungary,Vietnam
MÓRICZ Zsigmond: Rokonok,Hungary,Vietnam
KOSZTOLÁNYI Dezső: A véres költő (Nero),Hungary,Vietnam
GÁRDONYI Géza: Egri csillagok,Hungary,Vietnam
ADY Endre: Források:,Hungary,Yugoslavia
JÓZSEF Attila: Források:,Hungary,Yugoslavia
PETŐFI Sándor: Források:,Hungary,Yugoslavia
GÁRDONYI Géza: A láthatatlan ember,Hungary,Yugoslavia
MIKSZÁTH Kálmán: Szent Péter esernyője,Hungary,Yugoslavia
JÓKAI Mór: Az arany ember,Hungary,Yugoslavia
MIKSZÁTH Kálmán: Beszterce ostroma,Hungary,Yugoslavia
MÓRICZ Zsigmond: Légy jó mindhalálig,Hungary,Yugoslavia
ILLÉS Béla: Kárpáti rapszódia,Hungary,Yugoslavia
JÓKAI Mór: Fekete gyémántok,Hungary,Yugoslavia
KARINTHY Ferenc: Budapesti tavasz,Hungary,Yugoslavia
SZABÓ Magda: Álarcosbál,Hungary,Yugoslavia
SZERB Antal: A Pendragon legenda,Hungary,Yugoslavia
MIKSZÁTH Kálmán: Különös házasság,Hungary,Yugoslavia
SZABÓ Magda: Sziget-kék,Hungary,Yugoslavia
GÁRDONYI Géza: Egri csillagok,Hungary,Yugoslavia
NÉMETH László: Bűn,Hungary,Yugoslavia
MOLDOVA György: Sötét angyal,Hungary,Yugoslavia
ILLYÉS Gyula: Puszták népe,Hungary,Yugoslavia
KARINTHY Frigyes: Tanár úr kérem,Hungary,Yugoslavia
ILLYÉS Gyula: Petőfi,Hungary,Yugoslavia
JÓKAI Mór: Szegény gazdagok,Hungary,Yugoslavia
MOLNÁR Ferenc: A Pál utcai fiúk,Hungary,Yugoslavia
SZABÓ Magda: Régimódi történet,Hungary,Yugoslavia
CSÁTH Géza: Források:,Hungary,Yugoslavia
FÜST Milán: A feleségem története,Hungary,Yugoslavia
RADNÓTI Miklós: Források:,Hungary,Yugoslavia
WEÖRES Sándor: Források:,Hungary,Yugoslavia
GÁRDONYI Géza: Isten rabjai,Hungary,Yugoslavia
NÉMETH László: Gyász,Hungary,Yugoslavia
PETŐFI Sándor: Források:,India,Iran
ADY Endre: Források:,India,Israel
PETŐFI Sándor: Források:,India,Israel
ADY Endre: Források:,India,Italy
PETŐFI Sándor: Források:,India,Italy
PETŐFI Sándor: Források:,India,Japan
PETŐFI Sándor: Források:,India,Mongolia
PETŐFI Sándor: Források:,India,North Korea
PETŐFI Sándor: Források:,India,Norway
PETŐFI Sándor: Források:,India,PR China
ADY Endre: Források:,India,Poland
PETŐFI Sándor: Források:,India,Poland
ADY Endre: Források:,India,Romania
PETŐFI Sándor: Források:,India,Romania
ADY Endre: Források:,India,Spain
ADY Endre: Források:,India,Sweden
PETŐFI Sándor: Források:,India,Sweden
PETŐFI Sándor: Források:,India,Turkey
ADY Endre: Források:,India,USA
PETŐFI Sándor: Források:,India,USA
KARINTHY Ferenc: Bösendorfer,India,USA
PETŐFI Sándor: Források:,India,USSR-azerbajdzsán
PETŐFI Sándor: Források:,India,USSR-baskir
PETŐFI Sándor: Források:,India,USSR-fehérorosz
ADY Endre: Források:,India,USSR-grúz
PETŐFI Sándor: Források:,India,USSR-grúz
PETŐFI Sándor: Források:,India,USSR-kazah
PETŐFI Sándor: Források:,India,USSR-kirgiz
PETŐFI Sándor: Források:,India,USSR-lett
PETŐFI Sándor: Források:,India,USSR-litván
PETŐFI Sándor: Források:,India,USSR-moldva
ADY Endre: Források:,India,USSR-orosz
PETŐFI Sándor: Források:,India,USSR-orosz
PETŐFI Sándor: Források:,India,USSR-tadzsik
PETŐFI Sándor: Források:,India,USSR-türkmén
PETŐFI Sándor: Források:,India,USSR-udmurt
ADY Endre: Források:,India,USSR-ukrán
PETŐFI Sándor: Források:,India,USSR-ukrán
PETŐFI Sándor: Források:,India,USSR-észt
PETŐFI Sándor: Források:,India,USSR-örmény
PETŐFI Sándor: Források:,India,Vietnam
ADY Endre: Források:,India,Yugoslavia
PETŐFI Sándor: Források:,India,Yugoslavia
KARINTHY Ferenc: Bösendorfer,India,Yugoslavia
PETŐFI Sándor: Források:,Iran,Israel
PETŐFI Sándor: Források:,Iran,Italy
VERES Péter: Próbatétel,Iran,Italy
PETŐFI Sándor: Források:,Iran,Japan
PETŐFI Sándor: Források:,Iran,Mongolia
PETŐFI Sándor: Források:,Iran,North Korea
PETŐFI Sándor: Források:,Iran,Norway
MÓRICZ Zsigmond: Források:,Iran,PR China
PETŐFI Sándor: Források:,Iran,PR China
VERES Péter: Próbatétel,Iran,PR China
MÓRICZ Zsigmond: Források:,Iran,Poland
PETŐFI Sándor: Források:,Iran,Poland
VERES Péter: Próbatétel,Iran,Poland
MÓRICZ Zsigmond: Források:,Iran,Romania
PETŐFI Sándor: Források:,Iran,Romania
VERES Péter: Próbatétel,Iran,Romania
PETŐFI Sándor: Források:,Iran,Sweden
MÓRICZ Zsigmond: Források:,Iran,Turkey
PETŐFI Sándor: Források:,Iran,Turkey
PETŐFI Sándor: Források:,Iran,USA
PETŐFI Sándor: Források:,Iran,USSR-azerbajdzsán
PETŐFI Sándor: Források:,Iran,USSR-baskir
PETŐFI Sándor: Források:,Iran,USSR-fehérorosz
PETŐFI Sándor: Források:,Iran,USSR-grúz
PETŐFI Sándor: Források:,Iran,USSR-kazah
PETŐFI Sándor: Források:,Iran,USSR-kirgiz
PETŐFI Sándor: Források:,Iran,USSR-lett
PETŐFI Sándor: Források:,Iran,USSR-litván
PETŐFI Sándor: Források:,Iran,USSR-moldva
MÓRICZ Zsigmond: Források:,Iran,USSR-orosz
PETŐFI Sándor: Források:,Iran,USSR-orosz
VERES Péter: Próbatétel,Iran,USSR-orosz
PETŐFI Sándor: Források:,Iran,USSR-tadzsik
PETŐFI Sándor: Források:,Iran,USSR-türkmén
PETŐFI Sándor: Források:,Iran,USSR-udmurt
MÓRICZ Zsigmond: Források:,Iran,USSR-ukrán
PETŐFI Sándor: Források:,Iran,USSR-ukrán
MÓRICZ Zsigmond: Források:,Iran,USSR-észt
PETŐFI Sándor: Források:,Iran,USSR-észt
PETŐFI Sándor: Források:,Iran,USSR-örmény
PETŐFI Sándor: Források:,Iran,Vietnam
PETŐFI Sándor: Források:,Iran,Yugoslavia
PETŐFI Sándor: Források:,Israel,Italy
ADY Endre: Források:,Israel,Italy
RADNÓTI Miklós: Források:,Israel,Italy
MOLNÁR Ferenc: A Pál utcai fiúk,Israel,Italy
KARDOS G. György: Avraham Bogatir hét napja,Israel,Italy
NYISZLI Miklós: Dr Mengele boncolóorvosa voltam,Israel,Italy
BABITS Mihály: Jónás könyve,Israel,Italy
PETŐFI Sándor: Források:,Israel,Japan
PETŐFI Sándor: Források:,Israel,Mongolia
ILLÉS Béla: Kárpáti rapszódia,Israel,Netherlands
HARSÁNYI Zsolt: Magyar rapszódia: Liszt életének regénye,Israel,Netherlands
KONRÁD György: A cinkos,Israel,Netherlands
PETŐFI Sándor: Források:,Israel,North Korea
PETŐFI Sándor: Források:,Israel,Norway
HARSÁNYI Zsolt: Magyar rapszódia: Liszt életének regénye,Israel,Norway
KARDOS G. György: Avraham Bogatir hét napja,Israel,Norway
PETŐFI Sándor: Források:,Israel,PR China
PETŐFI Sándor: Az apostol,Israel,PR China
ILLÉS Béla: Kárpáti rapszódia,Israel,PR China
PETŐFI Sándor: Források:,Israel,Poland
ADY Endre: Források:,Israel,Poland
ILLÉS Béla: Kárpáti rapszódia,Israel,Poland
RADNÓTI Miklós: Források:,Israel,Poland
MOLNÁR Ferenc: A Pál utcai fiúk,Israel,Poland
MÓRICZ Zsigmond: Légy jó mindhalálig,Israel,Poland
GÁRDONYI Géza: A láthatatlan ember,Israel,Poland
GYURKÓ László: Faustus doktor boldogságos pokoljárása,Israel,Poland
NYISZLI Miklós: Dr Mengele boncolóorvosa voltam,Israel,Poland
PETŐFI Sándor: Források:,Israel,Romania
PETŐFI Sándor: Az apostol,Israel,Romania
ADY Endre: Források:,Israel,Romania
ILLÉS Béla: Kárpáti rapszódia,Israel,Romania
MOLNÁR Ferenc: A Pál utcai fiúk,Israel,Romania
MÓRICZ Zsigmond: Légy jó mindhalálig,Israel,Romania
NYISZLI Miklós: Dr Mengele boncolóorvosa voltam,Israel,Romania
ADY Endre: Források:,Israel,Spain
KONRÁD György: A cinkos,Israel,Spain
MOLNÁR Ferenc: A Pál utcai fiúk,Israel,Spain
PETŐFI Sándor: Források:,Israel,Sweden
ADY Endre: Források:,Israel,Sweden
HARSÁNYI Zsolt: Magyar rapszódia: Liszt életének regénye,Israel,Sweden
KONRÁD György: A cinkos,Israel,Sweden
MOLNÁR Ferenc: A Pál utcai fiúk,Israel,Sweden
KARDOS G. György: Avraham Bogatir hét napja,Israel,Sweden
NYISZLI Miklós: Dr Mengele boncolóorvosa voltam,Israel,Switzerland
PETŐFI Sándor: Források:,Israel,Turkey
HARSÁNYI Zsolt: Magyar rapszódia: Liszt életének regénye,Israel,Turkey
MOLNÁR Ferenc: A Pál utcai fiúk,Israel,Turkey
GÁRDONYI Géza: A láthatatlan ember,Israel,Turkey
RADNÓTI Miklós: Források:,Israel,UK
KONRÁD György: A cinkos,Israel,UK
GÁRDONYI Géza: A láthatatlan ember,Israel,UK
KACZÉR Illés: Jerichó ostroma,Israel,UK
"KACZÉR Illés: Ne félj szolgám, Jákob",Israel,UK
NYISZLI Miklós: Dr Mengele boncolóorvosa voltam,Israel,UK
PETŐFI Sándor: Források:,Israel,USA
ADY Endre: Források:,Israel,USA
RADNÓTI Miklós: Források:,Israel,USA
KONRÁD György: A cinkos,Israel,USA
KARDOS G. György: Avraham Bogatir hét napja,Israel,USA
KACZÉR Illés: Jerichó ostroma,Israel,USA
NYISZLI Miklós: Dr Mengele boncolóorvosa voltam,Israel,USA
PETŐFI Sándor: Források:,Israel,USSR-azerbajdzsán
KARINTHY Frigyes: Tanár úr kérem,Israel,USSR-azerbajdzsán
RADNÓTI Miklós: Források:,Israel,USSR-azerbajdzsán
PETŐFI Sándor: Források:,Israel,USSR-baskir
PETŐFI Sándor: Források:,Israel,USSR-fehérorosz
PETŐFI Sándor: Források:,Israel,USSR-grúz
ADY Endre: Források:,Israel,USSR-grúz
MOLNÁR Ferenc: A Pál utcai fiúk,Israel,USSR-grúz
PETŐFI Sándor: Források:,Israel,USSR-kazah
PETŐFI Sándor: Források:,Israel,USSR-kirgiz
PETŐFI Sándor: Források:,Israel,USSR-lett
ILLÉS Béla: Kárpáti rapszódia,Israel,USSR-lett
RADNÓTI Miklós: Források:,Israel,USSR-lett
PETŐFI Sándor: Források:,Israel,USSR-litván
ILLÉS Béla: Kárpáti rapszódia,Israel,USSR-litván
MOLNÁR Ferenc: A Pál utcai fiúk,Israel,USSR-litván
PETŐFI Sándor: Források:,Israel,USSR-moldva
MOLNÁR Ferenc: A Pál utcai fiúk,Israel,USSR-moldva
PETŐFI Sándor: Források:,Israel,USSR-orosz
ADY Endre: Források:,Israel,USSR-orosz
ILLÉS Béla: Kárpáti rapszódia,Israel,USSR-orosz
KARINTHY Frigyes: Tanár úr kérem,Israel,USSR-orosz
RADNÓTI Miklós: Források:,Israel,USSR-orosz
MOLNÁR Ferenc: A Pál utcai fiúk,Israel,USSR-orosz
MÓRICZ Zsigmond: Légy jó mindhalálig,Israel,USSR-orosz
PETŐFI Sándor: Források:,Israel,USSR-tadzsik
PETŐFI Sándor: Források:,Israel,USSR-türkmén
PETŐFI Sándor: Források:,Israel,USSR-udmurt
PETŐFI Sándor: Források:,Israel,USSR-ukrán
PETŐFI Sándor: Az apostol,Israel,USSR-ukrán
ADY Endre: Források:,Israel,USSR-ukrán
ILLÉS Béla: Kárpáti rapszódia,Israel,USSR-ukrán
KARINTHY Frigyes: Tanár úr kérem,Israel,USSR-ukrán
MOLNÁR Ferenc: A Pál utcai fiúk,Israel,USSR-ukrán
PETŐFI Sándor: Források:,Israel,USSR-észt
KARINTHY Frigyes: Tanár úr kérem,Israel,USSR-észt
MOLNÁR Ferenc: A Pál utcai fiúk,Israel,USSR-észt
GÁRDONYI Géza: A láthatatlan ember,Israel,USSR-észt
PETŐFI Sándor: Források:,Israel,USSR-örmény
MOLNÁR Ferenc: A Pál utcai fiúk,Israel,USSR-örmény
ILLÉS Béla: Kárpáti rapszódia,Israel,USSR-üzbég
PETŐFI Sándor: Források:,Israel,Vietnam
PETŐFI Sándor: Források:,Israel,Yugoslavia
ADY Endre: Források:,Israel,Yugoslavia
ILLÉS Béla: Kárpáti rapszódia,Israel,Yugoslavia
HARSÁNYI Zsolt: Magyar rapszódia: Liszt életének regénye,Israel,Yugoslavia
KARINTHY Frigyes: Tanár úr kérem,Israel,Yugoslavia
RADNÓTI Miklós: Források:,Israel,Yugoslavia
KONRÁD György: A cinkos,Israel,Yugoslavia
MOLNÁR Ferenc: A Pál utcai fiúk,Israel,Yugoslavia
MÓRICZ Zsigmond: Légy jó mindhalálig,Israel,Yugoslavia
GÁRDONYI Géza: A láthatatlan ember,Israel,Yugoslavia
KARDOS G. György: Avraham Bogatir hét napja,Israel,Yugoslavia
MOLNÁR Ferenc: Liliom,Italy,Japan
PETŐFI Sándor: Források:,Italy,Japan
MADÁCH Imre: Az ember tragédiája,Italy,Japan
KONRÁD György: A látogató,Italy,Japan
HARSÁNYI Zsolt: És mégis mozog a föld,Italy,Japan
JÓKAI Mór: Sárga rózsa,Italy,Mexico
DÉRY Tibor: Források:,Italy,Mexico
PETŐFI Sándor: Források:,Italy,Mongolia
HARSÁNYI Zsolt: Élni jó. Rubens életének regénye,Italy,Netherlands
MIKSZÁTH Kálmán: Szent Péter esernyője,Italy,Netherlands
DÉRY Tibor: Források:,Italy,Netherlands
SZABÓ Magda: Az őz,Italy,Netherlands
HERNÁDI Gyula: A péntek lépcsőin,Italy,Netherlands
NÉMETH László: Iszony,Italy,Netherlands
KONRÁD György: A látogató,Italy,Netherlands
KÖRMENDI Ferenc: Bűnösök,Italy,Netherlands
HARSÁNYI Zsolt: És mégis mozog a föld,Italy,Netherlands
GÁRDONYI Géza: Egri csillagok,Italy,Netherlands
PETŐFI Sándor: Források:,Italy,North Korea
JÓZSEF Attila: Források:,Italy,Norway
PETŐFI Sándor: Források:,Italy,Norway
MADÁCH Imre: Az ember tragédiája,Italy,Norway
NÉMETH László: Iszony,Italy,Norway
DÉRY Tibor: Niki,Italy,Norway
ILLYÉS Gyula: Források:,Italy,Norway
HALASI Mária: Az utolsó padban,Italy,Norway
KONRÁD György: A látogató,Italy,Norway
KARDOS G. György: Avraham Bogatir hét napja,Italy,Norway
ACZÉL Tamás: A szabadság árnyékában,Italy,PR China
HÁY Gyula: Erő,Italy,PR China
JÓKAI Mór: Sárga rózsa,Italy,PR China
JÓZSEF Attila: Források:,Italy,PR China
MIKSZÁTH Kálmán: Szent Péter esernyője,Italy,PR China
VERES Péter: Próbatétel,Italy,PR China
PETŐFI Sándor: Források:,Italy,PR China
JÓZSEF Attila: Források:,Italy,Poland
MIKSZÁTH Kálmán: Szent Péter esernyője,Italy,Poland
MOLNÁR Ferenc: A Pál utcai fiúk,Italy,Poland
VERES Péter: Próbatétel,Italy,Poland
ADY Endre: Források:,Italy,Poland
JUST Béla: Az eszelősök,Italy,Poland
GÁRDONYI Géza: Isten rabjai,Italy,Poland
PETŐFI Sándor: Források:,Italy,Poland
RADNÓTI Miklós: Források:,Italy,Poland
ILLYÉS Gyula: Petőfi,Italy,Poland
DÉRY Tibor: Források:,Italy,Poland
SZABÓ Magda: Az őz,Italy,Poland
MADÁCH Imre: Az ember tragédiája,Italy,Poland
DÉRY Tibor: G. A. úr X-ben,Italy,Poland
NÉMETH László: Iszony,Italy,Poland
DÉRY Tibor: Niki,Italy,Poland
ILLYÉS Gyula: Források:,Italy,Poland
FEJES Endre: Rozsdatemető,Italy,Poland
SÁNTA Ferenc: Húsz óra,Italy,Poland
DÉRY Tibor: A kiközösítő,Italy,Poland
DÉRY Tibor: Képzelt riport egy amerikai pop-fesztiválról,Italy,Poland
DÉRY Tibor: A félfülű,Italy,Poland
JUHÁSZ Ferenc: Források:,Italy,Poland
MÉSZÖLY Miklós: Saulus,Italy,Poland
NYISZLI Miklós: Dr Mengele boncolóorvosa voltam,Italy,Poland
GÁRDONYI Géza: Egri csillagok,Italy,Poland
JÓZSEF Attila: Források:,Italy,Portugal
DÉRY Tibor: Források:,Italy,Portugal
ÖRKÉNY István: Egyperces novellák,Italy,Portugal
ACZÉL Tamás: A szabadság árnyékában,Italy,Romania
JÓZSEF Attila: Források:,Italy,Romania
MIKSZÁTH Kálmán: Szent Péter esernyője,Italy,Romania
MOLNÁR Ferenc: A Pál utcai fiúk,Italy,Romania
VERES Péter: Próbatétel,Italy,Romania
ADY Endre: Források:,Italy,Romania
PETŐFI Sándor: Források:,Italy,Romania
BRÓDY Sándor: A tanítónő,Italy,Romania
DÉRY Tibor: Források:,Italy,Romania
MADÁCH Imre: Az ember tragédiája,Italy,Romania
NÉMETH László: Iszony,Italy,Romania
FEJES Endre: Rozsdatemető,Italy,Romania
KOSZTOLÁNYI Dezső: Források:,Italy,Romania
DÉRY Tibor: A kiközösítő,Italy,Romania
ÖRKÉNY István: Egyperces novellák,Italy,Romania
NYISZLI Miklós: Dr Mengele boncolóorvosa voltam,Italy,Romania
GÁRDONYI Géza: Egri csillagok,Italy,Romania
JÓZSEF Attila: Források:,Italy,Spain
MIKSZÁTH Kálmán: Szent Péter esernyője,Italy,Spain
MOLNÁR Ferenc: A Pál utcai fiúk,Italy,Spain
TÖRÖK Sándor: Valaki kopog: tizenkét szoba regénye,Italy,Spain
ADY Endre: Források:,Italy,Spain
ZILAHY Lajos: A dühödt angyal,Italy,Spain
DÉRY Tibor: Források:,Italy,Spain
SZABÓ Magda: Az őz,Italy,Spain
DÉRY Tibor: G. A. úr X-ben,Italy,Spain
NÉMETH László: Iszony,Italy,Spain
FEJES Endre: Rozsdatemető,Italy,Spain
HALASI Mária: Az utolsó padban,Italy,Spain
MÉSZÖLY Miklós: Saulus,Italy,Spain
MOLNÁR Ferenc: A Pál utcai fiúk,Italy,Sweden
ADY Endre: Források:,Italy,Sweden
PETŐFI Sándor: Források:,Italy,Sweden
SZABÓ Magda: Az őz,Italy,Sweden
NÉMETH László: Iszony,Italy,Sweden
DÉRY Tibor: Niki,Italy,Sweden
ILLYÉS Gyula: Források:,Italy,Sweden
DÉRY Tibor: A kiközösítő,Italy,Sweden
KONRÁD György: A látogató,Italy,Sweden
KARDOS G. György: Avraham Bogatir hét napja,Italy,Sweden
ESTERHÁZY Péter: A szív segédigéi,Italy,Sweden
ÖRKÉNY István: Egyperces novellák,Italy,Sweden
JÓZSEF Attila: Források:,Italy,Switzerland
MIKSZÁTH Kálmán: Szent Péter esernyője,Italy,Switzerland
ZILAHY Lajos: A dühödt angyal,Italy,Switzerland
KOSZTOLÁNYI Dezső: Források:,Italy,Switzerland
NYISZLI Miklós: Dr Mengele boncolóorvosa voltam,Italy,Switzerland
HARSÁNYI Zsolt: És mégis mozog a föld,Italy,Switzerland
MOLNÁR Ferenc: A Pál utcai fiúk,Italy,Turkey
MOLNÁR Ferenc: Liliom,Italy,Turkey
PETŐFI Sándor: Források:,Italy,Turkey
DÉRY Tibor: Források:,Italy,Turkey
MADÁCH Imre: Az ember tragédiája,Italy,Turkey
DÉRY Tibor: Niki,Italy,Turkey
JÓZSEF Attila: Források:,Italy,UK
MIKSZÁTH Kálmán: Szent Péter esernyője,Italy,UK
RADNÓTI Miklós: Források:,Italy,UK
ZILAHY Lajos: A dühödt angyal,Italy,UK
DÉRY Tibor: Források:,Italy,UK
SZABÓ Magda: Az őz,Italy,UK
LENGYEL József: Források:,Italy,UK
NÉMETH László: Iszony,Italy,UK
DÉRY Tibor: Niki,Italy,UK
ILLYÉS Gyula: Források:,Italy,UK
KONRÁD György: A látogató,Italy,UK
KÖRMENDI Ferenc: Bűnösök,Italy,UK
NYISZLI Miklós: Dr Mengele boncolóorvosa voltam,Italy,UK
JÓZSEF Attila: Források:,Italy,USA
KÖRMENDI Ferenc: Napfogyatkozás,Italy,USA
ADY Endre: Források:,Italy,USA
PETŐFI Sándor: Források:,Italy,USA
RADNÓTI Miklós: Források:,Italy,USA
ZILAHY Lajos: A dühödt angyal,Italy,USA
SZABÓ Magda: Az őz,Italy,USA
LENGYEL József: Források:,Italy,USA
MADÁCH Imre: Az ember tragédiája,Italy,USA
NÉMETH László: Iszony,Italy,USA
DÉRY Tibor: Niki,Italy,USA
ILLYÉS Gyula: Források:,Italy,USA
FEJES Endre: Rozsdatemető,Italy,USA
KONRÁD György: A látogató,Italy,USA
JUHÁSZ Ferenc: Források:,Italy,USA
KARDOS G. György: Avraham Bogatir hét napja,Italy,USA
NEMES NAGY Ágnes: Források:,Italy,USA
NYISZLI Miklós: Dr Mengele boncolóorvosa voltam,Italy,USA
JÓKAI Mór: Sárga rózsa,Italy,USSR-azerbajdzsán
PETŐFI Sándor: Források:,Italy,USSR-azerbajdzsán
RADNÓTI Miklós: Források:,Italy,USSR-azerbajdzsán
PETŐFI Sándor: Források:,Italy,USSR-baskir
PETŐFI Sándor: Források:,Italy,USSR-fehérorosz
MIKSZÁTH Kálmán: Szent Péter esernyője,Italy,USSR-grúz
MOLNÁR Ferenc: A Pál utcai fiúk,Italy,USSR-grúz
ADY Endre: Források:,Italy,USSR-grúz
PETŐFI Sándor: Források:,Italy,USSR-grúz
MADÁCH Imre: Az ember tragédiája,Italy,USSR-grúz
ACZÉL Tamás: A szabadság árnyékában,Italy,USSR-kazah
MIKSZÁTH Kálmán: Szent Péter esernyője,Italy,USSR-kazah
PETŐFI Sándor: Források:,Italy,USSR-kazah
PETŐFI Sándor: Források:,Italy,USSR-kirgiz
JÓZSEF Attila: Források:,Italy,USSR-lett
MIKSZÁTH Kálmán: Szent Péter esernyője,Italy,USSR-lett
PETŐFI Sándor: Források:,Italy,USSR-lett
RADNÓTI Miklós: Források:,Italy,USSR-lett
ILLYÉS Gyula: Petőfi,Italy,USSR-lett
FEJES Endre: Rozsdatemető,Italy,USSR-lett
JÓKAI Mór: Sárga rózsa,Italy,USSR-litván
MOLNÁR Ferenc: A Pál utcai fiúk,Italy,USSR-litván
PETŐFI Sándor: Források:,Italy,USSR-litván
DÉRY Tibor: Források:,Italy,USSR-litván
FEJES Endre: Rozsdatemető,Italy,USSR-litván
JUHÁSZ Ferenc: Források:,Italy,USSR-litván
GÁRDONYI Géza: Egri csillagok,Italy,USSR-litván
MOLNÁR Ferenc: A Pál utcai fiúk,Italy,USSR-moldva
PETŐFI Sándor: Források:,Italy,USSR-moldva
ACZÉL Tamás: A szabadság árnyékában,Italy,USSR-orosz
JÓKAI Mór: Sárga rózsa,Italy,USSR-orosz
JÓZSEF Attila: Források:,Italy,USSR-orosz
MIKSZÁTH Kálmán: Szent Péter esernyője,Italy,USSR-orosz
MOLNÁR Ferenc: A Pál utcai fiúk,Italy,USSR-orosz
VERES Péter: Próbatétel,Italy,USSR-orosz
ADY Endre: Források:,Italy,USSR-orosz
MOLNÁR Ferenc: Liliom,Italy,USSR-orosz
PETŐFI Sándor: Források:,Italy,USSR-orosz
RADNÓTI Miklós: Források:,Italy,USSR-orosz
ILLYÉS Gyula: Petőfi,Italy,USSR-orosz
DÉRY Tibor: Források:,Italy,USSR-orosz
LENGYEL József: Források:,Italy,USSR-orosz
MADÁCH Imre: Az ember tragédiája,Italy,USSR-orosz
ILLYÉS Gyula: Források:,Italy,USSR-orosz
FEJES Endre: Rozsdatemető,Italy,USSR-orosz
KOSZTOLÁNYI Dezső: Források:,Italy,USSR-orosz
SÁNTA Ferenc: Húsz óra,Italy,USSR-orosz
HALASI Mária: Az utolsó padban,Italy,USSR-orosz
ÖRKÉNY István: Egyperces novellák,Italy,USSR-orosz
GÁRDONYI Géza: Egri csillagok,Italy,USSR-orosz
HUBAY MIklós: Források:,Italy,USSR-orosz
JÓKAI Mór: Sárga rózsa,Italy,USSR-tadzsik
PETŐFI Sándor: Források:,Italy,USSR-tadzsik
JÓKAI Mór: Sárga rózsa,Italy,USSR-türkmén
PETŐFI Sándor: Források:,Italy,USSR-türkmén
PETŐFI Sándor: Források:,Italy,USSR-udmurt
ACZÉL Tamás: A szabadság árnyékában,Italy,USSR-ukrán
JÓKAI Mór: Sárga rózsa,Italy,USSR-ukrán
JÓZSEF Attila: Források:,Italy,USSR-ukrán
MIKSZÁTH Kálmán: Szent Péter esernyője,Italy,USSR-ukrán
MOLNÁR Ferenc: A Pál utcai fiúk,Italy,USSR-ukrán
ADY Endre: Források:,Italy,USSR-ukrán
PETŐFI Sándor: Források:,Italy,USSR-ukrán
MADÁCH Imre: Az ember tragédiája,Italy,USSR-ukrán
SÁNTA Ferenc: Húsz óra,Italy,USSR-ukrán
GÁRDONYI Géza: Egri csillagok,Italy,USSR-ukrán
MIKSZÁTH Kálmán: Szent Péter esernyője,Italy,USSR-észt
MOLNÁR Ferenc: A Pál utcai fiúk,Italy,USSR-észt
PETŐFI Sándor: Források:,Italy,USSR-észt
NÉMETH László: Iszony,Italy,USSR-észt
FEJES Endre: Rozsdatemető,Italy,USSR-észt
GÁRDONYI Géza: Egri csillagok,Italy,USSR-észt
MOLNÁR Ferenc: A Pál utcai fiúk,Italy,USSR-örmény
PETŐFI Sándor: Források:,Italy,USSR-örmény
HERNÁDI Gyula: A péntek lépcsőin,Italy,Venezuela
JÓZSEF Attila: Források:,Italy,Vietnam
PETŐFI Sándor: Források:,Italy,Vietnam
GÁRDONYI Géza: Egri csillagok,Italy,Vietnam
JÓZSEF Attila: Források:,Italy,Yugoslavia
MIKSZÁTH Kálmán: Szent Péter esernyője,Italy,Yugoslavia
MOLNÁR Ferenc: A Pál utcai fiúk,Italy,Yugoslavia
ADY Endre: Források:,Italy,Yugoslavia
GÁRDONYI Géza: Isten rabjai,Italy,Yugoslavia
PETŐFI Sándor: Források:,Italy,Yugoslavia
RADNÓTI Miklós: Források:,Italy,Yugoslavia
ZILAHY Lajos: A dühödt angyal,Italy,Yugoslavia
ILLYÉS Gyula: Petőfi,Italy,Yugoslavia
DÉRY Tibor: Források:,Italy,Yugoslavia
SZABÓ Magda: Az őz,Italy,Yugoslavia
DÉRY Tibor: G. A. úr X-ben,Italy,Yugoslavia
NÉMETH László: Iszony,Italy,Yugoslavia
DÉRY Tibor: Niki,Italy,Yugoslavia
ILLYÉS Gyula: Források:,Italy,Yugoslavia
FEJES Endre: Rozsdatemető,Italy,Yugoslavia
JUHÁSZ Ferenc: Források:,Italy,Yugoslavia
KARDOS G. György: Avraham Bogatir hét napja,Italy,Yugoslavia
ESTERHÁZY Péter: A szív segédigéi,Italy,Yugoslavia
ÖRKÉNY István: Egyperces novellák,Italy,Yugoslavia
HARSÁNYI Zsolt: És mégis mozog a föld,Italy,Yugoslavia
GÁRDONYI Géza: Egri csillagok,Italy,Yugoslavia
PETŐFI Sándor: Források:,Japan,Mongolia
KARINTHY Ferenc: Budapesti tavasz,Japan,Mongolia
HARSÁNYI Zsolt: És mégis mozog a föld,Japan,Netherlands
ILLYÉS Gyula: Puszták népe,Japan,Netherlands
KONRÁD György: A látogató,Japan,Netherlands
PETŐFI Sándor: Források:,Japan,North Korea
MADÁCH Imre: Az ember tragédiája,Japan,Norway
PETŐFI Sándor: Források:,Japan,Norway
KONRÁD György: A látogató,Japan,Norway
KARINTHY Ferenc: Epepe,Japan,Norway
PETŐFI Sándor: Források:,Japan,PR China
MADÁCH Imre: Az ember tragédiája,Japan,Poland
ILLYÉS Gyula: Puszták népe,Japan,Poland
PETŐFI Sándor: Források:,Japan,Poland
KARINTHY Ferenc: Budapesti tavasz,Japan,Poland
LENGYEL Péter: Ogg második bolygója,Japan,Poland
KERTÉSZ Ákos: Makra,Japan,Poland
KARINTHY Ferenc: Epepe,Japan,Poland
KARINTHY Ferenc: Budapesti tavasz,Japan,Portugal
MADÁCH Imre: Az ember tragédiája,Japan,Romania
ILLYÉS Gyula: Puszták népe,Japan,Romania
PETŐFI Sándor: Források:,Japan,Romania
KERTÉSZ Ákos: Makra,Japan,Romania
ZILAHY Lajos: Halálos tavasz,Japan,Spain
KERTÉSZ Ákos: Makra,Japan,Spain
ILLYÉS Gyula: Puszták népe,Japan,Sweden
PETŐFI Sándor: Források:,Japan,Sweden
KONRÁD György: A látogató,Japan,Sweden
KERTÉSZ Ákos: Makra,Japan,Sweden
KARINTHY Ferenc: Epepe,Japan,Sweden
HARSÁNYI Zsolt: És mégis mozog a föld,Japan,Switzerland
MOLNÁR Ferenc: Liliom,Japan,Turkey
MADÁCH Imre: Az ember tragédiája,Japan,Turkey
PETŐFI Sándor: Források:,Japan,Turkey
KARINTHY Ferenc: Budapesti tavasz,Japan,Turkey
KONRÁD György: A látogató,Japan,UK
MADÁCH Imre: Az ember tragédiája,Japan,USA
PETŐFI Sándor: Források:,Japan,USA
KONRÁD György: A látogató,Japan,USA
PETŐFI Sándor: Források:,Japan,USSR-azerbajdzsán
PETŐFI Sándor: Források:,Japan,USSR-baskir
PETŐFI Sándor: Források:,Japan,USSR-fehérorosz
MADÁCH Imre: Az ember tragédiája,Japan,USSR-grúz
PETŐFI Sándor: Források:,Japan,USSR-grúz
PETŐFI Sándor: Források:,Japan,USSR-kazah
PETŐFI Sándor: Források:,Japan,USSR-kirgiz
ÖRKÉNY István: Tóték,Japan,USSR-kirgiz
PETŐFI Sándor: Források:,Japan,USSR-lett
PETŐFI Sándor: Források:,Japan,USSR-litván
PETŐFI Sándor: Források:,Japan,USSR-moldva
MOLNÁR Ferenc: Liliom,Japan,USSR-orosz
MADÁCH Imre: Az ember tragédiája,Japan,USSR-orosz
MESTERHÁZI Lajos: Pár lépés a határ,Japan,USSR-orosz
PETŐFI Sándor: Források:,Japan,USSR-orosz
PETŐFI Sándor: Források:,Japan,USSR-tadzsik
PETŐFI Sándor: Források:,Japan,USSR-türkmén
KARINTHY Ferenc: Budapesti tavasz,Japan,USSR-türkmén
PETŐFI Sándor: Források:,Japan,USSR-udmurt
MADÁCH Imre: Az ember tragédiája,Japan,USSR-ukrán
ILLYÉS Gyula: Puszták népe,Japan,USSR-ukrán
PETŐFI Sándor: Források:,Japan,USSR-ukrán
MESTERHÁZI Lajos: Pár lépés a határ,Japan,USSR-észt
PETŐFI Sándor: Források:,Japan,USSR-észt
ÖRKÉNY István: Tóték,Japan,USSR-észt
PETŐFI Sándor: Források:,Japan,USSR-örmény
PETŐFI Sándor: Források:,Japan,Vietnam
ZILAHY Lajos: Halálos tavasz,Japan,Yugoslavia
HARSÁNYI Zsolt: És mégis mozog a föld,Japan,Yugoslavia
ILLYÉS Gyula: Puszták népe,Japan,Yugoslavia
PETŐFI Sándor: Források:,Japan,Yugoslavia
KARINTHY Ferenc: Budapesti tavasz,Japan,Yugoslavia
KERTÉSZ Ákos: Makra,Japan,Yugoslavia
MOLNÁR Ferenc: Források:,Liechtenstein,Romania
MOLNÁR Ferenc: Források:,Liechtenstein,USA
MOLNÁR Ferenc: Források:,Liechtenstein,USSR-orosz
SZÉKELY László: Őserdőktől ültetvényekig,Malaysia,Singapore
DÉRY Tibor: Források:,Mexico,Netherlands
JÓKAI Mór: Sárga rózsa,Mexico,PR China
DÉRY Tibor: Források:,Mexico,Poland
DÉRY Tibor: Források:,Mexico,Portugal
DÉRY Tibor: Források:,Mexico,Romania
PASSUTH László: Esőisten siratja Mexikót,Mexico,Spain
DÉRY Tibor: Források:,Mexico,Spain
DÉRY Tibor: Források:,Mexico,Turkey
PASSUTH László: Esőisten siratja Mexikót,Mexico,UK
DÉRY Tibor: Források:,Mexico,UK
PASSUTH László: Esőisten siratja Mexikót,Mexico,USA
JÓKAI Mór: Sárga rózsa,Mexico,USSR-azerbajdzsán
DÉRY Tibor: Források:,Mexico,USSR-litván
JÓKAI Mór: Sárga rózsa,Mexico,USSR-litván
DÉRY Tibor: Források:,Mexico,USSR-orosz
JÓKAI Mór: Sárga rózsa,Mexico,USSR-orosz
JÓKAI Mór: Sárga rózsa,Mexico,USSR-tadzsik
JÓKAI Mór: Sárga rózsa,Mexico,USSR-türkmén
JÓKAI Mór: Sárga rózsa,Mexico,USSR-ukrán
PASSUTH László: Esőisten siratja Mexikót,Mexico,Yugoslavia
DÉRY Tibor: Források:,Mexico,Yugoslavia
PETŐFI Sándor: Források:,Mongolia,North Korea
PETŐFI Sándor: Források:,Mongolia,Norway
PETŐFI Sándor: Források:,Mongolia,PR China
NAGY Sándor: Megbékélés,Mongolia,PR China
PETŐFI Sándor: Források:,Mongolia,Poland
KARINTHY Ferenc: Budapesti tavasz,Mongolia,Poland
KARINTHY Ferenc: Budapesti tavasz,Mongolia,Portugal
PETŐFI Sándor: Források:,Mongolia,Romania
PETŐFI Sándor: Források:,Mongolia,Sweden
PETŐFI Sándor: Források:,Mongolia,Turkey
KARINTHY Ferenc: Budapesti tavasz,Mongolia,Turkey
PETŐFI Sándor: Források:,Mongolia,USA
NAGY Sándor: Megbékélés,Mongolia,USSR-altaji
PETŐFI Sándor: Források:,Mongolia,USSR-azerbajdzsán
NAGY Sándor: Megbékélés,Mongolia,USSR-azerbajdzsán
PETŐFI Sándor: Források:,Mongolia,USSR-baskir
NAGY Sándor: Megbékélés,Mongolia,USSR-csuvas
PETŐFI Sándor: Források:,Mongolia,USSR-fehérorosz
NAGY Sándor: Megbékélés,Mongolia,USSR-fehérorosz
NAGY Sándor: Megbékélés,Mongolia,USSR-finn
PETŐFI Sándor: Források:,Mongolia,USSR-grúz
NAGY Sándor: Megbékélés,Mongolia,USSR-grúz
PETŐFI Sándor: Források:,Mongolia,USSR-kazah
NAGY Sándor: Megbékélés,Mongolia,USSR-kazah
PETŐFI Sándor: Források:,Mongolia,USSR-kirgiz
PETŐFI Sándor: Források:,Mongolia,USSR-lett
PETŐFI Sándor: Források:,Mongolia,USSR-litván
PETŐFI Sándor: Források:,Mongolia,USSR-moldva
NAGY Sándor: Megbékélés,Mongolia,USSR-moldva
PETŐFI Sándor: Források:,Mongolia,USSR-orosz
NAGY Sándor: Megbékélés,Mongolia,USSR-orosz
DOBOZY Imre: Források:,Mongolia,USSR-orosz
PETŐFI Sándor: Források:,Mongolia,USSR-tadzsik
PETŐFI Sándor: Források:,Mongolia,USSR-türkmén
KARINTHY Ferenc: Budapesti tavasz,Mongolia,USSR-türkmén
PETŐFI Sándor: Források:,Mongolia,USSR-udmurt
NAGY Sándor: Megbékélés,Mongolia,USSR-udmurt
PETŐFI Sándor: Források:,Mongolia,USSR-ukrán
PETŐFI Sándor: Források:,Mongolia,USSR-észt
PETŐFI Sándor: Források:,Mongolia,USSR-örmény
PETŐFI Sándor: Források:,Mongolia,Vietnam
PETŐFI Sándor: Források:,Mongolia,Yugoslavia
KARINTHY Ferenc: Budapesti tavasz,Mongolia,Yugoslavia
HARSÁNYI Zsolt: Magyar rapszódia: Liszt életének regénye,Netherlands,Norway
NÉMETH László: Iszony,Netherlands,Norway
KONRÁD György: A látogató,Netherlands,Norway
NÁDAS Péter: Egy családregény vége,Netherlands,Norway
ILLÉS Béla: Kárpáti rapszódia,Netherlands,PR China
MIKSZÁTH Kálmán: Szent Péter esernyője,Netherlands,PR China
ILLÉS Béla: Fegyvert s vitézt éneklek,Netherlands,Poland
ILLÉS Béla: Kárpáti rapszódia,Netherlands,Poland
FÖLDES Jolán: A halászó macska uccája,Netherlands,Poland
MIKSZÁTH Kálmán: Szent Péter esernyője,Netherlands,Poland
FÜST Milán: A feleségem története,Netherlands,Poland
SZABÓ Magda: Az őz,Netherlands,Poland
NÉMETH László: Iszony,Netherlands,Poland
DÉRY Tibor: Források:,Netherlands,Poland
HEVESI Lajos: Jelky András kalandjai,Netherlands,Poland
ILLYÉS Gyula: Puszták népe,Netherlands,Poland
NÁDAS Péter: Egy családregény vége,Netherlands,Poland
ILLYÉS Gyula: Ebéd a kastélyban,Netherlands,Poland
GÁRDONYI Géza: Egri csillagok,Netherlands,Poland
FÖLDES Jolán: A halászó macska uccája,Netherlands,Portugal
DÉRY Tibor: Források:,Netherlands,Portugal
ILLÉS Béla: Fegyvert s vitézt éneklek,Netherlands,Romania
ILLÉS Béla: Kárpáti rapszódia,Netherlands,Romania
MIKSZÁTH Kálmán: Szent Péter esernyője,Netherlands,Romania
FÜST Milán: A feleségem története,Netherlands,Romania
NÉMETH László: Iszony,Netherlands,Romania
DÉRY Tibor: Források:,Netherlands,Romania
ILLYÉS Gyula: Puszták népe,Netherlands,Romania
GÁRDONYI Géza: Egri csillagok,Netherlands,Romania
VASZARY Gábor: Monpti,Netherlands,South Korea
HARSÁNYI Zsolt: Magdolna,Netherlands,Spain
VASZARY Gábor: Monpti,Netherlands,Spain
HARSÁNYI Zsolt: Whisky szódával,Netherlands,Spain
MIKSZÁTH Kálmán: Szent Péter esernyője,Netherlands,Spain
FÜST Milán: A feleségem története,Netherlands,Spain
SZABÓ Magda: Az őz,Netherlands,Spain
NÉMETH László: Iszony,Netherlands,Spain
DÉRY Tibor: Források:,Netherlands,Spain
PASSUTH László: Fekete bársonyban,Netherlands,Spain
KONRÁD György: A cinkos,Netherlands,Spain
HARSÁNYI Zsolt: Magyar rapszódia: Liszt életének regénye,Netherlands,Sweden
FÜST Milán: A feleségem története,Netherlands,Sweden
SZABÓ Magda: Az őz,Netherlands,Sweden
NÉMETH László: Iszony,Netherlands,Sweden
ILLYÉS Gyula: Puszták népe,Netherlands,Sweden
GALGÓCZI Erzsébet: Törvényen belül,Netherlands,Sweden
KONRÁD György: A cinkos,Netherlands,Sweden
KONRÁD György: A látogató,Netherlands,Sweden
NÁDAS Péter: Egy családregény vége,Netherlands,Sweden
KONRÁD György: Kerti mulatság,Netherlands,Sweden
MIKSZÁTH Kálmán: Szent Péter esernyője,Netherlands,Switzerland
PILINSZKY János: Források:,Netherlands,Switzerland
HARSÁNYI Zsolt: És mégis mozog a föld,Netherlands,Switzerland
HARSÁNYI Zsolt: Magyar rapszódia: Liszt életének regénye,Netherlands,Turkey
DÉRY Tibor: Források:,Netherlands,Turkey
KÖRMENDI Ferenc: Bűnösök,Netherlands,UK
MIKSZÁTH Kálmán: Szent Péter esernyője,Netherlands,UK
FÜST Milán: A feleségem története,Netherlands,UK
SZABÓ Magda: Az őz,Netherlands,UK
NÉMETH László: Iszony,Netherlands,UK
DÉRY Tibor: Források:,Netherlands,UK
KONRÁD György: A cinkos,Netherlands,UK
KONRÁD György: A látogató,Netherlands,UK
KÖRMENDI Ferenc: A tévedés,Netherlands,UK
FÜST Milán: A feleségem története,Netherlands,USA
SZABÓ Magda: Az őz,Netherlands,USA
NÉMETH László: Iszony,Netherlands,USA
KONRÁD György: A cinkos,Netherlands,USA
KONRÁD György: A látogató,Netherlands,USA
SEBESTYÉN György: Kilincs nélküli ajtók,Netherlands,USA
MIKSZÁTH Kálmán: Szent Péter esernyője,Netherlands,USSR-grúz
MIKSZÁTH Kálmán: Szent Péter esernyője,Netherlands,USSR-kazah
ILLÉS Béla: Kárpáti rapszódia,Netherlands,USSR-lett
MIKSZÁTH Kálmán: Szent Péter esernyője,Netherlands,USSR-lett
GERGELY Márta: Szöszi,Netherlands,USSR-lett
ILLÉS Béla: Kárpáti rapszódia,Netherlands,USSR-litván
FÜST Milán: A feleségem története,Netherlands,USSR-litván
DÉRY Tibor: Források:,Netherlands,USSR-litván
GÁRDONYI Géza: Egri csillagok,Netherlands,USSR-litván
GERGELY Márta: Szöszi,Netherlands,USSR-moldva
ILLÉS Béla: Kárpáti rapszódia,Netherlands,USSR-orosz
MIKSZÁTH Kálmán: Szent Péter esernyője,Netherlands,USSR-orosz
GERGELY Márta: Szöszi,Netherlands,USSR-orosz
DÉRY Tibor: Források:,Netherlands,USSR-orosz
GÁRDONYI Géza: Egri csillagok,Netherlands,USSR-orosz
ILLÉS Béla: Kárpáti rapszódia,Netherlands,USSR-ukrán
MIKSZÁTH Kálmán: Szent Péter esernyője,Netherlands,USSR-ukrán
ILLYÉS Gyula: Puszták népe,Netherlands,USSR-ukrán
GÁRDONYI Géza: Egri csillagok,Netherlands,USSR-ukrán
MIKSZÁTH Kálmán: Szent Péter esernyője,Netherlands,USSR-észt
NÉMETH László: Iszony,Netherlands,USSR-észt
GÁRDONYI Géza: Egri csillagok,Netherlands,USSR-észt
GERGELY Márta: Szöszi,Netherlands,USSR-örmény
ILLÉS Béla: Kárpáti rapszódia,Netherlands,USSR-üzbég
HERNÁDI Gyula: A péntek lépcsőin,Netherlands,Venezuela
GÁRDONYI Géza: Egri csillagok,Netherlands,Vietnam
HARSÁNYI Zsolt: Magyar rapszódia: Liszt életének regénye,Netherlands,Yugoslavia
ILLÉS Béla: Kárpáti rapszódia,Netherlands,Yugoslavia
MIKSZÁTH Kálmán: Szent Péter esernyője,Netherlands,Yugoslavia
FÜST Milán: A feleségem története,Netherlands,Yugoslavia
SZABÓ Magda: Az őz,Netherlands,Yugoslavia
NÉMETH László: Iszony,Netherlands,Yugoslavia
DÉRY Tibor: Források:,Netherlands,Yugoslavia
ILLYÉS Gyula: Puszták népe,Netherlands,Yugoslavia
GALGÓCZI Erzsébet: Törvényen belül,Netherlands,Yugoslavia
KONRÁD György: A cinkos,Netherlands,Yugoslavia
NÁDAS Péter: Egy családregény vége,Netherlands,Yugoslavia
ILLYÉS Gyula: Ebéd a kastélyban,Netherlands,Yugoslavia
HARSÁNYI Zsolt: És mégis mozog a föld,Netherlands,Yugoslavia
GÁRDONYI Géza: Egri csillagok,Netherlands,Yugoslavia
PETŐFI Sándor: Források:,North Korea,Norway
PETŐFI Sándor: Források:,North Korea,PR China
PETŐFI Sándor: Források:,North Korea,Poland
PETŐFI Sándor: Források:,North Korea,Romania
PETŐFI Sándor: Források:,North Korea,Sweden
PETŐFI Sándor: Források:,North Korea,Turkey
PETŐFI Sándor: Források:,North Korea,USA
PETŐFI Sándor: Források:,North Korea,USSR-azerbajdzsán
PETŐFI Sándor: Források:,North Korea,USSR-baskir
PETŐFI Sándor: Források:,North Korea,USSR-fehérorosz
PETŐFI Sándor: Források:,North Korea,USSR-grúz
PETŐFI Sándor: Források:,North Korea,USSR-kazah
PETŐFI Sándor: Források:,North Korea,USSR-kirgiz
PETŐFI Sándor: Források:,North Korea,USSR-lett
PETŐFI Sándor: Források:,North Korea,USSR-litván
PETŐFI Sándor: Források:,North Korea,USSR-moldva
PETŐFI Sándor: Források:,North Korea,USSR-orosz
PETŐFI Sándor: Források:,North Korea,USSR-tadzsik
PETŐFI Sándor: Források:,North Korea,USSR-türkmén
PETŐFI Sándor: Források:,North Korea,USSR-udmurt
PETŐFI Sándor: Források:,North Korea,USSR-ukrán
PETŐFI Sándor: Források:,North Korea,USSR-észt
PETŐFI Sándor: Források:,North Korea,USSR-örmény
PETŐFI Sándor: Források:,North Korea,Vietnam
PETŐFI Sándor: Források:,North Korea,Yugoslavia
PETŐFI Sándor: Források:,Norway,PR China
JÓZSEF Attila: Források:,Norway,PR China
DÉRY Tibor: Niki,Norway,Poland
NÉMETH László: Iszony,Norway,Poland
PETŐFI Sándor: Források:,Norway,Poland
ILLYÉS Gyula: Források:,Norway,Poland
MADÁCH Imre: Az ember tragédiája,Norway,Poland
ÖRKÉNY István: Rózsakiállítás,Norway,Poland
NÁDAS Péter: Egy családregény vége,Norway,Poland
JÓZSEF Attila: Források:,Norway,Poland
KARINTHY Ferenc: Epepe,Norway,Poland
RÓNAY György: A párduc és a gödölye,Norway,Poland
JÓZSEF Attila: Források:,Norway,Portugal
NÉMETH László: Iszony,Norway,Romania
PETŐFI Sándor: Források:,Norway,Romania
MADÁCH Imre: Az ember tragédiája,Norway,Romania
JÓZSEF Attila: Források:,Norway,Romania
ZILAHY Lajos: Ararát,Norway,Spain
NÉMETH László: Iszony,Norway,Spain
HALASI Mária: Az utolsó padban,Norway,Spain
JÓZSEF Attila: Források:,Norway,Spain
HARSÁNYI Zsolt: Magyar rapszódia: Liszt életének regénye,Norway,Sweden
ZILAHY Lajos: Ararát,Norway,Sweden
DÉRY Tibor: Niki,Norway,Sweden
NÉMETH László: Iszony,Norway,Sweden
PETŐFI Sándor: Források:,Norway,Sweden
ILLYÉS Gyula: Források:,Norway,Sweden
ÖRKÉNY István: Rózsakiállítás,Norway,Sweden
NÁDAS Péter: Egy családregény vége,Norway,Sweden
Tóth Judith: Kifutópálya,Norway,Sweden
KARINTHY Ferenc: Epepe,Norway,Sweden
VÁMOS Miklós: Zenga Zének,Norway,Sweden
KARDOS G. György: Avraham Bogatir hét napja,Norway,Sweden
KONRÁD György: A látogató,Norway,Sweden
JÓZSEF Attila: Források:,Norway,Switzerland
HARSÁNYI Zsolt: Magyar rapszódia: Liszt életének regénye,Norway,Turkey
DÉRY Tibor: Niki,Norway,Turkey
PETŐFI Sándor: Források:,Norway,Turkey
MADÁCH Imre: Az ember tragédiája,Norway,Turkey
DÉRY Tibor: Niki,Norway,UK
NÉMETH László: Iszony,Norway,UK
ILLYÉS Gyula: Források:,Norway,UK
JÓZSEF Attila: Források:,Norway,UK
KOSZTOLÁNYI Dezső: Édes Anna,Norway,UK
KONRÁD György: A látogató,Norway,UK
ZILAHY Lajos: Ararát,Norway,USA
DÉRY Tibor: Niki,Norway,USA
NÉMETH László: Iszony,Norway,USA
PETŐFI Sándor: Források:,Norway,USA
ILLYÉS Gyula: Források:,Norway,USA
MADÁCH Imre: Az ember tragédiája,Norway,USA
JÓZSEF Attila: Források:,Norway,USA
KARDOS G. György: Avraham Bogatir hét napja,Norway,USA
KONRÁD György: A látogató,Norway,USA
PETŐFI Sándor: Források:,Norway,USSR-azerbajdzsán
PETŐFI Sándor: Források:,Norway,USSR-baskir
PETŐFI Sándor: Források:,Norway,USSR-fehérorosz
PETŐFI Sándor: Források:,Norway,USSR-grúz
MADÁCH Imre: Az ember tragédiája,Norway,USSR-grúz
ÖRKÉNY István: Rózsakiállítás,Norway,USSR-grúz
PETŐFI Sándor: Források:,Norway,USSR-kazah
PETŐFI Sándor: Források:,Norway,USSR-kirgiz
PETŐFI Sándor: Források:,Norway,USSR-lett
JÓZSEF Attila: Források:,Norway,USSR-lett
PETŐFI Sándor: Források:,Norway,USSR-litván
KOSZTOLÁNYI Dezső: Édes Anna,Norway,USSR-litván
PETŐFI Sándor: Források:,Norway,USSR-moldva
PETŐFI Sándor: Források:,Norway,USSR-orosz
ILLYÉS Gyula: Források:,Norway,USSR-orosz
HALASI Mária: Az utolsó padban,Norway,USSR-orosz
MADÁCH Imre: Az ember tragédiája,Norway,USSR-orosz
JÓZSEF Attila: Források:,Norway,USSR-orosz
PETŐFI Sándor: Források:,Norway,USSR-tadzsik
PETŐFI Sándor: Források:,Norway,USSR-türkmén
PETŐFI Sándor: Források:,Norway,USSR-udmurt
PETŐFI Sándor: Források:,Norway,USSR-ukrán
MADÁCH Imre: Az ember tragédiája,Norway,USSR-ukrán
JÓZSEF Attila: Források:,Norway,USSR-ukrán
NÉMETH László: Iszony,Norway,USSR-észt
PETŐFI Sándor: Források:,Norway,USSR-észt
PETŐFI Sándor: Források:,Norway,USSR-örmény
PETŐFI Sándor: Források:,Norway,Vietnam
JÓZSEF Attila: Források:,Norway,Vietnam
HARSÁNYI Zsolt: Magyar rapszódia: Liszt életének regénye,Norway,Yugoslavia
ZILAHY Lajos: Ararát,Norway,Yugoslavia
DÉRY Tibor: Niki,Norway,Yugoslavia
NÉMETH László: Iszony,Norway,Yugoslavia
PETŐFI Sándor: Források:,Norway,Yugoslavia
ILLYÉS Gyula: Források:,Norway,Yugoslavia
ÖRKÉNY István: Rózsakiállítás,Norway,Yugoslavia
NÁDAS Péter: Egy családregény vége,Norway,Yugoslavia
JÓZSEF Attila: Források:,Norway,Yugoslavia
KARDOS G. György: Avraham Bogatir hét napja,Norway,Yugoslavia
KARINTHY Ferenc: Hangok az űrben,Norway,Yugoslavia
HÁY Gyula: Az élet hídja,PR China,Poland
MIKSZÁTH Kálmán: Szent Péter esernyője,PR China,Poland
MÓRICZ Zsigmond: Források:,PR China,Poland
PETŐFI Sándor: Források:,PR China,Poland
VERES Péter: Próbatétel,PR China,Poland
JÓKAI Mór: Egy magyar nábob,PR China,Poland
JÓZSEF Attila: Források:,PR China,Poland
KARINTHY Frigyes: Források:,PR China,Poland
ILLÉS Béla: Ég a Tisza,PR China,Poland
ILLÉS Béla: Kárpáti rapszódia,PR China,Poland
JÓZSEF Attila: Források:,PR China,Portugal
ACZÉL Tamás: A szabadság árnyékában,PR China,Romania
FAZEKAS Mihály: Lúdas Matyi,PR China,Romania
MARKOVITS Rodion: Szibériai garnizon,PR China,Romania
MIKSZÁTH Kálmán: Szent Péter esernyője,PR China,Romania
MÓRICZ Zsigmond: Források:,PR China,Romania
PETŐFI Sándor: Források:,PR China,Romania
PETŐFI Sándor: János vitéz,PR China,Romania
VERES Péter: Próbatétel,PR China,Romania
JÓZSEF Attila: Források:,PR China,Romania
KARINTHY Frigyes: Források:,PR China,Romania
PETŐFI Sándor: Az apostol,PR China,Romania
ILLÉS Béla: Ég a Tisza,PR China,Romania
ILLÉS Béla: Honfoglalás,PR China,Romania
ILLÉS Béla: Kárpáti rapszódia,PR China,Romania
MIKSZÁTH Kálmán: Szent Péter esernyője,PR China,Spain
JÓZSEF Attila: Források:,PR China,Spain
PETŐFI Sándor: Források:,PR China,Sweden
MIKSZÁTH Kálmán: Szent Péter esernyője,PR China,Switzerland
JÓZSEF Attila: Források:,PR China,Switzerland
MÓRICZ Zsigmond: Árvácska,PR China,Switzerland
JÓKAI Mór: Források:,PR China,Switzerland
KARINTHY Frigyes: Források:,PR China,Switzerland
MÓRICZ Zsigmond: Források:,PR China,Turkey
PETŐFI Sándor: Források:,PR China,Turkey
MIKSZÁTH Kálmán: Szent Péter esernyője,PR China,UK
JÓZSEF Attila: Források:,PR China,UK
PETŐFI Sándor: Források:,PR China,USA
JÓZSEF Attila: Források:,PR China,USA
NAGY Sándor: Megbékélés,PR China,USSR-altaji
NAGY Sándor: Megbékélés,PR China,USSR-azerbajdzsán
PETŐFI Sándor: Források:,PR China,USSR-azerbajdzsán
JÓKAI Mór: Sárga rózsa,PR China,USSR-azerbajdzsán
PETŐFI Sándor: Források:,PR China,USSR-baskir
NAGY Sándor: Megbékélés,PR China,USSR-csuvas
NAGY Sándor: Megbékélés,PR China,USSR-fehérorosz
PETŐFI Sándor: Források:,PR China,USSR-fehérorosz
NAGY Sándor: Megbékélés,PR China,USSR-finn
MIKSZÁTH Kálmán: Szent Péter esernyője,PR China,USSR-grúz
NAGY Sándor: Megbékélés,PR China,USSR-grúz
PETŐFI Sándor: Források:,PR China,USSR-grúz
PETŐFI Sándor: János vitéz,PR China,USSR-grúz
ACZÉL Tamás: A szabadság árnyékában,PR China,USSR-kazah
MIKSZÁTH Kálmán: Szent Péter esernyője,PR China,USSR-kazah
NAGY Sándor: Megbékélés,PR China,USSR-kazah
PETŐFI Sándor: Források:,PR China,USSR-kazah
PETŐFI Sándor: Források:,PR China,USSR-kirgiz
MIKSZÁTH Kálmán: Szent Péter esernyője,PR China,USSR-lett
PETŐFI Sándor: Források:,PR China,USSR-lett
JÓZSEF Attila: Források:,PR China,USSR-lett
ILLÉS Béla: Kárpáti rapszódia,PR China,USSR-lett
PETŐFI Sándor: Források:,PR China,USSR-litván
JÓKAI Mór: Egy magyar nábob,PR China,USSR-litván
JÓKAI Mór: Sárga rózsa,PR China,USSR-litván
ILLÉS Béla: Kárpáti rapszódia,PR China,USSR-litván
NAGY Sándor: Megbékélés,PR China,USSR-moldva
PETŐFI Sándor: Források:,PR China,USSR-moldva
ACZÉL Tamás: A szabadság árnyékában,PR China,USSR-orosz
HÁY Gyula: Az élet hídja,PR China,USSR-orosz
MÁNDI Éva: Hétköznapok hősei,PR China,USSR-orosz
MIKSZÁTH Kálmán: Szent Péter esernyője,PR China,USSR-orosz
MÓRICZ Zsigmond: Források:,PR China,USSR-orosz
NAGY Sándor: Megbékélés,PR China,USSR-orosz
PETŐFI Sándor: Források:,PR China,USSR-orosz
PETŐFI Sándor: János vitéz,PR China,USSR-orosz
SZABÓ Pál: Talpalatnyi föld,PR China,USSR-orosz
VERES Péter: Próbatétel,PR China,USSR-orosz
JÓKAI Mór: Egy magyar nábob,PR China,USSR-orosz
JÓZSEF Attila: Források:,PR China,USSR-orosz
TÖMÖRKÉNY István: Források:,PR China,USSR-orosz
JÓKAI Mór: Sárga rózsa,PR China,USSR-orosz
KARINTHY Frigyes: Források:,PR China,USSR-orosz
ILLÉS Béla: Ég a Tisza,PR China,USSR-orosz
ILLÉS Béla: Honfoglalás,PR China,USSR-orosz
ILLÉS Béla: Kárpáti rapszódia,PR China,USSR-orosz
VÖRÖSMARTY Mihály: Csongor és Tünde,PR China,USSR-orosz
PETŐFI Sándor: Források:,PR China,USSR-tadzsik
JÓKAI Mór: Sárga rózsa,PR China,USSR-tadzsik
PETŐFI Sándor: Források:,PR China,USSR-türkmén
JÓKAI Mór: Sárga rózsa,PR China,USSR-türkmén
NAGY Sándor: Megbékélés,PR China,USSR-udmurt
PETŐFI Sándor: Források:,PR China,USSR-udmurt
ACZÉL Tamás: A szabadság árnyékában,PR China,USSR-ukrán
MIKSZÁTH Kálmán: Szent Péter esernyője,PR China,USSR-ukrán
MÓRICZ Zsigmond: Források:,PR China,USSR-ukrán
PETŐFI Sándor: Források:,PR China,USSR-ukrán
PETŐFI Sándor: János vitéz,PR China,USSR-ukrán
JÓZSEF Attila: Források:,PR China,USSR-ukrán
JÓKAI Mór: Sárga rózsa,PR China,USSR-ukrán
PETŐFI Sándor: Az apostol,PR China,USSR-ukrán
ILLÉS Béla: Kárpáti rapszódia,PR China,USSR-ukrán
MIKSZÁTH Kálmán: Szent Péter esernyője,PR China,USSR-észt
MÓRICZ Zsigmond: Források:,PR China,USSR-észt
PETŐFI Sándor: Források:,PR China,USSR-észt
PETŐFI Sándor: Források:,PR China,USSR-örmény
PETŐFI Sándor: János vitéz,PR China,USSR-üzbég
ILLÉS Béla: Kárpáti rapszódia,PR China,USSR-üzbég
PETŐFI Sándor: Források:,PR China,Vietnam
JÓZSEF Attila: Források:,PR China,Vietnam
MIKSZÁTH Kálmán: Szent Péter esernyője,PR China,Yugoslavia
PETŐFI Sándor: Források:,PR China,Yugoslavia
JÓKAI Mór: Egy magyar nábob,PR China,Yugoslavia
JÓZSEF Attila: Források:,PR China,Yugoslavia
ILLÉS Béla: Kárpáti rapszódia,PR China,Yugoslavia
FÖLDES Jolán: A halászó macska uccája,Poland,Portugal
JÓZSEF Attila: Források:,Poland,Portugal
DÉRY Tibor: Források:,Poland,Portugal
KARINTHY Ferenc: Budapesti tavasz,Poland,Portugal
ASZTALOS István: Szél fúvatlan nem indul,Poland,Romania
GERGELY Sándor: Farkasok*,Poland,Romania
GERGELY Sándor: Vitézek és hősök,Poland,Romania
ILLÉS Béla: Fegyvert s vitézt éneklek,Poland,Romania
ILLÉS Béla: Kárpáti rapszódia,Poland,Romania
ILLYÉS Gyula: Puszták népe,Poland,Romania
JÓKAI Mór: A kőszívű ember fiai,Poland,Romania
JÓKAI Mór: Az arany ember,Poland,Romania
JÓKAI Mór: És mégis mozog a föld: Eppur si muove,Poland,Romania
MÓRICZ Zsigmond: Rokonok,Poland,Romania
TAMÁSI Áron: Ábel a rengetegben,Poland,Romania
VERES Péter: Próbatétel,Poland,Romania
SZÁNTÓ György: Stradivari,Poland,Romania
JÓZSEF Attila: Források:,Poland,Romania
MOLNÁR Ferenc: A Pál utcai fiúk,Poland,Romania
MÓRICZ Zsigmond: Légy jó mindhalálig,Poland,Romania
MIKSZÁTH Kálmán: Szent Péter esernyője,Poland,Romania
FÜST Milán: A feleségem története,Poland,Romania
ILLÉS Béla: Ég a Tisza,Poland,Romania
KAFFKA Margit: Színek és évek,Poland,Romania
KARINTHY Frigyes: Források:,Poland,Romania
MADÁCH Imre: Az ember tragédiája,Poland,Romania
NÉMETH László: Iszony,Poland,Romania
FEJES Endre: Rozsdatemető,Poland,Romania
NYISZLI Miklós: Dr Mengele boncolóorvosa voltam,Poland,Romania
DÉRY Tibor: Források:,Poland,Romania
KASSÁK Lajos: Források:,Poland,Romania
MIKSZÁTH Kálmán: Különös házasság,Poland,Romania
SZABÓ Magda: Pilátus,Poland,Romania
SÁNTA Ferenc: Az ötödik pecsét,Poland,Romania
CSERES Tibor: Hideg napok,Poland,Romania
NÉMETH László: Irgalom,Poland,Romania
PETŐFI Sándor: Források:,Poland,Romania
WEÖRES Sándor: Források:,Poland,Romania
THURZÓ Gábor: A szent,Poland,Romania
ÖRKÉNY István: Források:,Poland,Romania
KERTÉSZ Ákos: Makra,Poland,Romania
ADY Endre: Források:,Poland,Romania
VIDOR Miklós: Önkéntes hajótöröttek,Poland,Romania
OTTLIK Géza: Iskola a határon,Poland,Romania
KOSZTOLÁNYI Dezső: Esti Kornél,Poland,Romania
PASSUTH László: Madrigál: Carlo Gesualdo életregénye,Poland,Romania
DÉRY Tibor: A kiközösítő,Poland,Romania
HERNÁDI Gyula: Az erőd,Poland,Romania
SÜTŐ András: Anyám könnyű álmot ígér,Poland,Romania
MUNKÁCSI Miklós: Kihívás,Poland,Romania
MOLDOVA György: Sötét angyal,Poland,Romania
MÓRICZ Zsigmond: Források:,Poland,Romania
BÁLINT Tibor: Zokogó majom,Poland,Romania
GÁRDONYI Géza: Egri csillagok,Poland,Romania
JÓKAI Mór: Az arany ember,Poland,Spain
JÓZSEF Attila: Források:,Poland,Spain
MOLNÁR Ferenc: A Pál utcai fiúk,Poland,Spain
MIKSZÁTH Kálmán: Szent Péter esernyője,Poland,Spain
FÜST Milán: A feleségem története,Poland,Spain
SZABÓ Magda: Az őz,Poland,Spain
NÉMETH László: Iszony,Poland,Spain
FEJES Endre: Rozsdatemető,Poland,Spain
DÉRY Tibor: Források:,Poland,Spain
MÉSZÖLY Miklós: Saulus,Poland,Spain
KERTÉSZ Ákos: Makra,Poland,Spain
ADY Endre: Források:,Poland,Spain
DÉRY Tibor: G. A. úr X-ben,Poland,Spain
PASSUTH László: Lagúnák,Poland,Spain
OTTLIK Géza: Iskola a határon,Poland,Spain
PASSUTH László: Madrigál: Carlo Gesualdo életregénye,Poland,Spain
ILLYÉS Gyula: Puszták népe,Poland,Sweden
JÓKAI Mór: Az arany ember,Poland,Sweden
MOLNÁR Ferenc: A Pál utcai fiúk,Poland,Sweden
FÜST Milán: A feleségem története,Poland,Sweden
SZABÓ Magda: Az őz,Poland,Sweden
NÉMETH László: Iszony,Poland,Sweden
ILLYÉS Gyula: Források:,Poland,Sweden
SZABÓ Magda: Pilátus,Poland,Sweden
PETŐFI Sándor: Források:,Poland,Sweden
WEÖRES Sándor: Források:,Poland,Sweden
"SZABÓ Magda: Mózes egy, huszonkettő",Poland,Sweden
KERTÉSZ Ákos: Makra,Poland,Sweden
ADY Endre: Források:,Poland,Sweden
BALÁZS József: Magyarok,Poland,Sweden
KARINTHY Ferenc: Epepe,Poland,Sweden
DÉRY Tibor: Niki,Poland,Sweden
ILLYÉS Gyula: Kháron ladikján,Poland,Sweden
"SOMOGYI TÓTH Sándor: Próféta voltál, szívem",Poland,Sweden
NÉMETH László: Gyász,Poland,Sweden
OTTLIK Géza: Iskola a határon,Poland,Sweden
CSOÓRI Sándor: Források:,Poland,Sweden
DÉRY Tibor: A kiközösítő,Poland,Sweden
ÖRKÉNY István: Rózsakiállítás,Poland,Sweden
NÁDAS Péter: Egy családregény vége,Poland,Sweden
JÓKAI Mór: Az arany ember,Poland,Switzerland
JÓZSEF Attila: Források:,Poland,Switzerland
MIKSZÁTH Kálmán: A Noszty fiú esete Tóth Marival,Poland,Switzerland
MIKSZÁTH Kálmán: Szent Péter esernyője,Poland,Switzerland
KARINTHY Frigyes: Források:,Poland,Switzerland
NYISZLI Miklós: Dr Mengele boncolóorvosa voltam,Poland,Switzerland
BALÁZS József: Magyarok,Poland,Switzerland
JÓKAI Mór: Az arany ember,Poland,Turkey
MOLNÁR Ferenc: A Pál utcai fiúk,Poland,Turkey
GÁRDONYI Géza: A láthatatlan ember,Poland,Turkey
MADÁCH Imre: Az ember tragédiája,Poland,Turkey
DÉRY Tibor: Források:,Poland,Turkey
PETŐFI Sándor: Források:,Poland,Turkey
BALÁZS József: Magyarok,Poland,Turkey
KARINTHY Ferenc: Budapesti tavasz,Poland,Turkey
DÉRY Tibor: Niki,Poland,Turkey
MÓRICZ Zsigmond: Források:,Poland,Turkey
FÖLDES Jolán: Férjhez megyek,Poland,UK
ILLÉS Béla: Szkipetárok,Poland,UK
JÓZSEF Attila: Források:,Poland,UK
MIKSZÁTH Kálmán: Szent Péter esernyője,Poland,UK
FÜST Milán: A feleségem története,Poland,UK
SZABÓ Magda: Az őz,Poland,UK
GÁRDONYI Géza: A láthatatlan ember,Poland,UK
NÉMETH László: Iszony,Poland,UK
NYISZLI Miklós: Dr Mengele boncolóorvosa voltam,Poland,UK
DÉRY Tibor: Források:,Poland,UK
ILLYÉS Gyula: Források:,Poland,UK
NÉMETH László: Bűn,Poland,UK
WEÖRES Sándor: Források:,Poland,UK
SZABÓ Magda: Disznótor,Poland,UK
DÉRY Tibor: Niki,Poland,UK
RADNÓTI Miklós: Források:,Poland,UK
JÓZSEF Attila: Források:,Poland,USA
FÜST Milán: A feleségem története,Poland,USA
SZABÓ Magda: Az őz,Poland,USA
MADÁCH Imre: Az ember tragédiája,Poland,USA
NÉMETH László: Iszony,Poland,USA
FEJES Endre: Rozsdatemető,Poland,USA
NYISZLI Miklós: Dr Mengele boncolóorvosa voltam,Poland,USA
ILLYÉS Gyula: Források:,Poland,USA
PETŐFI Sándor: Források:,Poland,USA
WEÖRES Sándor: Források:,Poland,USA
ADY Endre: Források:,Poland,USA
DÉRY Tibor: Niki,Poland,USA
RADNÓTI Miklós: Források:,Poland,USA
OTTLIK Géza: Iskola a határon,Poland,USA
CSOÓRI Sándor: Források:,Poland,USA
JUHÁSZ Ferenc: Források:,Poland,USA
MÓRA Ferenc: Források:,Poland,USSR-azerbajdzsán
PETŐFI Sándor: Források:,Poland,USSR-azerbajdzsán
RADNÓTI Miklós: Források:,Poland,USSR-azerbajdzsán
PETŐFI Sándor: Források:,Poland,USSR-baskir
PETŐFI Sándor: Források:,Poland,USSR-fehérorosz
JÓKAI Mór: Az arany ember,Poland,USSR-grúz
MIKSZÁTH Kálmán: Beszterce ostroma,Poland,USSR-grúz
MOLNÁR Ferenc: A Pál utcai fiúk,Poland,USSR-grúz
MIKSZÁTH Kálmán: Szent Péter esernyője,Poland,USSR-grúz
MADÁCH Imre: Az ember tragédiája,Poland,USSR-grúz
SARKADI Imre: A gyáva,Poland,USSR-grúz
PETŐFI Sándor: Források:,Poland,USSR-grúz
ADY Endre: Források:,Poland,USSR-grúz
ÖRKÉNY István: Rózsakiállítás,Poland,USSR-grúz
MIKSZÁTH Kálmán: Szent Péter esernyője,Poland,USSR-kazah
TATAY Sándor: Puskák és galambok,Poland,USSR-kazah
MIKSZÁTH Kálmán: Különös házasság,Poland,USSR-kazah
PETŐFI Sándor: Források:,Poland,USSR-kazah
TATAY Sándor: Puskák és galambok,Poland,USSR-kirgiz
PETŐFI Sándor: Források:,Poland,USSR-kirgiz
ILLÉS Béla: Kárpáti rapszódia,Poland,USSR-lett
JÓKAI Mór: A kőszívű ember fiai,Poland,USSR-lett
ZALKA Máté: Doberdo,Poland,USSR-lett
JÓZSEF Attila: Források:,Poland,USSR-lett
MIKSZÁTH Kálmán: Szent Péter esernyője,Poland,USSR-lett
FEJES Endre: Rozsdatemető,Poland,USSR-lett
SZABÓ Magda: Mondják meg Zsófikának,Poland,USSR-lett
MIKSZÁTH Kálmán: Különös házasság,Poland,USSR-lett
PETŐFI Sándor: Források:,Poland,USSR-lett
ILLYÉS Gyula: Petőfi,Poland,USSR-lett
FEKETE István: Tüskevár,Poland,USSR-lett
RADNÓTI Miklós: Források:,Poland,USSR-lett
NÉMETH László: Gyász,Poland,USSR-lett
DÁNIEL Anna: Karambol,Poland,USSR-lett
ILLÉS Béla: Kárpáti rapszódia,Poland,USSR-litván
JÓKAI Mór: A kőszívű ember fiai,Poland,USSR-litván
JÓKAI Mór: Az arany ember,Poland,USSR-litván
MÓRICZ Zsigmond: Rokonok,Poland,USSR-litván
MOLNÁR Ferenc: A Pál utcai fiúk,Poland,USSR-litván
FÜST Milán: A feleségem története,Poland,USSR-litván
TATAY Sándor: Puskák és galambok,Poland,USSR-litván
MÁNDY Iván: Csutak és a szürke ló,Poland,USSR-litván
FEJES Endre: Rozsdatemető,Poland,USSR-litván
SZABÓ Magda: Mondják meg Zsófikának,Poland,USSR-litván
DÉRY Tibor: Források:,Poland,USSR-litván
MIKSZÁTH Kálmán: Különös házasság,Poland,USSR-litván
SZABÓ Magda: Álarcosbál,Poland,USSR-litván
PETŐFI Sándor: Források:,Poland,USSR-litván
SOMOGYI TÓTH Sándor: A gyerekek kétszer születnek,Poland,USSR-litván
NÉMETH László: Gyász,Poland,USSR-litván
GÁL György Sándor: Liszt Ferenc életének regénye,Poland,USSR-litván
JÓKAI Mór: Egy magyar nábob,Poland,USSR-litván
JUHÁSZ Ferenc: Források:,Poland,USSR-litván
GÁRDONYI Géza: Egri csillagok,Poland,USSR-litván
MOLNÁR Ferenc: A Pál utcai fiúk,Poland,USSR-moldva
SÁNTA Ferenc: Az ötödik pecsét,Poland,USSR-moldva
PETŐFI Sándor: Források:,Poland,USSR-moldva
HÁY Gyula: Az élet hídja,Poland,USSR-orosz
ILLÉS Béla: Kárpáti rapszódia,Poland,USSR-orosz
JÓKAI Mór: A kőszívű ember fiai,Poland,USSR-orosz
JÓKAI Mór: Az arany ember,Poland,USSR-orosz
MIKSZÁTH Kálmán: A gavallérok,Poland,USSR-orosz
MIKSZÁTH Kálmán: Beszterce ostroma,Poland,USSR-orosz
MÓRICZ Zsigmond: Rokonok,Poland,USSR-orosz
TAMÁSI Áron: Ábel a rengetegben,Poland,USSR-orosz
VERES Péter: Próbatétel,Poland,USSR-orosz
ZALKA Máté: János a katona*,Poland,USSR-orosz
ZALKA Máté: Doberdo,Poland,USSR-orosz
JÓZSEF Attila: Források:,Poland,USSR-orosz
MOLNÁR Ferenc: A Pál utcai fiúk,Poland,USSR-orosz
MÓRA Ferenc: Források:,Poland,USSR-orosz
MÓRICZ Zsigmond: Légy jó mindhalálig,Poland,USSR-orosz
MIKSZÁTH Kálmán: Szent Péter esernyője,Poland,USSR-orosz
ILLÉS Béla: Ég a Tisza,Poland,USSR-orosz
KAFFKA Margit: Színek és évek,Poland,USSR-orosz
KARINTHY Frigyes: Források:,Poland,USSR-orosz
SÓS György: Pettyes kalandjai,Poland,USSR-orosz
MADÁCH Imre: Az ember tragédiája,Poland,USSR-orosz
TATAY Sándor: Puskák és galambok,Poland,USSR-orosz
DÉRY Tibor: Felelet,Poland,USSR-orosz
BERKESI András−KARDOS György: Kopjások,Poland,USSR-orosz
FEJES Endre: Rozsdatemető,Poland,USSR-orosz
SZABÓ Magda: Mondják meg Zsófikának,Poland,USSR-orosz
DÉRY Tibor: Források:,Poland,USSR-orosz
ILLYÉS Gyula: Források:,Poland,USSR-orosz
KASSÁK Lajos: Források:,Poland,USSR-orosz
MIKSZÁTH Kálmán: Különös házasság,Poland,USSR-orosz
SZABÓ Magda: Álarcosbál,Poland,USSR-orosz
SÁNTA Ferenc: Húsz óra,Poland,USSR-orosz
CSERES Tibor: Hideg napok,Poland,USSR-orosz
NÉMETH László: Irgalom,Poland,USSR-orosz
PETŐFI Sándor: Források:,Poland,USSR-orosz
WEÖRES Sándor: Források:,Poland,USSR-orosz
ILLYÉS Gyula: Petőfi,Poland,USSR-orosz
ÖRKÉNY István: Források:,Poland,USSR-orosz
FEKETE István: Tüskevár,Poland,USSR-orosz
ADY Endre: Források:,Poland,USSR-orosz
MIKSZÁTH Kálmán: A fekete város,Poland,USSR-orosz
"BÁRÁNY Tamás: Város, esti fényben",Poland,USSR-orosz
RADNÓTI Miklós: Források:,Poland,USSR-orosz
NÉMETH László: Gyász,Poland,USSR-orosz
OTTLIK Géza: Iskola a határon,Poland,USSR-orosz
SZABÓ Magda: Régimódi történet,Poland,USSR-orosz
GÁL György Sándor: Liszt Ferenc életének regénye,Poland,USSR-orosz
JÓKAI Mór: Egy magyar nábob,Poland,USSR-orosz
MÓRICZ Zsigmond: Források:,Poland,USSR-orosz
URBÁN Ernő: Tűzkeresztség,Poland,USSR-orosz
GÁRDONYI Géza: Egri csillagok,Poland,USSR-orosz
MÓRA Ferenc: Források:,Poland,USSR-tadzsik
SARKADI Imre: A gyáva,Poland,USSR-tadzsik
PETŐFI Sándor: Források:,Poland,USSR-tadzsik
SÁNTA Ferenc: Az ötödik pecsét,Poland,USSR-türkmén
PETŐFI Sándor: Források:,Poland,USSR-türkmén
KARINTHY Ferenc: Budapesti tavasz,Poland,USSR-türkmén
PETŐFI Sándor: Források:,Poland,USSR-udmurt
ILKU Pál: Az osztály zendülői,Poland,USSR-ukrán
ILLÉS Béla: Kárpáti rapszódia,Poland,USSR-ukrán
ILLYÉS Gyula: Puszták népe,Poland,USSR-ukrán
JÓKAI Mór: A kőszívű ember fiai,Poland,USSR-ukrán
ZALKA Máté: Doberdo,Poland,USSR-ukrán
JÓZSEF Attila: Források:,Poland,USSR-ukrán
MOLNÁR Ferenc: A Pál utcai fiúk,Poland,USSR-ukrán
MÓRA Ferenc: Források:,Poland,USSR-ukrán
MIKSZÁTH Kálmán: Szent Péter esernyője,Poland,USSR-ukrán
SZABÓ Magda: Freskó,Poland,USSR-ukrán
MADÁCH Imre: Az ember tragédiája,Poland,USSR-ukrán
TATAY Sándor: Puskák és galambok,Poland,USSR-ukrán
BERKESI András−KARDOS György: Kopjások,Poland,USSR-ukrán
MIKSZÁTH Kálmán: Különös házasság,Poland,USSR-ukrán
SÁNTA Ferenc: Húsz óra,Poland,USSR-ukrán
NÉMETH László: Bűn,Poland,USSR-ukrán
PETŐFI Sándor: Források:,Poland,USSR-ukrán
JÓKAI Anna: Tartozik és követel,Poland,USSR-ukrán
ADY Endre: Források:,Poland,USSR-ukrán
SZABÓ Magda: Régimódi történet,Poland,USSR-ukrán
MÓRICZ Zsigmond: Források:,Poland,USSR-ukrán
GÁRDONYI Géza: Egri csillagok,Poland,USSR-ukrán
JÓKAI Mór: Az arany ember,Poland,USSR-észt
MOLNÁR Ferenc: A Pál utcai fiúk,Poland,USSR-észt
MIKSZÁTH Kálmán: Szent Péter esernyője,Poland,USSR-észt
GÁRDONYI Géza: A láthatatlan ember,Poland,USSR-észt
TATAY Sándor: Puskák és galambok,Poland,USSR-észt
NÉMETH László: Iszony,Poland,USSR-észt
SARKADI Imre: A gyáva,Poland,USSR-észt
FEJES Endre: Rozsdatemető,Poland,USSR-észt
PETŐFI Sándor: Források:,Poland,USSR-észt
"SOMOGYI TÓTH Sándor: Próféta voltál, szívem",Poland,USSR-észt
BABITS Mihály: A gólyakalifa,Poland,USSR-észt
HERNÁDI Gyula: Az erőd,Poland,USSR-észt
MÓRICZ Zsigmond: Források:,Poland,USSR-észt
GÁRDONYI Géza: Egri csillagok,Poland,USSR-észt
JÓKAI Mór: Az arany ember,Poland,USSR-örmény
MOLNÁR Ferenc: A Pál utcai fiúk,Poland,USSR-örmény
MÓRA Ferenc: Források:,Poland,USSR-örmény
TATAY Sándor: Puskák és galambok,Poland,USSR-örmény
SZILVÁSI Lajos: Appassionata,Poland,USSR-örmény
SÁNTA Ferenc: Az ötödik pecsét,Poland,USSR-örmény
PETŐFI Sándor: Források:,Poland,USSR-örmény
ILLÉS Béla: Kárpáti rapszódia,Poland,USSR-üzbég
MIKSZÁTH Kálmán: Különös házasság,Poland,USSR-üzbég
NÉMETH László: Gyász,Poland,USSR-üzbég
MÓRICZ Zsigmond: Rokonok,Poland,Vietnam
JÓZSEF Attila: Források:,Poland,Vietnam
PETŐFI Sándor: Források:,Poland,Vietnam
GÁRDONYI Géza: Egri csillagok,Poland,Vietnam
ILLÉS Béla: Kárpáti rapszódia,Poland,Yugoslavia
ILLYÉS Gyula: Puszták népe,Poland,Yugoslavia
JÓKAI Mór: Az arany ember,Poland,Yugoslavia
MIKSZÁTH Kálmán: Beszterce ostroma,Poland,Yugoslavia
JÓZSEF Attila: Források:,Poland,Yugoslavia
MOLNÁR Ferenc: A Pál utcai fiúk,Poland,Yugoslavia
MÓRICZ Zsigmond: Légy jó mindhalálig,Poland,Yugoslavia
MIKSZÁTH Kálmán: Szent Péter esernyője,Poland,Yugoslavia
JÓKAI Mór: Szegény gazdagok,Poland,Yugoslavia
FÜST Milán: A feleségem története,Poland,Yugoslavia
SZABÓ Magda: Az őz,Poland,Yugoslavia
SZABÓ Magda: Freskó,Poland,Yugoslavia
GÁRDONYI Géza: A láthatatlan ember,Poland,Yugoslavia
NÉMETH László: Iszony,Poland,Yugoslavia
FEJES Endre: Rozsdatemető,Poland,Yugoslavia
ILLYÉS Gyula: Ebéd a kastélyban,Poland,Yugoslavia
KOSZTOLÁNYI Dezső: Pacsirta,Poland,Yugoslavia
DÉRY Tibor: Források:,Poland,Yugoslavia
ILLYÉS Gyula: Források:,Poland,Yugoslavia
MIKSZÁTH Kálmán: Különös házasság,Poland,Yugoslavia
SZABÓ Magda: Álarcosbál,Poland,Yugoslavia
CSERES Tibor: Hideg napok,Poland,Yugoslavia
NÉMETH László: Bűn,Poland,Yugoslavia
PETŐFI Sándor: Források:,Poland,Yugoslavia
WEÖRES Sándor: Források:,Poland,Yugoslavia
BÓKAY János: Bohémek és pillangók: Puccini életregénye,Poland,Yugoslavia
ILLYÉS Gyula: Petőfi,Poland,Yugoslavia
SZERB Antal: A Pendragon legenda,Poland,Yugoslavia
KERTÉSZ Ákos: Makra,Poland,Yugoslavia
ADY Endre: Források:,Poland,Yugoslavia
DÉRY Tibor: G. A. úr X-ben,Poland,Yugoslavia
GÁRDONYI Géza: Isten rabjai,Poland,Yugoslavia
KARINTHY Ferenc: Budapesti tavasz,Poland,Yugoslavia
DÉRY Tibor: Niki,Poland,Yugoslavia
RADNÓTI Miklós: Források:,Poland,Yugoslavia
"SOMOGYI TÓTH Sándor: Próféta voltál, szívem",Poland,Yugoslavia
NÉMETH László: Gyász,Poland,Yugoslavia
OTTLIK Géza: Iskola a határon,Poland,Yugoslavia
SZABÓ Magda: Régimódi történet,Poland,Yugoslavia
KOLOZSVÁRI GRANDPIERRE Emil: Nők apróban,Poland,Yugoslavia
ÖRKÉNY István: Rózsakiállítás,Poland,Yugoslavia
BALÁZS József: Fábián Bálint találkozása Istennel,Poland,Yugoslavia
KAFFKA Margit: Hangyaboly,Poland,Yugoslavia
NÁDAS Péter: Egy családregény vége,Poland,Yugoslavia
GION Nándor: Latroknak is játszott,Poland,Yugoslavia
JÓKAI Mór: Egy magyar nábob,Poland,Yugoslavia
MOLDOVA György: Sötét angyal,Poland,Yugoslavia
JUHÁSZ Ferenc: Források:,Poland,Yugoslavia
G. SZABÓ Judit: A macskát visszafelé simogatják,Poland,Yugoslavia
GÁRDONYI Géza: Egri csillagok,Poland,Yugoslavia
JÓKAI Anna: Jákob lajtorjája,Poland,Yugoslavia
DÉRY Tibor: Források:,Portugal,Romania
JÓZSEF Attila: Források:,Portugal,Romania
ÖRKÉNY István: Egyperces novellák,Portugal,Romania
DÉRY Tibor: Források:,Portugal,Spain
JÓZSEF Attila: Források:,Portugal,Spain
Dalos György: 1985,Portugal,Sweden
ÖRKÉNY István: Egyperces novellák,Portugal,Sweden
JÓZSEF Attila: Források:,Portugal,Switzerland
DÉRY Tibor: Források:,Portugal,Turkey
KARINTHY Ferenc: Budapesti tavasz,Portugal,Turkey
DÉRY Tibor: Források:,Portugal,UK
JÓZSEF Attila: Források:,Portugal,UK
Dalos György: 1985,Portugal,UK
JÓZSEF Attila: Források:,Portugal,USA
Dalos György: 1985,Portugal,USA
JÓZSEF Attila: Források:,Portugal,USSR-lett
DÉRY Tibor: Források:,Portugal,USSR-litván
DÉRY Tibor: Források:,Portugal,USSR-orosz
JÓZSEF Attila: Források:,Portugal,USSR-orosz
ÖRKÉNY István: Egyperces novellák,Portugal,USSR-orosz
KARINTHY Ferenc: Budapesti tavasz,Portugal,USSR-türkmén
JÓZSEF Attila: Források:,Portugal,USSR-ukrán
JÓZSEF Attila: Források:,Portugal,Vietnam
DÉRY Tibor: Források:,Portugal,Yugoslavia
JÓZSEF Attila: Források:,Portugal,Yugoslavia
ÖRKÉNY István: Egyperces novellák,Portugal,Yugoslavia
KARINTHY Ferenc: Budapesti tavasz,Portugal,Yugoslavia
ADY Endre: Források:,Romania,Spain
JÓZSEF Attila: Források:,Romania,Spain
MOLNÁR Ferenc: A Pál utcai fiúk,Romania,Spain
JÓKAI Mór: Az arany ember,Romania,Spain
MIKSZÁTH Kálmán: Szent Péter esernyője,Romania,Spain
NÉMETH László: Iszony,Romania,Spain
PASSUTH László: A mantuai herceg muzsikusa,Romania,Spain
PASSUTH László: Madrigál: Carlo Gesualdo életregénye,Romania,Spain
DÉRY Tibor: Források:,Romania,Spain
FEJES Endre: Rozsdatemető,Romania,Spain
KERTÉSZ Ákos: Makra,Romania,Spain
OTTLIK Géza: Iskola a határon,Romania,Spain
FÜST Milán: A feleségem története,Romania,Spain
ADY Endre: Források:,Romania,Sweden
MOLNÁR Ferenc: A Pál utcai fiúk,Romania,Sweden
PETŐFI Sándor: Források:,Romania,Sweden
JÓKAI Mór: Az arany ember,Romania,Sweden
ILLYÉS Gyula: Puszták népe,Romania,Sweden
NÉMETH László: Iszony,Romania,Sweden
NAGY Lajos: Források:,Romania,Sweden
ÖRKÉNY István: Egyperces novellák,Romania,Sweden
WEÖRES Sándor: Források:,Romania,Sweden
DÉRY Tibor: A kiközösítő,Romania,Sweden
KERTÉSZ Ákos: Makra,Romania,Sweden
SZABÓ Magda: Pilátus,Romania,Sweden
OTTLIK Géza: Iskola a határon,Romania,Sweden
FÜST Milán: A feleségem története,Romania,Sweden
JÓZSEF Attila: Források:,Romania,Switzerland
JÓKAI Mór: Az arany ember,Romania,Switzerland
MIKSZÁTH Kálmán: Szent Péter esernyője,Romania,Switzerland
KARINTHY Frigyes: Források:,Romania,Switzerland
KOSZTOLÁNYI Dezső: Források:,Romania,Switzerland
SZAMOS Rudolf: Kántor nyomoz; Kántor a nagyvárosban,Romania,Switzerland
NYISZLI Miklós: Dr Mengele boncolóorvosa voltam,Romania,Switzerland
KATONA József: Bánk bán,Romania,Turkey
MOLNÁR Ferenc: A Pál utcai fiúk,Romania,Turkey
PETŐFI Sándor: Források:,Romania,Turkey
MÓRICZ Zsigmond: Források:,Romania,Turkey
JÓKAI Mór: Az arany ember,Romania,Turkey
MADÁCH Imre: Az ember tragédiája,Romania,Turkey
KUNCZ Aladár: Fekete kolostor,Romania,Turkey
DÉRY Tibor: Források:,Romania,Turkey
KEMÉNY Zsigmond: Özvegy és leánya,Romania,Turkey
JÓZSEF Attila: Források:,Romania,UK
MIKSZÁTH Kálmán: Szent Péter esernyője,Romania,UK
NÉMETH László: Iszony,Romania,UK
DÉRY Tibor: Források:,Romania,UK
WEÖRES Sándor: Források:,Romania,UK
KOSZTOLÁNYI Dezső: A véres költő (Nero),Romania,UK
NYISZLI Miklós: Dr Mengele boncolóorvosa voltam,Romania,UK
FÜST Milán: A feleségem története,Romania,UK
ADY Endre: Források:,Romania,USA
JÓZSEF Attila: Források:,Romania,USA
PETŐFI Sándor: Források:,Romania,USA
ARANY János: Források:,Romania,USA
MADÁCH Imre: Az ember tragédiája,Romania,USA
NÉMETH László: Iszony,Romania,USA
FEJES Endre: Rozsdatemető,Romania,USA
MOLNÁR Ferenc: Források:,Romania,USA
WEÖRES Sándor: Források:,Romania,USA
OTTLIK Géza: Iskola a határon,Romania,USA
NYISZLI Miklós: Dr Mengele boncolóorvosa voltam,Romania,USA
FÜST Milán: A feleségem története,Romania,USA
PETŐFI Sándor: Források:,Romania,USSR-azerbajdzsán
PETŐFI Sándor: Források:,Romania,USSR-baskir
PETŐFI Sándor: Források:,Romania,USSR-fehérorosz
ADY Endre: Források:,Romania,USSR-grúz
MOLNÁR Ferenc: A Pál utcai fiúk,Romania,USSR-grúz
PETŐFI Sándor: Források:,Romania,USSR-grúz
JÓKAI Mór: Az arany ember,Romania,USSR-grúz
PETŐFI Sándor: János vitéz,Romania,USSR-grúz
KARINTHY Frigyes: Utazás a koponyám körül,Romania,USSR-grúz
MADÁCH Imre: Az ember tragédiája,Romania,USSR-grúz
JÓKAI Mór: Fekete gyémántok,Romania,USSR-grúz
MIKSZÁTH Kálmán: Szent Péter esernyője,Romania,USSR-grúz
BERKESI András: A 13. ügynök,Romania,USSR-grúz
ACZÉL Tamás: A szabadság árnyékában,Romania,USSR-kazah
PETŐFI Sándor: Források:,Romania,USSR-kazah
MIKSZÁTH Kálmán: Különös házasság,Romania,USSR-kazah
MIKSZÁTH Kálmán: Szent Péter esernyője,Romania,USSR-kazah
PETŐFI Sándor: Források:,Romania,USSR-kirgiz
ILLÉS Béla: Kárpáti rapszódia,Romania,USSR-lett
JÓZSEF Attila: Források:,Romania,USSR-lett
PETŐFI Sándor: Források:,Romania,USSR-lett
MIKSZÁTH Kálmán: Különös házasság,Romania,USSR-lett
MÓRICZ Zsigmond: A boldog ember,Romania,USSR-lett
MIKSZÁTH Kálmán: Szent Péter esernyője,Romania,USSR-lett
JÓKAI Mór: A kőszívű ember fiai,Romania,USSR-lett
FEJES Endre: Rozsdatemető,Romania,USSR-lett
FEKETE Gyula: Az orvos halála,Romania,USSR-lett
ILLÉS Béla: Kárpáti rapszódia,Romania,USSR-litván
MOLNÁR Ferenc: A Pál utcai fiúk,Romania,USSR-litván
MÓRICZ Zsigmond: Rokonok,Romania,USSR-litván
PETŐFI Sándor: Források:,Romania,USSR-litván
JÓKAI Mór: Az arany ember,Romania,USSR-litván
MIKSZÁTH Kálmán: Különös házasság,Romania,USSR-litván
GÁRDONYI Géza: Egri csillagok,Romania,USSR-litván
JÓKAI Mór: Fekete gyémántok,Romania,USSR-litván
JÓKAI Mór: A kőszívű ember fiai,Romania,USSR-litván
DÉRY Tibor: Források:,Romania,USSR-litván
FEJES Endre: Rozsdatemető,Romania,USSR-litván
FÜST Milán: A feleségem története,Romania,USSR-litván
MOLNÁR Ferenc: A Pál utcai fiúk,Romania,USSR-moldva
PETŐFI Sándor: Források:,Romania,USSR-moldva
NAGY Lajos: Források:,Romania,USSR-moldva
SÁNTA Ferenc: Az ötödik pecsét,Romania,USSR-moldva
ACZÉL Tamás: A szabadság árnyékában,Romania,USSR-orosz
ADY Endre: Források:,Romania,USSR-orosz
ILLÉS Béla: Kárpáti rapszódia,Romania,USSR-orosz
JÓZSEF Attila: Források:,Romania,USSR-orosz
KARINTHY Ferenc: Kőművesek,Romania,USSR-orosz
MOLNÁR Ferenc: A Pál utcai fiúk,Romania,USSR-orosz
MÓRICZ Zsigmond: Rokonok,Romania,USSR-orosz
PETŐFI Sándor: Források:,Romania,USSR-orosz
VERES Péter: Próbatétel,Romania,USSR-orosz
MÓRICZ Zsigmond: Források:,Romania,USSR-orosz
ARANY János: Források:,Romania,USSR-orosz
ILLÉS Béla: Források:,Romania,USSR-orosz
ILLÉS Béla: Honfoglalás,Romania,USSR-orosz
JÓKAI Mór: Az arany ember,Romania,USSR-orosz
PETŐFI Sándor: János vitéz,Romania,USSR-orosz
VÖRÖSMARTY Mihály: Források:,Romania,USSR-orosz
EÖTVÖS József: A falu jegyzője,Romania,USSR-orosz
MIKSZÁTH Kálmán: Különös házasság,Romania,USSR-orosz
MÓRICZ Zsigmond: Légy jó mindhalálig,Romania,USSR-orosz
MÓRICZ Zsigmond: Úri muri,Romania,USSR-orosz
GÁRDONYI Géza: Egri csillagok,Romania,USSR-orosz
MADÁCH Imre: Az ember tragédiája,Romania,USSR-orosz
JÓKAI Mór: Fekete gyémántok,Romania,USSR-orosz
CSERES Tibor: Hideg napok,Romania,USSR-orosz
MIKSZÁTH Kálmán: Szent Péter esernyője,Romania,USSR-orosz
ILLÉS Béla: Ég a Tisza,Romania,USSR-orosz
KARIKÁS Frigyes: Források:,Romania,USSR-orosz
KARINTHY Frigyes: Források:,Romania,USSR-orosz
KASSÁK Lajos: Források:,Romania,USSR-orosz
NAGY Lajos: Források:,Romania,USSR-orosz
JÓKAI Mór: A kőszívű ember fiai,Romania,USSR-orosz
DÉRY Tibor: Források:,Romania,USSR-orosz
FEJES Endre: Rozsdatemető,Romania,USSR-orosz
MOLNÁR Ferenc: Források:,Romania,USSR-orosz
ÖRKÉNY István: Egyperces novellák,Romania,USSR-orosz
WEÖRES Sándor: Források:,Romania,USSR-orosz
GALAMBOS Lajos: Isten őszi csillaga,Romania,USSR-orosz
KOSZTOLÁNYI Dezső: Források:,Romania,USSR-orosz
KOSZTOLÁNYI Dezső: A véres költő (Nero),Romania,USSR-orosz
ÖRKÉNY István: Források:,Romania,USSR-orosz
FEKETE Gyula: Az orvos halála,Romania,USSR-orosz
KAFFKA Margit: Színek és évek,Romania,USSR-orosz
SZAMOS Rudolf: Kántor nyomoz; Kántor a nagyvárosban,Romania,USSR-orosz
NÉMETH László: Irgalom,Romania,USSR-orosz
KRÚDY Gyula: Források:,Romania,USSR-orosz
TAMÁSI Áron: Ábel a rengetegben,Romania,USSR-orosz
OTTLIK Géza: Iskola a határon,Romania,USSR-orosz
KATONA József: Bánk Bán,Romania,USSR-orosz
BABITS Mihály: Források:,Romania,USSR-orosz
PETŐFI Sándor: Források:,Romania,USSR-tadzsik
PETŐFI Sándor: Források:,Romania,USSR-türkmén
SÁNTA Ferenc: Az ötödik pecsét,Romania,USSR-türkmén
PETŐFI Sándor: Források:,Romania,USSR-udmurt
ACZÉL Tamás: A szabadság árnyékában,Romania,USSR-ukrán
ADY Endre: Források:,Romania,USSR-ukrán
ILLÉS Béla: Kárpáti rapszódia,Romania,USSR-ukrán
JÓZSEF Attila: Források:,Romania,USSR-ukrán
KARINTHY Ferenc: Kőművesek,Romania,USSR-ukrán
MOLNÁR Ferenc: A Pál utcai fiúk,Romania,USSR-ukrán
PETŐFI Sándor: Források:,Romania,USSR-ukrán
MÓRICZ Zsigmond: Források:,Romania,USSR-ukrán
PETŐFI Sándor: János vitéz,Romania,USSR-ukrán
MIKSZÁTH Kálmán: Különös házasság,Romania,USSR-ukrán
GÁRDONYI Géza: Egri csillagok,Romania,USSR-ukrán
ILLYÉS Gyula: Puszták népe,Romania,USSR-ukrán
MADÁCH Imre: Az ember tragédiája,Romania,USSR-ukrán
MIKSZÁTH Kálmán: Szent Péter esernyője,Romania,USSR-ukrán
JÓKAI Mór: A kőszívű ember fiai,Romania,USSR-ukrán
PETŐFI Sándor: Az apostol,Romania,USSR-ukrán
BERKESI András: A 13. ügynök,Romania,USSR-ukrán
MOLNÁR Ferenc: A Pál utcai fiúk,Romania,USSR-észt
PETŐFI Sándor: Források:,Romania,USSR-észt
MÓRICZ Zsigmond: Források:,Romania,USSR-észt
JÓKAI Mór: Az arany ember,Romania,USSR-észt
GÁRDONYI Géza: Egri csillagok,Romania,USSR-észt
MIKSZÁTH Kálmán: Szent Péter esernyője,Romania,USSR-észt
NÉMETH László: Iszony,Romania,USSR-észt
FEJES Endre: Rozsdatemető,Romania,USSR-észt
HERNÁDI Gyula: Az erőd,Romania,USSR-észt
TAMÁSI Áron: Források:,Romania,USSR-észt
MOLNÁR Ferenc: A Pál utcai fiúk,Romania,USSR-örmény
PETŐFI Sándor: Források:,Romania,USSR-örmény
JÓKAI Mór: Az arany ember,Romania,USSR-örmény
KOSZTOLÁNYI Dezső: A véres költő (Nero),Romania,USSR-örmény
SÁNTA Ferenc: Az ötödik pecsét,Romania,USSR-örmény
ILLÉS Béla: Kárpáti rapszódia,Romania,USSR-üzbég
PETŐFI Sándor: János vitéz,Romania,USSR-üzbég
MIKSZÁTH Kálmán: Különös házasság,Romania,USSR-üzbég
BERKESI András: A 13. ügynök,Romania,USSR-üzbég
JÓZSEF Attila: Források:,Romania,Vietnam
MÓRICZ Zsigmond: Rokonok,Romania,Vietnam
PETŐFI Sándor: Források:,Romania,Vietnam
GÁRDONYI Géza: Egri csillagok,Romania,Vietnam
KOSZTOLÁNYI Dezső: A véres költő (Nero),Romania,Vietnam
ADY Endre: Források:,Romania,Yugoslavia
ILLÉS Béla: Kárpáti rapszódia,Romania,Yugoslavia
JÓZSEF Attila: Források:,Romania,Yugoslavia
MOLNÁR Ferenc: A Pál utcai fiúk,Romania,Yugoslavia
MÓRICZ Zsigmond: Rózsa Sándor a lovát ugratja,Romania,Yugoslavia
PETŐFI Sándor: Források:,Romania,Yugoslavia
JÓKAI Mór: Az arany ember,Romania,Yugoslavia
MIKSZÁTH Kálmán: Különös házasság,Romania,Yugoslavia
MÓRICZ Zsigmond: Légy jó mindhalálig,Romania,Yugoslavia
MÓRICZ Zsigmond: Úri muri,Romania,Yugoslavia
GÁRDONYI Géza: Egri csillagok,Romania,Yugoslavia
ILLYÉS Gyula: Puszták népe,Romania,Yugoslavia
JÓKAI Mór: Fekete gyémántok,Romania,Yugoslavia
CSERES Tibor: Hideg napok,Romania,Yugoslavia
MIKSZÁTH Kálmán: Szent Péter esernyője,Romania,Yugoslavia
NÉMETH László: Iszony,Romania,Yugoslavia
DÉRY Tibor: Források:,Romania,Yugoslavia
FEJES Endre: Rozsdatemető,Romania,Yugoslavia
ÖRKÉNY István: Egyperces novellák,Romania,Yugoslavia
WEÖRES Sándor: Források:,Romania,Yugoslavia
MOLDOVA György: Sötét angyal,Romania,Yugoslavia
KERTÉSZ Ákos: Makra,Romania,Yugoslavia
OTTLIK Géza: Iskola a határon,Romania,Yugoslavia
FÜST Milán: A feleségem története,Romania,Yugoslavia
VASZARY Gábor: Monpti,South Korea,Spain
ZILAHY Lajos: Ararát,Spain,Sweden
MOLNÁR Ferenc: A Pál utcai fiúk,Spain,Sweden
NÉMETH László: Iszony,Spain,Sweden
SZABÓ Magda: Az őz,Spain,Sweden
JÓKAI Mór: Az arany ember,Spain,Sweden
OTTLIK Géza: Iskola a határon,Spain,Sweden
ADY Endre: Források:,Spain,Sweden
KONRÁD György: A cinkos,Spain,Sweden
KERTÉSZ Ákos: Makra,Spain,Sweden
FÜST Milán: A feleségem története,Spain,Sweden
MÁRAI Sándor: A féltékenyek,Spain,Switzerland
MIKSZÁTH Kálmán: Szent Péter esernyője,Spain,Switzerland
JÓKAI Mór: Az arany ember,Spain,Switzerland
JÓZSEF Attila: Források:,Spain,Switzerland
ZILAHY Lajos: A dühödt angyal,Spain,Switzerland
ZILAHY Lajos: Két fogoly,Spain,Turkey
MÁRAI Sándor: A féltékenyek,Spain,Turkey
MOLNÁR Ferenc: A Pál utcai fiúk,Spain,Turkey
DÉRY Tibor: Források:,Spain,Turkey
JÓKAI Mór: Az arany ember,Spain,Turkey
MIKSZÁTH Kálmán: Szent Péter esernyője,Spain,UK
DÉRY Tibor: Források:,Spain,UK
NÉMETH László: Iszony,Spain,UK
SZABÓ Magda: Az őz,Spain,UK
JÓZSEF Attila: Források:,Spain,UK
PASSUTH László: Esőisten siratja Mexikót,Spain,UK
KONRÁD György: A cinkos,Spain,UK
ZILAHY Lajos: A dühödt angyal,Spain,UK
FÜST Milán: A feleségem története,Spain,UK
ZILAHY Lajos: Ararát,Spain,USA
ZILAHY Lajos: Két fogoly,Spain,USA
NÉMETH László: Iszony,Spain,USA
SZABÓ Magda: Az őz,Spain,USA
FEJES Endre: Rozsdatemető,Spain,USA
JÓZSEF Attila: Források:,Spain,USA
OTTLIK Géza: Iskola a határon,Spain,USA
PASSUTH László: Esőisten siratja Mexikót,Spain,USA
ADY Endre: Források:,Spain,USA
KONRÁD György: A cinkos,Spain,USA
ZILAHY Lajos: A dühödt angyal,Spain,USA
FÜST Milán: A feleségem története,Spain,USA
DÉRY Tibor: Kedves Bópeer...!,Spain,USSR-fehérorosz
MIKSZÁTH Kálmán: Szent Péter esernyője,Spain,USSR-grúz
MOLNÁR Ferenc: A Pál utcai fiúk,Spain,USSR-grúz
JÓKAI Mór: Az arany ember,Spain,USSR-grúz
DÉRY Tibor: Kedves Bópeer...!,Spain,USSR-grúz
ADY Endre: Források:,Spain,USSR-grúz
MIKSZÁTH Kálmán: Szent Péter esernyője,Spain,USSR-kazah
MIKSZÁTH Kálmán: Szent Péter esernyője,Spain,USSR-lett
FEJES Endre: Rozsdatemető,Spain,USSR-lett
JÓZSEF Attila: Források:,Spain,USSR-lett
MOLNÁR Ferenc: A Pál utcai fiúk,Spain,USSR-litván
DÉRY Tibor: Források:,Spain,USSR-litván
JÓKAI Mór: Az arany ember,Spain,USSR-litván
FEJES Endre: Rozsdatemető,Spain,USSR-litván
FÜST Milán: A feleségem története,Spain,USSR-litván
MOLNÁR Ferenc: A Pál utcai fiúk,Spain,USSR-moldva
DÉRY Tibor: Kedves Bópeer...!,Spain,USSR-moldva
MIKSZÁTH Kálmán: Szent Péter esernyője,Spain,USSR-orosz
MOLNÁR Ferenc: A Pál utcai fiúk,Spain,USSR-orosz
DÉRY Tibor: Források:,Spain,USSR-orosz
HALASI Mária: Az utolsó padban,Spain,USSR-orosz
JÓKAI Mór: Az arany ember,Spain,USSR-orosz
FEJES Endre: Rozsdatemető,Spain,USSR-orosz
DÉRY Tibor: Kedves Bópeer...!,Spain,USSR-orosz
JÓZSEF Attila: Források:,Spain,USSR-orosz
OTTLIK Géza: Iskola a határon,Spain,USSR-orosz
ADY Endre: Források:,Spain,USSR-orosz
MIKSZÁTH Kálmán: Szent Péter esernyője,Spain,USSR-ukrán
MOLNÁR Ferenc: A Pál utcai fiúk,Spain,USSR-ukrán
JÓZSEF Attila: Források:,Spain,USSR-ukrán
ADY Endre: Források:,Spain,USSR-ukrán
MIKSZÁTH Kálmán: Szent Péter esernyője,Spain,USSR-észt
MOLNÁR Ferenc: A Pál utcai fiúk,Spain,USSR-észt
NÉMETH László: Iszony,Spain,USSR-észt
JÓKAI Mór: Az arany ember,Spain,USSR-észt
FEJES Endre: Rozsdatemető,Spain,USSR-észt
DÉRY Tibor: Kedves Bópeer...!,Spain,USSR-észt
MOLNÁR Ferenc: A Pál utcai fiúk,Spain,USSR-örmény
JÓKAI Mór: Az arany ember,Spain,USSR-örmény
JÓZSEF Attila: Források:,Spain,Vietnam
ZILAHY Lajos: Ararát,Spain,Yugoslavia
ZILAHY Lajos: Két fogoly,Spain,Yugoslavia
ZILAHY Lajos: Valamit visz a víz,Spain,Yugoslavia
MIKSZÁTH Kálmán: Szent Péter esernyője,Spain,Yugoslavia
MOLNÁR Ferenc: A Pál utcai fiúk,Spain,Yugoslavia
ZILAHY Lajos: A fegyverek visszanéznek,Spain,Yugoslavia
ZILAHY Lajos: A lélek kialszik,Spain,Yugoslavia
ZILAHY Lajos: A szökevény,Spain,Yugoslavia
ZILAHY Lajos: Halálos tavasz,Spain,Yugoslavia
DÉRY Tibor: Források:,Spain,Yugoslavia
NÉMETH László: Iszony,Spain,Yugoslavia
SZABÓ Magda: Az őz,Spain,Yugoslavia
DÉRY Tibor: G. A. úr X-ben,Spain,Yugoslavia
JÓKAI Mór: Az arany ember,Spain,Yugoslavia
FEJES Endre: Rozsdatemető,Spain,Yugoslavia
DÉRY Tibor: Kedves Bópeer...!,Spain,Yugoslavia
JÓZSEF Attila: Források:,Spain,Yugoslavia
OTTLIK Géza: Iskola a határon,Spain,Yugoslavia
PASSUTH László: Esőisten siratja Mexikót,Spain,Yugoslavia
ADY Endre: Források:,Spain,Yugoslavia
KONRÁD György: A cinkos,Spain,Yugoslavia
KERTÉSZ Ákos: Makra,Spain,Yugoslavia
ZILAHY Lajos: A dühödt angyal,Spain,Yugoslavia
FÜST Milán: A feleségem története,Spain,Yugoslavia
BALÁZS József: Magyarok,Sweden,Switzerland
JÓKAI Mór: Az arany ember,Sweden,Switzerland
DÉRY Tibor: Niki,Sweden,Turkey
MOLNÁR Ferenc: A Pál utcai fiúk,Sweden,Turkey
PETŐFI Sándor: Források:,Sweden,Turkey
BALÁZS József: Magyarok,Sweden,Turkey
JÓKAI Mór: Az arany ember,Sweden,Turkey
HARSÁNYI Zsolt: Magyar rapszódia: Liszt életének regénye,Sweden,Turkey
DÉRY Tibor: Niki,Sweden,UK
SZABÓ Magda: Az őz,Sweden,UK
KONRÁD György: A látogató,Sweden,UK
WEÖRES Sándor: Források:,Sweden,UK
ILLYÉS Gyula: Források:,Sweden,UK
Dalos György: 1985,Sweden,UK
KONRÁD György: A cinkos,Sweden,UK
KONRÁD György: A városalapító,Sweden,UK
NÉMETH László: Iszony,Sweden,UK
FÜST Milán: A feleségem története,Sweden,UK
ZILAHY Lajos: Ararát,Sweden,USA
DÉRY Tibor: Niki,Sweden,USA
SZABÓ Magda: Az őz,Sweden,USA
KONRÁD György: A látogató,Sweden,USA
PETŐFI Sándor: Források:,Sweden,USA
WEÖRES Sándor: Források:,Sweden,USA
OTTLIK Géza: Iskola a határon,Sweden,USA
ADY Endre: Források:,Sweden,USA
ILLYÉS Gyula: Források:,Sweden,USA
CSOÓRI Sándor: Források:,Sweden,USA
Dalos György: 1985,Sweden,USA
KARDOS G. György: Avraham Bogatir hét napja,Sweden,USA
KONRÁD György: Antipolitika,Sweden,USA
KONRÁD György: A cinkos,Sweden,USA
KONRÁD György: A városalapító,Sweden,USA
NÉMETH László: Iszony,Sweden,USA
FÜST Milán: A feleségem története,Sweden,USA
SZABÓ Magda: Katalin utca,Sweden,USSR-azerbajdzsán
PETŐFI Sándor: Források:,Sweden,USSR-azerbajdzsán
PETŐFI Sándor: Források:,Sweden,USSR-baskir
PETŐFI Sándor: Források:,Sweden,USSR-fehérorosz
MOLNÁR Ferenc: A Pál utcai fiúk,Sweden,USSR-grúz
PETŐFI Sándor: Források:,Sweden,USSR-grúz
ADY Endre: Források:,Sweden,USSR-grúz
ÖRKÉNY István: Rózsakiállítás,Sweden,USSR-grúz
JÓKAI Mór: Az arany ember,Sweden,USSR-grúz
PETŐFI Sándor: Források:,Sweden,USSR-kazah
PETŐFI Sándor: Források:,Sweden,USSR-kirgiz
NÉMETH László: Gyász,Sweden,USSR-lett
PETŐFI Sándor: Források:,Sweden,USSR-lett
MOLNÁR Ferenc: A Pál utcai fiúk,Sweden,USSR-litván
NÉMETH László: Gyász,Sweden,USSR-litván
PETŐFI Sándor: Források:,Sweden,USSR-litván
JÓKAI Mór: Az arany ember,Sweden,USSR-litván
FÜST Milán: A feleségem története,Sweden,USSR-litván
MOLNÁR Ferenc: A Pál utcai fiúk,Sweden,USSR-moldva
PETŐFI Sándor: Források:,Sweden,USSR-moldva
NAGY Lajos: Források:,Sweden,USSR-moldva
MOLNÁR Ferenc: A Pál utcai fiúk,Sweden,USSR-orosz
NÉMETH László: Gyász,Sweden,USSR-orosz
PETŐFI Sándor: Források:,Sweden,USSR-orosz
WEÖRES Sándor: Források:,Sweden,USSR-orosz
OTTLIK Géza: Iskola a határon,Sweden,USSR-orosz
ADY Endre: Források:,Sweden,USSR-orosz
ILLYÉS Gyula: Források:,Sweden,USSR-orosz
JÓKAI Mór: Az arany ember,Sweden,USSR-orosz
NAGY Lajos: Források:,Sweden,USSR-orosz
LÁZÁR Ervin: Források:,Sweden,USSR-orosz
ÖRKÉNY István: Egyperces novellák,Sweden,USSR-orosz
PETŐFI Sándor: Források:,Sweden,USSR-tadzsik
PETŐFI Sándor: Források:,Sweden,USSR-türkmén
PETŐFI Sándor: Források:,Sweden,USSR-udmurt
MOLNÁR Ferenc: A Pál utcai fiúk,Sweden,USSR-ukrán
PETŐFI Sándor: Források:,Sweden,USSR-ukrán
ADY Endre: Források:,Sweden,USSR-ukrán
ILLYÉS Gyula: Puszták népe,Sweden,USSR-ukrán
MOLNÁR Ferenc: A Pál utcai fiúk,Sweden,USSR-észt
SZABÓ Magda: Katalin utca,Sweden,USSR-észt
PETŐFI Sándor: Források:,Sweden,USSR-észt
JÓKAI Mór: Az arany ember,Sweden,USSR-észt
"SOMOGYI TÓTH Sándor: Próféta voltál, szívem",Sweden,USSR-észt
NÉMETH László: Iszony,Sweden,USSR-észt
MOLNÁR Ferenc: A Pál utcai fiúk,Sweden,USSR-örmény
PETŐFI Sándor: Források:,Sweden,USSR-örmény
JÓKAI Mór: Az arany ember,Sweden,USSR-örmény
NÉMETH László: Gyász,Sweden,USSR-üzbég
SZABÓ Magda: Katalin utca,Sweden,Venezuela
PETŐFI Sándor: Források:,Sweden,Vietnam
ZILAHY Lajos: Ararát,Sweden,Yugoslavia
DÉRY Tibor: Niki,Sweden,Yugoslavia
MOLNÁR Ferenc: A Pál utcai fiúk,Sweden,Yugoslavia
SZABÓ Magda: Az őz,Sweden,Yugoslavia
NÉMETH László: Gyász,Sweden,Yugoslavia
PETŐFI Sándor: Források:,Sweden,Yugoslavia
WEÖRES Sándor: Források:,Sweden,Yugoslavia
OTTLIK Géza: Iskola a határon,Sweden,Yugoslavia
ADY Endre: Források:,Sweden,Yugoslavia
ILLYÉS Gyula: Puszták népe,Sweden,Yugoslavia
ILLYÉS Gyula: Források:,Sweden,Yugoslavia
ÖRKÉNY István: Rózsakiállítás,Sweden,Yugoslavia
NÁDAS Péter: Egy családregény vége,Sweden,Yugoslavia
GALGÓCZI Erzsébet: Törvényen belül,Sweden,Yugoslavia
JÓKAI Mór: Az arany ember,Sweden,Yugoslavia
KARDOS G. György: Avraham Bogatir hét napja,Sweden,Yugoslavia
ESTERHÁZY Péter: A szív segédigéi,Sweden,Yugoslavia
KERTÉSZ Ákos: Makra,Sweden,Yugoslavia
ÖRKÉNY István: Egyperces novellák,Sweden,Yugoslavia
"SOMOGYI TÓTH Sándor: Próféta voltál, szívem",Sweden,Yugoslavia
HARSÁNYI Zsolt: Magyar rapszódia: Liszt életének regénye,Sweden,Yugoslavia
KONRÁD György: A cinkos,Sweden,Yugoslavia
NÉMETH László: Iszony,Sweden,Yugoslavia
FÜST Milán: A feleségem története,Sweden,Yugoslavia
MÁRAI Sándor: A féltékenyek,Switzerland,Turkey
JÓKAI Mór: Az arany ember,Switzerland,Turkey
BALÁZS József: Magyarok,Switzerland,Turkey
JÓKAI Mór: Az új földesúr,Switzerland,Turkey
JÓZSEF Attila: Források:,Switzerland,UK
ZILAHY Lajos: A dühödt angyal,Switzerland,UK
NYISZLI Miklós: Dr Mengele boncolóorvosa voltam,Switzerland,UK
MIKSZÁTH Kálmán: Szent Péter esernyője,Switzerland,UK
JÓZSEF Attila: Források:,Switzerland,USA
SÜTŐ András: Csillag a máglyán,Switzerland,USA
ZILAHY Lajos: A dühödt angyal,Switzerland,USA
NYISZLI Miklós: Dr Mengele boncolóorvosa voltam,Switzerland,USA
MIKSZÁTH Kálmán: Források:,Switzerland,USSR-grúz
JÓKAI Mór: Az arany ember,Switzerland,USSR-grúz
MIKSZÁTH Kálmán: Szent Péter esernyője,Switzerland,USSR-grúz
MIKSZÁTH Kálmán: Szent Péter esernyője,Switzerland,USSR-kazah
JÓZSEF Attila: Források:,Switzerland,USSR-lett
MIKSZÁTH Kálmán: Szent Péter esernyője,Switzerland,USSR-lett
JÓKAI Mór: Az arany ember,Switzerland,USSR-litván
KOSZTOLÁNYI Dezső: Források:,Switzerland,USSR-orosz
JÓZSEF Attila: Források:,Switzerland,USSR-orosz
MIKSZÁTH Kálmán: Források:,Switzerland,USSR-orosz
JÓKAI Mór: Az arany ember,Switzerland,USSR-orosz
KARINTHY Frigyes: Források:,Switzerland,USSR-orosz
MIKSZÁTH Kálmán: Szent Péter esernyője,Switzerland,USSR-orosz
SZAMOS Rudolf: Kántor nyomoz; Kántor a nagyvárosban,Switzerland,USSR-orosz
JÓKAI Mór: Egész az északi pólusig,Switzerland,USSR-ukrán
JÓZSEF Attila: Források:,Switzerland,USSR-ukrán
MIKSZÁTH Kálmán: Szent Péter esernyője,Switzerland,USSR-ukrán
JÓKAI Mór: Az arany ember,Switzerland,USSR-észt
MIKSZÁTH Kálmán: Szent Péter esernyője,Switzerland,USSR-észt
JÓKAI Mór: Az arany ember,Switzerland,USSR-örmény
JÓZSEF Attila: Források:,Switzerland,Vietnam
JÓZSEF Attila: Források:,Switzerland,Yugoslavia
JÓKAI Mór: Az arany ember,Switzerland,Yugoslavia
JÓKAI Mór: Az új földesúr,Switzerland,Yugoslavia
HARSÁNYI Zsolt: És mégis mozog a föld,Switzerland,Yugoslavia
ZILAHY Lajos: A dühödt angyal,Switzerland,Yugoslavia
MIKSZÁTH Kálmán: Szent Péter esernyője,Switzerland,Yugoslavia
DÉRY Tibor: Források:,Turkey,UK
DÉRY Tibor: Niki,Turkey,UK
GÁRDONYI Géza: A láthatatlan ember,Turkey,UK
MADÁCH Imre: Az ember tragédiája,Turkey,USA
PETŐFI Sándor: Források:,Turkey,USA
ZILAHY Lajos: Két fogoly,Turkey,USA
DÉRY Tibor: Niki,Turkey,USA
PETŐFI Sándor: Források:,Turkey,USSR-azerbajdzsán
PETŐFI Sándor: Források:,Turkey,USSR-baskir
PETŐFI Sándor: Források:,Turkey,USSR-fehérorosz
JÓKAI Mór: Az arany ember,Turkey,USSR-grúz
MADÁCH Imre: Az ember tragédiája,Turkey,USSR-grúz
PETŐFI Sándor: Források:,Turkey,USSR-grúz
MOLNÁR Ferenc: A Pál utcai fiúk,Turkey,USSR-grúz
PETŐFI Sándor: Források:,Turkey,USSR-kazah
PETŐFI Sándor: Források:,Turkey,USSR-kirgiz
PETŐFI Sándor: Források:,Turkey,USSR-lett
JÓKAI Mór: Az arany ember,Turkey,USSR-litván
DÉRY Tibor: Források:,Turkey,USSR-litván
PETŐFI Sándor: Források:,Turkey,USSR-litván
MOLNÁR Ferenc: A Pál utcai fiúk,Turkey,USSR-litván
PETŐFI Sándor: Források:,Turkey,USSR-moldva
MOLNÁR Ferenc: A Pál utcai fiúk,Turkey,USSR-moldva
JÓKAI Mór: Az arany ember,Turkey,USSR-orosz
MADÁCH Imre: Az ember tragédiája,Turkey,USSR-orosz
MOLNÁR Ferenc: Liliom,Turkey,USSR-orosz
DÉRY Tibor: Források:,Turkey,USSR-orosz
PETŐFI Sándor: Források:,Turkey,USSR-orosz
MOLNÁR Ferenc: A Pál utcai fiúk,Turkey,USSR-orosz
MÓRICZ Zsigmond: Források:,Turkey,USSR-orosz
PETŐFI Sándor: Források:,Turkey,USSR-tadzsik
PETŐFI Sándor: Források:,Turkey,USSR-türkmén
KARINTHY Ferenc: Budapesti tavasz,Turkey,USSR-türkmén
PETŐFI Sándor: Források:,Turkey,USSR-udmurt
MADÁCH Imre: Az ember tragédiája,Turkey,USSR-ukrán
PETŐFI Sándor: Források:,Turkey,USSR-ukrán
MOLNÁR Ferenc: A Pál utcai fiúk,Turkey,USSR-ukrán
MÓRICZ Zsigmond: Források:,Turkey,USSR-ukrán
JÓKAI Mór: Az arany ember,Turkey,USSR-észt
PETŐFI Sándor: Források:,Turkey,USSR-észt
MOLNÁR Ferenc: A Pál utcai fiúk,Turkey,USSR-észt
MÓRICZ Zsigmond: Források:,Turkey,USSR-észt
GÁRDONYI Géza: A láthatatlan ember,Turkey,USSR-észt
JÓKAI Mór: Az arany ember,Turkey,USSR-örmény
PETŐFI Sándor: Források:,Turkey,USSR-örmény
MOLNÁR Ferenc: A Pál utcai fiúk,Turkey,USSR-örmény
PETŐFI Sándor: Források:,Turkey,Vietnam
JÓKAI Mór: Az arany ember,Turkey,Yugoslavia
JÓKAI Mór: Az új földesúr,Turkey,Yugoslavia
HARSÁNYI Zsolt: Magyar rapszódia: Liszt életének regénye,Turkey,Yugoslavia
DÉRY Tibor: Források:,Turkey,Yugoslavia
PETŐFI Sándor: Források:,Turkey,Yugoslavia
MOLNÁR Ferenc: A Pál utcai fiúk,Turkey,Yugoslavia
KARINTHY Ferenc: Budapesti tavasz,Turkey,Yugoslavia
ZILAHY Lajos: Két fogoly,Turkey,Yugoslavia
DÉRY Tibor: Niki,Turkey,Yugoslavia
GÁRDONYI Géza: A láthatatlan ember,Turkey,Yugoslavia
KACZÉR Illés: Jerichó ostroma,UK,USA
PASSUTH László: Esőisten siratja Mexikót,UK,USA
ZILAHY Lajos: A dühödt angyal,UK,USA
SZABÓ Magda: Az őz,UK,USA
JÓZSEF Attila: Források:,UK,USA
NÉMETH László: Iszony,UK,USA
DÉRY Tibor: Niki,UK,USA
LENGYEL József: Források:,UK,USA
ILLYÉS Gyula: Források:,UK,USA
RADNÓTI Miklós: Források:,UK,USA
CSÁTH Géza: Források:,UK,USA
KONRÁD György: A városalapító,UK,USA
KONRÁD György: A cinkos,UK,USA
Dalos György: 1985,UK,USA
WEÖRES Sándor: Források:,UK,USA
FÜST Milán: A feleségem története,UK,USA
KARINTHY Frigyes: Utazás Faremidóba; Capillária,UK,USA
NYISZLI Miklós: Dr Mengele boncolóorvosa voltam,UK,USA
SZÁSZ Béla: Minden kényszer nélkül,UK,USA
KONRÁD György: A látogató,UK,USA
RADNÓTI Miklós: Források:,UK,USSR-azerbajdzsán
MIKSZÁTH Kálmán: Szent Péter esernyője,UK,USSR-grúz
MIKSZÁTH Kálmán: Szent Péter esernyője,UK,USSR-kazah
JÓZSEF Attila: Források:,UK,USSR-lett
RADNÓTI Miklós: Források:,UK,USSR-lett
MIKSZÁTH Kálmán: Szent Péter esernyője,UK,USSR-lett
KOSZTOLÁNYI Dezső: Édes Anna,UK,USSR-litván
DÉRY Tibor: Források:,UK,USSR-litván
FÜST Milán: A feleségem története,UK,USSR-litván
KOSZTOLÁNYI Dezső: A véres költő (Nero),UK,USSR-orosz
DÉRY Tibor: Források:,UK,USSR-orosz
JÓZSEF Attila: Források:,UK,USSR-orosz
LENGYEL József: Prenn Ferenc hányatott élete,UK,USSR-orosz
LENGYEL József: Források:,UK,USSR-orosz
ILLYÉS Gyula: Források:,UK,USSR-orosz
RADNÓTI Miklós: Források:,UK,USSR-orosz
ÖRKÉNY István: Macskajáték,UK,USSR-orosz
WEÖRES Sándor: Források:,UK,USSR-orosz
KARINTHY Frigyes: Utazás Faremidóba; Capillária,UK,USSR-orosz
MIKSZÁTH Kálmán: Szent Péter esernyője,UK,USSR-orosz
JÓZSEF Attila: Források:,UK,USSR-ukrán
NÉMETH László: Bűn,UK,USSR-ukrán
MIKSZÁTH Kálmán: Szent Péter esernyője,UK,USSR-ukrán
NÉMETH László: Iszony,UK,USSR-észt
GÁRDONYI Géza: A láthatatlan ember,UK,USSR-észt
ÖRKÉNY István: Macskajáték,UK,USSR-észt
MIKSZÁTH Kálmán: Szent Péter esernyője,UK,USSR-észt
KOSZTOLÁNYI Dezső: A véres költő (Nero),UK,USSR-örmény
KOSZTOLÁNYI Dezső: A véres költő (Nero),UK,Vietnam
JÓZSEF Attila: Források:,UK,Vietnam
PASSUTH László: Esőisten siratja Mexikót,UK,Yugoslavia
ZILAHY Lajos: A dühödt angyal,UK,Yugoslavia
SZABÓ Magda: Az őz,UK,Yugoslavia
DÉRY Tibor: Források:,UK,Yugoslavia
JÓZSEF Attila: Források:,UK,Yugoslavia
NÉMETH László: Iszony,UK,Yugoslavia
DÉRY Tibor: Niki,UK,Yugoslavia
GÁRDONYI Géza: A láthatatlan ember,UK,Yugoslavia
NÉMETH László: Bűn,UK,Yugoslavia
ILLYÉS Gyula: Források:,UK,Yugoslavia
RADNÓTI Miklós: Források:,UK,Yugoslavia
CSÁTH Géza: Források:,UK,Yugoslavia
KONRÁD György: A cinkos,UK,Yugoslavia
WEÖRES Sándor: Források:,UK,Yugoslavia
FÜST Milán: A feleségem története,UK,Yugoslavia
MIKSZÁTH Kálmán: Szent Péter esernyője,UK,Yugoslavia
RADNÓTI Miklós: Források:,USA,USSR-azerbajdzsán
PETŐFI Sándor: Források:,USA,USSR-azerbajdzsán
PETŐFI Sándor: Források:,USA,USSR-baskir
PETŐFI Sándor: Források:,USA,USSR-fehérorosz
ADY Endre: Források:,USA,USSR-grúz
MADÁCH Imre: Az ember tragédiája,USA,USSR-grúz
PETŐFI Sándor: Források:,USA,USSR-grúz
PETŐFI Sándor: Források:,USA,USSR-kazah
PETŐFI Sándor: Források:,USA,USSR-kirgiz
FEJES Endre: Rozsdatemető,USA,USSR-lett
RADNÓTI Miklós: Források:,USA,USSR-lett
JÓZSEF Attila: Források:,USA,USSR-lett
PETŐFI Sándor: Források:,USA,USSR-lett
FEJES Endre: Rozsdatemető,USA,USSR-litván
JUHÁSZ Ferenc: Források:,USA,USSR-litván
PETŐFI Sándor: Források:,USA,USSR-litván
FÜST Milán: A feleségem története,USA,USSR-litván
PETŐFI Sándor: Források:,USA,USSR-moldva
ADY Endre: Források:,USA,USSR-orosz
MOLNÁR Ferenc: Források:,USA,USSR-orosz
OTTLIK Géza: Iskola a határon,USA,USSR-orosz
LENGYEL József: Források:,USA,USSR-orosz
MADÁCH Imre: Az ember tragédiája,USA,USSR-orosz
FEJES Endre: Rozsdatemető,USA,USSR-orosz
ILLYÉS Gyula: Források:,USA,USSR-orosz
RADNÓTI Miklós: Források:,USA,USSR-orosz
JÓZSEF Attila: Források:,USA,USSR-orosz
PETŐFI Sándor: Források:,USA,USSR-orosz
WEÖRES Sándor: Források:,USA,USSR-orosz
KARINTHY Frigyes: Utazás Faremidóba; Capillária,USA,USSR-orosz
ARANY János: Források:,USA,USSR-orosz
PETŐFI Sándor: Források:,USA,USSR-tadzsik
PETŐFI Sándor: Források:,USA,USSR-türkmén
PETŐFI Sándor: Források:,USA,USSR-udmurt
ADY Endre: Források:,USA,USSR-ukrán
MADÁCH Imre: Az ember tragédiája,USA,USSR-ukrán
JÓZSEF Attila: Források:,USA,USSR-ukrán
PETŐFI Sándor: Források:,USA,USSR-ukrán
FEJES Endre: Rozsdatemető,USA,USSR-észt
PETŐFI Sándor: Források:,USA,USSR-észt
NÉMETH László: Iszony,USA,USSR-észt
PETŐFI Sándor: Források:,USA,USSR-örmény
JÓZSEF Attila: Források:,USA,Vietnam
PETŐFI Sándor: Források:,USA,Vietnam
ADY Endre: Források:,USA,Yugoslavia
ZILAHY Lajos: A dühödt angyal,USA,Yugoslavia
ZILAHY Lajos: Ararát,USA,Yugoslavia
SZABÓ Magda: Az őz,USA,Yugoslavia
OTTLIK Géza: Iskola a határon,USA,Yugoslavia
ZILAHY Lajos: Két fogoly,USA,Yugoslavia
FEJES Endre: Rozsdatemető,USA,Yugoslavia
ILLYÉS Gyula: Források:,USA,Yugoslavia
JUHÁSZ Ferenc: Források:,USA,Yugoslavia
ZILAHY Lajos: A bibor évszázad,USA,Yugoslavia
RADNÓTI Miklós: Források:,USA,Yugoslavia
JÓZSEF Attila: Források:,USA,Yugoslavia
PETŐFI Sándor: Források:,USA,Yugoslavia
KARDOS G. György: Avraham Bogatir hét napja,USA,Yugoslavia
CSÁTH Géza: Források:,USA,Yugoslavia
FÜST Milán: A feleségem története,USA,Yugoslavia
PASSUTH László: Esőisten siratja Mexikót,USA,Yugoslavia
WEÖRES Sándor: Források:,USA,Yugoslavia
DÉRY Tibor: Niki,USA,Yugoslavia
KARINTHY Ferenc: Bösendorfer,USA,Yugoslavia
KONRÁD György: A cinkos,USA,Yugoslavia
NÉMETH László: Iszony,USA,Yugoslavia
NAGY Sándor: Megbékélés,USSR-altaji,USSR-azerbajdzsán
NAGY Sándor: Megbékélés,USSR-altaji,USSR-csuvas
NAGY Sándor: Megbékélés,USSR-altaji,USSR-fehérorosz
NAGY Sándor: Megbékélés,USSR-altaji,USSR-finn
NAGY Sándor: Megbékélés,USSR-altaji,USSR-grúz
NAGY Sándor: Megbékélés,USSR-altaji,USSR-kazah
NAGY Sándor: Megbékélés,USSR-altaji,USSR-moldva
NAGY Sándor: Megbékélés,USSR-altaji,USSR-orosz
NAGY Sándor: Megbékélés,USSR-altaji,USSR-udmurt
PETŐFI Sándor: Források:,USSR-azerbajdzsán,USSR-baskir
NAGY Sándor: Megbékélés,USSR-azerbajdzsán,USSR-csuvas
NAGY Sándor: Megbékélés,USSR-azerbajdzsán,USSR-fehérorosz
PETŐFI Sándor: Források:,USSR-azerbajdzsán,USSR-fehérorosz
NAGY Sándor: Megbékélés,USSR-azerbajdzsán,USSR-finn
NAGY Sándor: Megbékélés,USSR-azerbajdzsán,USSR-grúz
PETŐFI Sándor: Források:,USSR-azerbajdzsán,USSR-grúz
RADÓ Sándor: Dóra jelenti,USSR-azerbajdzsán,USSR-grúz
NAGY Sándor: Megbékélés,USSR-azerbajdzsán,USSR-kazah
PETŐFI Sándor: Források:,USSR-azerbajdzsán,USSR-kazah
RADÓ Sándor: Dóra jelenti,USSR-azerbajdzsán,USSR-kazah
PETŐFI Sándor: Források:,USSR-azerbajdzsán,USSR-kirgiz
PETŐFI Sándor: Források:,USSR-azerbajdzsán,USSR-lett
RADÓ Sándor: Dóra jelenti,USSR-azerbajdzsán,USSR-lett
RADNÓTI Miklós: Források:,USSR-azerbajdzsán,USSR-lett
PETŐFI Sándor: Források:,USSR-azerbajdzsán,USSR-litván
JÓKAI Mór: Sárga rózsa,USSR-azerbajdzsán,USSR-litván
RADÓ Sándor: Dóra jelenti,USSR-azerbajdzsán,USSR-litván
NAGY Sándor: Megbékélés,USSR-azerbajdzsán,USSR-moldva
PETŐFI Sándor: Források:,USSR-azerbajdzsán,USSR-moldva
RADÓ Sándor: Dóra jelenti,USSR-azerbajdzsán,USSR-moldva
NAGY Sándor: Megbékélés,USSR-azerbajdzsán,USSR-orosz
MÓRA Ferenc: Források:,USSR-azerbajdzsán,USSR-orosz
PETŐFI Sándor: Források:,USSR-azerbajdzsán,USSR-orosz
JÓKAI Mór: Sárga rózsa,USSR-azerbajdzsán,USSR-orosz
KARINTHY Frigyes: Tanár úr kérem,USSR-azerbajdzsán,USSR-orosz
MESTERHÁZI Lajos: A Prométheusz-rejtély,USSR-azerbajdzsán,USSR-orosz
RADNÓTI Miklós: Források:,USSR-azerbajdzsán,USSR-orosz
CSÁK Gyula: Glemba,USSR-azerbajdzsán,USSR-orosz
MÓRA Ferenc: Források:,USSR-azerbajdzsán,USSR-tadzsik
PETŐFI Sándor: Források:,USSR-azerbajdzsán,USSR-tadzsik
JÓKAI Mór: Sárga rózsa,USSR-azerbajdzsán,USSR-tadzsik
RADÓ Sándor: Dóra jelenti,USSR-azerbajdzsán,USSR-tadzsik
PETŐFI Sándor: Források:,USSR-azerbajdzsán,USSR-türkmén
JÓKAI Mór: Sárga rózsa,USSR-azerbajdzsán,USSR-türkmén
RADÓ Sándor: Dóra jelenti,USSR-azerbajdzsán,USSR-türkmén
NAGY Sándor: Megbékélés,USSR-azerbajdzsán,USSR-udmurt
PETŐFI Sándor: Források:,USSR-azerbajdzsán,USSR-udmurt
MÓRA Ferenc: Források:,USSR-azerbajdzsán,USSR-ukrán
PETŐFI Sándor: Források:,USSR-azerbajdzsán,USSR-ukrán
JÓKAI Mór: Sárga rózsa,USSR-azerbajdzsán,USSR-ukrán
KARINTHY Frigyes: Tanár úr kérem,USSR-azerbajdzsán,USSR-ukrán
RADÓ Sándor: Dóra jelenti,USSR-azerbajdzsán,USSR-ukrán
MESTERHÁZI Lajos: A Prométheusz-rejtély,USSR-azerbajdzsán,USSR-ukrán
PETŐFI Sándor: Források:,USSR-azerbajdzsán,USSR-észt
KARINTHY Frigyes: Tanár úr kérem,USSR-azerbajdzsán,USSR-észt
SZABÓ Magda: Katalin utca,USSR-azerbajdzsán,USSR-észt
MÓRA Ferenc: Források:,USSR-azerbajdzsán,USSR-örmény
PETŐFI Sándor: Források:,USSR-azerbajdzsán,USSR-örmény
RADÓ Sándor: Dóra jelenti,USSR-azerbajdzsán,USSR-örmény
SZABÓ Magda: Katalin utca,USSR-azerbajdzsán,Venezuela
PETŐFI Sándor: Források:,USSR-azerbajdzsán,Vietnam
PETŐFI Sándor: Források:,USSR-azerbajdzsán,Yugoslavia
KARINTHY Frigyes: Tanár úr kérem,USSR-azerbajdzsán,Yugoslavia
RADNÓTI Miklós: Források:,USSR-azerbajdzsán,Yugoslavia
PETŐFI Sándor: Források:,USSR-baskir,USSR-fehérorosz
PETŐFI Sándor: Források:,USSR-baskir,USSR-grúz
PETŐFI Sándor: Források:,USSR-baskir,USSR-kazah
PETŐFI Sándor: Források:,USSR-baskir,USSR-kirgiz
PETŐFI Sándor: Források:,USSR-baskir,USSR-lett
PETŐFI Sándor: Források:,USSR-baskir,USSR-litván
PETŐFI Sándor: Források:,USSR-baskir,USSR-moldva
PETŐFI Sándor: Források:,USSR-baskir,USSR-orosz
PETŐFI Sándor: Források:,USSR-baskir,USSR-tadzsik
PETŐFI Sándor: Források:,USSR-baskir,USSR-türkmén
PETŐFI Sándor: Források:,USSR-baskir,USSR-udmurt
PETŐFI Sándor: Források:,USSR-baskir,USSR-ukrán
PETŐFI Sándor: Források:,USSR-baskir,USSR-észt
PETŐFI Sándor: Források:,USSR-baskir,USSR-örmény
PETŐFI Sándor: Források:,USSR-baskir,Vietnam
PETŐFI Sándor: Források:,USSR-baskir,Yugoslavia
NAGY Sándor: Megbékélés,USSR-csuvas,USSR-fehérorosz
NAGY Sándor: Megbékélés,USSR-csuvas,USSR-finn
NAGY Sándor: Megbékélés,USSR-csuvas,USSR-grúz
NAGY Sándor: Megbékélés,USSR-csuvas,USSR-kazah
NAGY Sándor: Megbékélés,USSR-csuvas,USSR-moldva
NAGY Sándor: Megbékélés,USSR-csuvas,USSR-orosz
NAGY Sándor: Megbékélés,USSR-csuvas,USSR-udmurt
NAGY Sándor: Megbékélés,USSR-fehérorosz,USSR-finn
NAGY Sándor: Megbékélés,USSR-fehérorosz,USSR-grúz
PETŐFI Sándor: Források:,USSR-fehérorosz,USSR-grúz
FÖLDEÁK János: Apák lánya,USSR-fehérorosz,USSR-grúz
DÉRY Tibor: Kedves Bópeer...!,USSR-fehérorosz,USSR-grúz
NAGY Sándor: Megbékélés,USSR-fehérorosz,USSR-kazah
PETŐFI Sándor: Források:,USSR-fehérorosz,USSR-kazah
PETŐFI Sándor: Források:,USSR-fehérorosz,USSR-kirgiz
PETŐFI Sándor: Források:,USSR-fehérorosz,USSR-lett
FÖLDEÁK János: Apák lánya,USSR-fehérorosz,USSR-lett
PETŐFI Sándor: Források:,USSR-fehérorosz,USSR-litván
FÖLDEÁK János: Apák lánya,USSR-fehérorosz,USSR-litván
NAGY Sándor: Megbékélés,USSR-fehérorosz,USSR-moldva
PETŐFI Sándor: Források:,USSR-fehérorosz,USSR-moldva
DÉRY Tibor: Kedves Bópeer...!,USSR-fehérorosz,USSR-moldva
NAGY Sándor: Megbékélés,USSR-fehérorosz,USSR-orosz
PETŐFI Sándor: Források:,USSR-fehérorosz,USSR-orosz
FÖLDEÁK János: Apák lánya,USSR-fehérorosz,USSR-orosz
DÉRY Tibor: Kedves Bópeer...!,USSR-fehérorosz,USSR-orosz
FEHÉR Klára: Egyszer és soha többé,USSR-fehérorosz,USSR-orosz
PETŐFI Sándor: Források:,USSR-fehérorosz,USSR-tadzsik
PETŐFI Sándor: Források:,USSR-fehérorosz,USSR-türkmén
NAGY Sándor: Megbékélés,USSR-fehérorosz,USSR-udmurt
PETŐFI Sándor: Források:,USSR-fehérorosz,USSR-udmurt
PETŐFI Sándor: Források:,USSR-fehérorosz,USSR-ukrán
PETŐFI Sándor: Források:,USSR-fehérorosz,USSR-észt
DÉRY Tibor: Kedves Bópeer...!,USSR-fehérorosz,USSR-észt
PETŐFI Sándor: Források:,USSR-fehérorosz,USSR-örmény
PETROVÁCZ István: Szombatra péntek,USSR-fehérorosz,USSR-örmény
PETŐFI Sándor: Források:,USSR-fehérorosz,Vietnam
PETŐFI Sándor: Források:,USSR-fehérorosz,Yugoslavia
DÉRY Tibor: Kedves Bópeer...!,USSR-fehérorosz,Yugoslavia
NAGY Sándor: Megbékélés,USSR-finn,USSR-grúz
NAGY Sándor: Megbékélés,USSR-finn,USSR-kazah
NAGY Sándor: Megbékélés,USSR-finn,USSR-moldva
NAGY Sándor: Megbékélés,USSR-finn,USSR-orosz
NAGY Sándor: Megbékélés,USSR-finn,USSR-udmurt
PETŐFI Sándor: Források:,USSR-grúz,USSR-kazah
NAGY Sándor: Megbékélés,USSR-grúz,USSR-kazah
MIKSZÁTH Kálmán: Szent Péter esernyője,USSR-grúz,USSR-kazah
RADÓ Sándor: Dóra jelenti,USSR-grúz,USSR-kazah
PETŐFI Sándor: Források:,USSR-grúz,USSR-kirgiz
FEHÉR Klára: Lesz nekem egy szigetem,USSR-grúz,USSR-kirgiz
PETŐFI Sándor: Források:,USSR-grúz,USSR-lett
MOLNÁR Géza: Márta,USSR-grúz,USSR-lett
BERKESI András: Sellő a pecsétgyűrűn,USSR-grúz,USSR-lett
FÖLDEÁK János: Apák lánya,USSR-grúz,USSR-lett
MIKSZÁTH Kálmán: Szent Péter esernyője,USSR-grúz,USSR-lett
RADÓ Sándor: Dóra jelenti,USSR-grúz,USSR-lett
PETŐFI Sándor: Források:,USSR-grúz,USSR-litván
MOLNÁR Géza: Márta,USSR-grúz,USSR-litván
BERKESI András: Sellő a pecsétgyűrűn,USSR-grúz,USSR-litván
JÓKAI Mór: Az arany ember,USSR-grúz,USSR-litván
FÖLDEÁK János: Apák lánya,USSR-grúz,USSR-litván
MÓRA Ferenc: Kincskereső kisködmön,USSR-grúz,USSR-litván
RADÓ Sándor: Dóra jelenti,USSR-grúz,USSR-litván
MOLNÁR Ferenc: A Pál utcai fiúk,USSR-grúz,USSR-litván
FEHÉR Klára: Lesz nekem egy szigetem,USSR-grúz,USSR-litván
GÁBOR Andor: Doktor Senki,USSR-grúz,USSR-litván
JÓKAI Mór: Fekete gyémántok,USSR-grúz,USSR-litván
PETŐFI Sándor: Források:,USSR-grúz,USSR-moldva
NAGY Sándor: Megbékélés,USSR-grúz,USSR-moldva
RADÓ Sándor: Dóra jelenti,USSR-grúz,USSR-moldva
MOLNÁR Ferenc: A Pál utcai fiúk,USSR-grúz,USSR-moldva
DÉRY Tibor: Kedves Bópeer...!,USSR-grúz,USSR-moldva
PETŐFI Sándor: Források:,USSR-grúz,USSR-orosz
PETŐFI Sándor: János vitéz,USSR-grúz,USSR-orosz
MOLNÁR Géza: Márta,USSR-grúz,USSR-orosz
NAGY Sándor: Megbékélés,USSR-grúz,USSR-orosz
HELTAI Jenő: Jaguár,USSR-grúz,USSR-orosz
BERKESI András: Sellő a pecsétgyűrűn,USSR-grúz,USSR-orosz
JÓKAI Mór: Az arany ember,USSR-grúz,USSR-orosz
MADÁCH Imre: Az ember tragédiája,USSR-grúz,USSR-orosz
ADY Endre: Források:,USSR-grúz,USSR-orosz
FÖLDEÁK János: Apák lánya,USSR-grúz,USSR-orosz
MÓRA Ferenc: Kincskereső kisködmön,USSR-grúz,USSR-orosz
MIKSZÁTH Kálmán: Szent Péter esernyője,USSR-grúz,USSR-orosz
MIKSZÁTH Kálmán: Források:,USSR-grúz,USSR-orosz
MOLNÁR Ferenc: A Pál utcai fiúk,USSR-grúz,USSR-orosz
DÉRY Tibor: Kedves Bópeer...!,USSR-grúz,USSR-orosz
MIKSZÁTH Kálmán: Beszterce ostroma,USSR-grúz,USSR-orosz
GÁBOR Andor: Doktor Senki,USSR-grúz,USSR-orosz
JÓKAI Mór: Fekete gyémántok,USSR-grúz,USSR-orosz
FEHÉR Klára: A tenger,USSR-grúz,USSR-orosz
PETŐFI Sándor: Források:,USSR-grúz,USSR-tadzsik
SARKADI Imre: A gyáva,USSR-grúz,USSR-tadzsik
RADÓ Sándor: Dóra jelenti,USSR-grúz,USSR-tadzsik
PETŐFI Sándor: Források:,USSR-grúz,USSR-türkmén
RADÓ Sándor: Dóra jelenti,USSR-grúz,USSR-türkmén
PETŐFI Sándor: Források:,USSR-grúz,USSR-udmurt
NAGY Sándor: Megbékélés,USSR-grúz,USSR-udmurt
PETŐFI Sándor: Források:,USSR-grúz,USSR-ukrán
PETŐFI Sándor: János vitéz,USSR-grúz,USSR-ukrán
MADÁCH Imre: Az ember tragédiája,USSR-grúz,USSR-ukrán
ADY Endre: Források:,USSR-grúz,USSR-ukrán
MIKSZÁTH Kálmán: Szent Péter esernyője,USSR-grúz,USSR-ukrán
RADÓ Sándor: Dóra jelenti,USSR-grúz,USSR-ukrán
MOLNÁR Ferenc: A Pál utcai fiúk,USSR-grúz,USSR-ukrán
BERKESI András: A 13. ügynök,USSR-grúz,USSR-ukrán
PETŐFI Sándor: Források:,USSR-grúz,USSR-észt
MOLNÁR Géza: Márta,USSR-grúz,USSR-észt
JÓKAI Mór: Az arany ember,USSR-grúz,USSR-észt
MÓRA Ferenc: Kincskereső kisködmön,USSR-grúz,USSR-észt
SARKADI Imre: A gyáva,USSR-grúz,USSR-észt
MIKSZÁTH Kálmán: Szent Péter esernyője,USSR-grúz,USSR-észt
MOLNÁR Ferenc: A Pál utcai fiúk,USSR-grúz,USSR-észt
DÉRY Tibor: Kedves Bópeer...!,USSR-grúz,USSR-észt
PETŐFI Sándor: Források:,USSR-grúz,USSR-örmény
MOLNÁR Géza: Márta,USSR-grúz,USSR-örmény
BERKESI András: Sellő a pecsétgyűrűn,USSR-grúz,USSR-örmény
JÓKAI Mór: Az arany ember,USSR-grúz,USSR-örmény
MÓRA Ferenc: Kincskereső kisködmön,USSR-grúz,USSR-örmény
RADÓ Sándor: Dóra jelenti,USSR-grúz,USSR-örmény
MOLNÁR Ferenc: A Pál utcai fiúk,USSR-grúz,USSR-örmény
PETŐFI Sándor: János vitéz,USSR-grúz,USSR-üzbég
MÓRA Ferenc: Kincskereső kisködmön,USSR-grúz,USSR-üzbég
BERKESI András: A 13. ügynök,USSR-grúz,USSR-üzbég
PETŐFI Sándor: Források:,USSR-grúz,Vietnam
PETŐFI Sándor: Források:,USSR-grúz,Yugoslavia
JÓKAI Mór: Az arany ember,USSR-grúz,Yugoslavia
ADY Endre: Források:,USSR-grúz,Yugoslavia
MIKSZÁTH Kálmán: Szent Péter esernyője,USSR-grúz,Yugoslavia
MOLNÁR Ferenc: A Pál utcai fiúk,USSR-grúz,Yugoslavia
DÉRY Tibor: Kedves Bópeer...!,USSR-grúz,Yugoslavia
ÖRKÉNY István: Rózsakiállítás,USSR-grúz,Yugoslavia
MIKSZÁTH Kálmán: Beszterce ostroma,USSR-grúz,Yugoslavia
JÓKAI Mór: Fekete gyémántok,USSR-grúz,Yugoslavia
ZALKA Máté: Források:,USSR-kazah,USSR-kirgiz
PETŐFI Sándor: Források:,USSR-kazah,USSR-kirgiz
TATAY Sándor: Puskák és galambok,USSR-kazah,USSR-kirgiz
PETŐFI Sándor: Források:,USSR-kazah,USSR-lett
MIKSZÁTH Kálmán: Különös házasság,USSR-kazah,USSR-lett
RADÓ Sándor: Dóra jelenti,USSR-kazah,USSR-lett
MIKSZÁTH Kálmán: Szent Péter esernyője,USSR-kazah,USSR-lett
ZALKA Máté: Források:,USSR-kazah,USSR-litván
PETŐFI Sándor: Források:,USSR-kazah,USSR-litván
MIKSZÁTH Kálmán: Különös házasság,USSR-kazah,USSR-litván
RADÓ Sándor: Dóra jelenti,USSR-kazah,USSR-litván
TATAY Sándor: Puskák és galambok,USSR-kazah,USSR-litván
ZALKA Máté: Források:,USSR-kazah,USSR-moldva
PETŐFI Sándor: Források:,USSR-kazah,USSR-moldva
NAGY Sándor: Megbékélés,USSR-kazah,USSR-moldva
RADÓ Sándor: Dóra jelenti,USSR-kazah,USSR-moldva
ZALKA Máté: Források:,USSR-kazah,USSR-orosz
PETŐFI Sándor: Források:,USSR-kazah,USSR-orosz
ACZÉL Tamás: A szabadság árnyékában,USSR-kazah,USSR-orosz
MIKSZÁTH Kálmán: Különös házasság,USSR-kazah,USSR-orosz
NAGY Sándor: Megbékélés,USSR-kazah,USSR-orosz
HIDAS Antal: Márton és barátai,USSR-kazah,USSR-orosz
TATAY Sándor: Puskák és galambok,USSR-kazah,USSR-orosz
VERES Péter: Rossz asszony,USSR-kazah,USSR-orosz
MIKSZÁTH Kálmán: Szent Péter esernyője,USSR-kazah,USSR-orosz
PETŐFI Sándor: Források:,USSR-kazah,USSR-tadzsik
RADÓ Sándor: Dóra jelenti,USSR-kazah,USSR-tadzsik
PETŐFI Sándor: Források:,USSR-kazah,USSR-türkmén
RADÓ Sándor: Dóra jelenti,USSR-kazah,USSR-türkmén
PETŐFI Sándor: Források:,USSR-kazah,USSR-udmurt
NAGY Sándor: Megbékélés,USSR-kazah,USSR-udmurt
PETŐFI Sándor: Források:,USSR-kazah,USSR-ukrán
ACZÉL Tamás: A szabadság árnyékában,USSR-kazah,USSR-ukrán
MIKSZÁTH Kálmán: Különös házasság,USSR-kazah,USSR-ukrán
RADÓ Sándor: Dóra jelenti,USSR-kazah,USSR-ukrán
TATAY Sándor: Puskák és galambok,USSR-kazah,USSR-ukrán
MIKSZÁTH Kálmán: Szent Péter esernyője,USSR-kazah,USSR-ukrán
ZALKA Máté: Források:,USSR-kazah,USSR-észt
PETŐFI Sándor: Források:,USSR-kazah,USSR-észt
TATAY Sándor: Puskák és galambok,USSR-kazah,USSR-észt
MIKSZÁTH Kálmán: Szent Péter esernyője,USSR-kazah,USSR-észt
PETŐFI Sándor: Források:,USSR-kazah,USSR-örmény
RADÓ Sándor: Dóra jelenti,USSR-kazah,USSR-örmény
TATAY Sándor: Puskák és galambok,USSR-kazah,USSR-örmény
MIKSZÁTH Kálmán: Különös házasság,USSR-kazah,USSR-üzbég
PETŐFI Sándor: Források:,USSR-kazah,Vietnam
PETŐFI Sándor: Források:,USSR-kazah,Yugoslavia
MIKSZÁTH Kálmán: Különös házasság,USSR-kazah,Yugoslavia
MIKSZÁTH Kálmán: Szent Péter esernyője,USSR-kazah,Yugoslavia
PETŐFI Sándor: Források:,USSR-kirgiz,USSR-lett
ZALKA Máté: Források:,USSR-kirgiz,USSR-litván
PETŐFI Sándor: Források:,USSR-kirgiz,USSR-litván
TATAY Sándor: Puskák és galambok,USSR-kirgiz,USSR-litván
FEHÉR Klára: Lesz nekem egy szigetem,USSR-kirgiz,USSR-litván
ZALKA Máté: Források:,USSR-kirgiz,USSR-moldva
PETŐFI Sándor: Források:,USSR-kirgiz,USSR-moldva
ZALKA Máté: Források:,USSR-kirgiz,USSR-orosz
PETŐFI Sándor: Források:,USSR-kirgiz,USSR-orosz
TATAY Sándor: Puskák és galambok,USSR-kirgiz,USSR-orosz
PETŐFI Sándor: Források:,USSR-kirgiz,USSR-tadzsik
PETŐFI Sándor: Források:,USSR-kirgiz,USSR-türkmén
PETŐFI Sándor: Források:,USSR-kirgiz,USSR-udmurt
PETŐFI Sándor: Források:,USSR-kirgiz,USSR-ukrán
TATAY Sándor: Puskák és galambok,USSR-kirgiz,USSR-ukrán
ZALKA Máté: Források:,USSR-kirgiz,USSR-észt
PETŐFI Sándor: Források:,USSR-kirgiz,USSR-észt
TATAY Sándor: Puskák és galambok,USSR-kirgiz,USSR-észt
ÖRKÉNY István: Tóték,USSR-kirgiz,USSR-észt
PETŐFI Sándor: Források:,USSR-kirgiz,USSR-örmény
TATAY Sándor: Puskák és galambok,USSR-kirgiz,USSR-örmény
PETŐFI Sándor: Források:,USSR-kirgiz,Vietnam
PETŐFI Sándor: Források:,USSR-kirgiz,Yugoslavia
MIKSZÁTH Kálmán: Különös házasság,USSR-lett,USSR-litván
MOLNÁR Géza: Márta,USSR-lett,USSR-litván
SZABÓ Magda: Mondják meg Zsófikának,USSR-lett,USSR-litván
ILLÉS Béla: Kárpáti rapszódia,USSR-lett,USSR-litván
PETŐFI Sándor: Források:,USSR-lett,USSR-litván
JÓKAI Mór: A kőszívű ember fiai,USSR-lett,USSR-litván
NÉMETH László: Gyász,USSR-lett,USSR-litván
RADÓ Sándor: Dóra jelenti,USSR-lett,USSR-litván
BERKESI András: Sellő a pecsétgyűrűn,USSR-lett,USSR-litván
FEJES Endre: Rozsdatemető,USSR-lett,USSR-litván
FÖLDEÁK János: Apák lánya,USSR-lett,USSR-litván
GERGELY Márta: Szöszi,USSR-lett,USSR-moldva
PETŐFI Sándor: Források:,USSR-lett,USSR-moldva
RADÓ Sándor: Dóra jelenti,USSR-lett,USSR-moldva
ACZÉL Tamás: Vihar és napsütés,USSR-lett,USSR-orosz
MIKSZÁTH Kálmán: Különös házasság,USSR-lett,USSR-orosz
MOLNÁR Géza: Márta,USSR-lett,USSR-orosz
SZABÓ Magda: Mondják meg Zsófikának,USSR-lett,USSR-orosz
GERGELY Márta: Szöszi,USSR-lett,USSR-orosz
THURY Zsuzsa: A francia kislány,USSR-lett,USSR-orosz
FEKETE Gyula: Az orvos halála,USSR-lett,USSR-orosz
ILLÉS Béla: Kárpáti rapszódia,USSR-lett,USSR-orosz
JÓZSEF Attila: Források:,USSR-lett,USSR-orosz
SOMOGYI TÓTH Sándor: Gyerektükör,USSR-lett,USSR-orosz
PETŐFI Sándor: Források:,USSR-lett,USSR-orosz
JÓKAI Mór: A kőszívű ember fiai,USSR-lett,USSR-orosz
NÉMETH László: Gyász,USSR-lett,USSR-orosz
ZÁGONI Ferenc: Kitérő,USSR-lett,USSR-orosz
RADNÓTI Miklós: Források:,USSR-lett,USSR-orosz
BERKESI András: Sellő a pecsétgyűrűn,USSR-lett,USSR-orosz
FEKETE István: Tüskevár,USSR-lett,USSR-orosz
FEJES Endre: Rozsdatemető,USSR-lett,USSR-orosz
ILLYÉS Gyula: Petőfi,USSR-lett,USSR-orosz
ZALKA Máté: Doberdo,USSR-lett,USSR-orosz
FÖLDEÁK János: Apák lánya,USSR-lett,USSR-orosz
MIKSZÁTH Kálmán: Szent Péter esernyője,USSR-lett,USSR-orosz
PETŐFI Sándor: Források:,USSR-lett,USSR-tadzsik
RADÓ Sándor: Dóra jelenti,USSR-lett,USSR-tadzsik
PETŐFI Sándor: Források:,USSR-lett,USSR-türkmén
RADÓ Sándor: Dóra jelenti,USSR-lett,USSR-türkmén
PETŐFI Sándor: Források:,USSR-lett,USSR-udmurt
ACZÉL Tamás: Vihar és napsütés,USSR-lett,USSR-ukrán
MIKSZÁTH Kálmán: Különös házasság,USSR-lett,USSR-ukrán
ILLÉS Béla: Kárpáti rapszódia,USSR-lett,USSR-ukrán
JÓZSEF Attila: Források:,USSR-lett,USSR-ukrán
SOMOGYI TÓTH Sándor: Gyerektükör,USSR-lett,USSR-ukrán
PETŐFI Sándor: Források:,USSR-lett,USSR-ukrán
JÓKAI Mór: A kőszívű ember fiai,USSR-lett,USSR-ukrán
RADÓ Sándor: Dóra jelenti,USSR-lett,USSR-ukrán
ZALKA Máté: Doberdo,USSR-lett,USSR-ukrán
MIKSZÁTH Kálmán: Szent Péter esernyője,USSR-lett,USSR-ukrán
MOLNÁR Géza: Márta,USSR-lett,USSR-észt
PETŐFI Sándor: Források:,USSR-lett,USSR-észt
FEJES Endre: Rozsdatemető,USSR-lett,USSR-észt
MIKSZÁTH Kálmán: Szent Péter esernyője,USSR-lett,USSR-észt
MOLNÁR Géza: Márta,USSR-lett,USSR-örmény
GERGELY Márta: Szöszi,USSR-lett,USSR-örmény
SOMOGYI TÓTH Sándor: Gyerektükör,USSR-lett,USSR-örmény
PETŐFI Sándor: Források:,USSR-lett,USSR-örmény
RADÓ Sándor: Dóra jelenti,USSR-lett,USSR-örmény
BERKESI András: Sellő a pecsétgyűrűn,USSR-lett,USSR-örmény
MIKSZÁTH Kálmán: Különös házasság,USSR-lett,USSR-üzbég
ILLÉS Béla: Kárpáti rapszódia,USSR-lett,USSR-üzbég
NÉMETH László: Gyász,USSR-lett,USSR-üzbég
JÓZSEF Attila: Források:,USSR-lett,Vietnam
PETŐFI Sándor: Források:,USSR-lett,Vietnam
MIKSZÁTH Kálmán: Különös házasság,USSR-lett,Yugoslavia
ILLÉS Béla: Kárpáti rapszódia,USSR-lett,Yugoslavia
JÓZSEF Attila: Források:,USSR-lett,Yugoslavia
PETŐFI Sándor: Források:,USSR-lett,Yugoslavia
NÉMETH László: Gyász,USSR-lett,Yugoslavia
RADNÓTI Miklós: Források:,USSR-lett,Yugoslavia
FEJES Endre: Rozsdatemető,USSR-lett,Yugoslavia
ILLYÉS Gyula: Petőfi,USSR-lett,Yugoslavia
MIKSZÁTH Kálmán: Szent Péter esernyője,USSR-lett,Yugoslavia
PETŐFI Sándor: Források:,USSR-litván,USSR-moldva
ZALKA Máté: Források:,USSR-litván,USSR-moldva
MOLNÁR Ferenc: A Pál utcai fiúk,USSR-litván,USSR-moldva
RADÓ Sándor: Dóra jelenti,USSR-litván,USSR-moldva
PETŐFI Sándor: Források:,USSR-litván,USSR-orosz
MÓRICZ Zsigmond: Rokonok,USSR-litván,USSR-orosz
ZALKA Máté: Források:,USSR-litván,USSR-orosz
ILLÉS Béla: Kárpáti rapszódia,USSR-litván,USSR-orosz
JÓKAI Mór: Fekete gyémántok,USSR-litván,USSR-orosz
JÓKAI Mór: Sárga rózsa,USSR-litván,USSR-orosz
GÁRDONYI Géza: Egri csillagok,USSR-litván,USSR-orosz
KŐSZEGI Imre: Szívet cserélni,USSR-litván,USSR-orosz
MOLNÁR Ferenc: A Pál utcai fiúk,USSR-litván,USSR-orosz
MOLNÁR Géza: Márta,USSR-litván,USSR-orosz
SZABÓ Magda: Álarcosbál,USSR-litván,USSR-orosz
SZABÓ Magda: Mondják meg Zsófikának,USSR-litván,USSR-orosz
TATAY Sándor: Puskák és galambok,USSR-litván,USSR-orosz
JÓKAI Mór: A kőszívű ember fiai,USSR-litván,USSR-orosz
JÓKAI Mór: Az arany ember,USSR-litván,USSR-orosz
MÓRA Ferenc: Kincskereső kisködmön,USSR-litván,USSR-orosz
GÁL György Sándor: Liszt Ferenc életének regénye,USSR-litván,USSR-orosz
GÁBOR Andor: Doktor Senki,USSR-litván,USSR-orosz
MIKSZÁTH Kálmán: Különös házasság,USSR-litván,USSR-orosz
FEJES Endre: Rozsdatemető,USSR-litván,USSR-orosz
JÓKAI Mór: Egy magyar nábob,USSR-litván,USSR-orosz
BERKESI András: Sellő a pecsétgyűrűn,USSR-litván,USSR-orosz
FÖLDEÁK János: Apák lánya,USSR-litván,USSR-orosz
HOLLÓS KORVIN Lajos: A vörös torony kincse,USSR-litván,USSR-orosz
DÉRY Tibor: Források:,USSR-litván,USSR-orosz
NÉMETH László: Gyász,USSR-litván,USSR-orosz
PETŐFI Sándor: Források:,USSR-litván,USSR-tadzsik
JÓKAI Mór: Sárga rózsa,USSR-litván,USSR-tadzsik
RADÓ Sándor: Dóra jelenti,USSR-litván,USSR-tadzsik
PETŐFI Sándor: Források:,USSR-litván,USSR-türkmén
JÓKAI Mór: Sárga rózsa,USSR-litván,USSR-türkmén
RADÓ Sándor: Dóra jelenti,USSR-litván,USSR-türkmén
PETŐFI Sándor: Források:,USSR-litván,USSR-udmurt
PETŐFI Sándor: Források:,USSR-litván,USSR-ukrán
ILLÉS Béla: Kárpáti rapszódia,USSR-litván,USSR-ukrán
JÓKAI Mór: Sárga rózsa,USSR-litván,USSR-ukrán
GÁRDONYI Géza: Egri csillagok,USSR-litván,USSR-ukrán
KŐSZEGI Imre: Szívet cserélni,USSR-litván,USSR-ukrán
MOLNÁR Ferenc: A Pál utcai fiúk,USSR-litván,USSR-ukrán
TATAY Sándor: Puskák és galambok,USSR-litván,USSR-ukrán
JÓKAI Mór: A kőszívű ember fiai,USSR-litván,USSR-ukrán
RADÓ Sándor: Dóra jelenti,USSR-litván,USSR-ukrán
MIKSZÁTH Kálmán: Különös házasság,USSR-litván,USSR-ukrán
PETŐFI Sándor: Források:,USSR-litván,USSR-észt
ZALKA Máté: Források:,USSR-litván,USSR-észt
GÁRDONYI Géza: Egri csillagok,USSR-litván,USSR-észt
KŐSZEGI Imre: Szívet cserélni,USSR-litván,USSR-észt
MOLNÁR Ferenc: A Pál utcai fiúk,USSR-litván,USSR-észt
MOLNÁR Géza: Márta,USSR-litván,USSR-észt
TATAY Sándor: Puskák és galambok,USSR-litván,USSR-észt
JÓKAI Mór: Az arany ember,USSR-litván,USSR-észt
MÓRA Ferenc: Kincskereső kisködmön,USSR-litván,USSR-észt
FEJES Endre: Rozsdatemető,USSR-litván,USSR-észt
PETŐFI Sándor: Források:,USSR-litván,USSR-örmény
MOLNÁR Ferenc: A Pál utcai fiúk,USSR-litván,USSR-örmény
MOLNÁR Géza: Márta,USSR-litván,USSR-örmény
TATAY Sándor: Puskák és galambok,USSR-litván,USSR-örmény
JÓKAI Mór: Az arany ember,USSR-litván,USSR-örmény
RADÓ Sándor: Dóra jelenti,USSR-litván,USSR-örmény
MÓRA Ferenc: Kincskereső kisködmön,USSR-litván,USSR-örmény
BERKESI András: Sellő a pecsétgyűrűn,USSR-litván,USSR-örmény
ILLÉS Béla: Kárpáti rapszódia,USSR-litván,USSR-üzbég
MÓRA Ferenc: Kincskereső kisködmön,USSR-litván,USSR-üzbég
MIKSZÁTH Kálmán: Különös házasság,USSR-litván,USSR-üzbég
NÉMETH László: Gyász,USSR-litván,USSR-üzbég
PETŐFI Sándor: Források:,USSR-litván,Vietnam
MÓRICZ Zsigmond: Rokonok,USSR-litván,Vietnam
GÁRDONYI Géza: Egri csillagok,USSR-litván,Vietnam
PETŐFI Sándor: Források:,USSR-litván,Yugoslavia
ILLÉS Béla: Kárpáti rapszódia,USSR-litván,Yugoslavia
JÓKAI Mór: Fekete gyémántok,USSR-litván,Yugoslavia
GÁRDONYI Géza: Egri csillagok,USSR-litván,Yugoslavia
MOLNÁR Ferenc: A Pál utcai fiúk,USSR-litván,Yugoslavia
SZABÓ Magda: Álarcosbál,USSR-litván,Yugoslavia
JÓKAI Mór: Az arany ember,USSR-litván,Yugoslavia
MIKSZÁTH Kálmán: Különös házasság,USSR-litván,Yugoslavia
FÜST Milán: A feleségem története,USSR-litván,Yugoslavia
FEJES Endre: Rozsdatemető,USSR-litván,Yugoslavia
JUHÁSZ Ferenc: Források:,USSR-litván,Yugoslavia
JÓKAI Mór: Egy magyar nábob,USSR-litván,Yugoslavia
DÉRY Tibor: Források:,USSR-litván,Yugoslavia
NÉMETH László: Gyász,USSR-litván,Yugoslavia
PETŐFI Sándor: Források:,USSR-moldva,USSR-orosz
MOLNÁR Ferenc: A Pál utcai fiúk,USSR-moldva,USSR-orosz
ZALKA Máté: Források:,USSR-moldva,USSR-orosz
NAGY Sándor: Megbékélés,USSR-moldva,USSR-orosz
GERGELY Márta: Szöszi,USSR-moldva,USSR-orosz
NAGY Lajos: Források:,USSR-moldva,USSR-orosz
DÉRY Tibor: Kedves Bópeer...!,USSR-moldva,USSR-orosz
SZABÓ Magda: Születésnap,USSR-moldva,USSR-orosz
PETŐFI Sándor: Források:,USSR-moldva,USSR-tadzsik
RADÓ Sándor: Dóra jelenti,USSR-moldva,USSR-tadzsik
PETŐFI Sándor: Források:,USSR-moldva,USSR-türkmén
RADÓ Sándor: Dóra jelenti,USSR-moldva,USSR-türkmén
SÁNTA Ferenc: Az ötödik pecsét,USSR-moldva,USSR-türkmén
PETŐFI Sándor: Források:,USSR-moldva,USSR-udmurt
NAGY Sándor: Megbékélés,USSR-moldva,USSR-udmurt
PETŐFI Sándor: Források:,USSR-moldva,USSR-ukrán
MOLNÁR Ferenc: A Pál utcai fiúk,USSR-moldva,USSR-ukrán
RADÓ Sándor: Dóra jelenti,USSR-moldva,USSR-ukrán
SZABÓ Magda: Születésnap,USSR-moldva,USSR-ukrán
PETŐFI Sándor: Források:,USSR-moldva,USSR-észt
MOLNÁR Ferenc: A Pál utcai fiúk,USSR-moldva,USSR-észt
ZALKA Máté: Források:,USSR-moldva,USSR-észt
DÉRY Tibor: Kedves Bópeer...!,USSR-moldva,USSR-észt
PETŐFI Sándor: Források:,USSR-moldva,USSR-örmény
MOLNÁR Ferenc: A Pál utcai fiúk,USSR-moldva,USSR-örmény
GERGELY Márta: Szöszi,USSR-moldva,USSR-örmény
RADÓ Sándor: Dóra jelenti,USSR-moldva,USSR-örmény
SÁNTA Ferenc: Az ötödik pecsét,USSR-moldva,USSR-örmény
PETŐFI Sándor: Források:,USSR-moldva,Vietnam
PETŐFI Sándor: Források:,USSR-moldva,Yugoslavia
MOLNÁR Ferenc: A Pál utcai fiúk,USSR-moldva,Yugoslavia
DÉRY Tibor: Kedves Bópeer...!,USSR-moldva,Yugoslavia
SZABÓ Magda: Születésnap,USSR-moldva,Yugoslavia
JÓKAI Mór: Sárga rózsa,USSR-orosz,USSR-tadzsik
PETŐFI Sándor: Források:,USSR-orosz,USSR-tadzsik
MÓRA Ferenc: Források:,USSR-orosz,USSR-tadzsik
JÓKAI Mór: Sárga rózsa,USSR-orosz,USSR-türkmén
PETŐFI Sándor: Források:,USSR-orosz,USSR-türkmén
NAGY Sándor: Megbékélés,USSR-orosz,USSR-udmurt
PETŐFI Sándor: Források:,USSR-orosz,USSR-udmurt
ACZÉL Tamás: A szabadság árnyékában,USSR-orosz,USSR-ukrán
ACZÉL Tamás: Vihar és napsütés,USSR-orosz,USSR-ukrán
GÁRDONYI Géza: Egri csillagok,USSR-orosz,USSR-ukrán
HIDAS Antal: Ficzek úr,USSR-orosz,USSR-ukrán
JÓKAI Mór: Sárga rózsa,USSR-orosz,USSR-ukrán
KARINTHY Ferenc: Kőművesek,USSR-orosz,USSR-ukrán
MIKSZÁTH Kálmán: Különös házasság,USSR-orosz,USSR-ukrán
MÓRICZ Zsigmond: Források:,USSR-orosz,USSR-ukrán
PETŐFI Sándor: Források:,USSR-orosz,USSR-ukrán
PETŐFI Sándor: János vitéz,USSR-orosz,USSR-ukrán
ADY Endre: Források:,USSR-orosz,USSR-ukrán
ILLÉS Béla: Kárpáti rapszódia,USSR-orosz,USSR-ukrán
JÓZSEF Attila: Források:,USSR-orosz,USSR-ukrán
MOLNÁR Ferenc: A Pál utcai fiúk,USSR-orosz,USSR-ukrán
JÓKAI Mór: A kőszívű ember fiai,USSR-orosz,USSR-ukrán
HIDAS Antal: Források:,USSR-orosz,USSR-ukrán
BERKESI András: Októberi vihar,USSR-orosz,USSR-ukrán
BERKESI András: Vihar után,USSR-orosz,USSR-ukrán
BALLA László: Források:,USSR-orosz,USSR-ukrán
MÓRA Ferenc: Források:,USSR-orosz,USSR-ukrán
KARINTHY Frigyes: Tanár úr kérem,USSR-orosz,USSR-ukrán
KŐSZEGI Imre: Szívet cserélni,USSR-orosz,USSR-ukrán
TATAY Sándor: Puskák és galambok,USSR-orosz,USSR-ukrán
BERKESI András−KARDOS György: Kopjások,USSR-orosz,USSR-ukrán
MADÁCH Imre: Az ember tragédiája,USSR-orosz,USSR-ukrán
SÁNTA Ferenc: Húsz óra,USSR-orosz,USSR-ukrán
DARVAS József: Részeg eső,USSR-orosz,USSR-ukrán
SZABÓ Magda: Születésnap,USSR-orosz,USSR-ukrán
HÁRS László: Majd a gyerekek!,USSR-orosz,USSR-ukrán
BALLA László: Meddőfelhők. Regény,USSR-orosz,USSR-ukrán
BERTHA Bulcsu: A kenguru,USSR-orosz,USSR-ukrán
SZABÓ Magda: Régimódi történet,USSR-orosz,USSR-ukrán
DOBOZY Imre: Hatalom nélkül,USSR-orosz,USSR-ukrán
SOMOGYI TÓTH Sándor: Gyerektükör,USSR-orosz,USSR-ukrán
MESTERHÁZI Lajos: A Prométheusz-rejtély,USSR-orosz,USSR-ukrán
"PETROVÁCZ István: 13 fő, egy kutya és egy igazgató",USSR-orosz,USSR-ukrán
ZALKA Máté: Doberdo,USSR-orosz,USSR-ukrán
MIKSZÁTH Kálmán: Szent Péter esernyője,USSR-orosz,USSR-ukrán
GÁRDONYI Géza: Egri csillagok,USSR-orosz,USSR-észt
MÓRICZ Zsigmond: Források:,USSR-orosz,USSR-észt
PETŐFI Sándor: Források:,USSR-orosz,USSR-észt
ZALKA Máté: Források:,USSR-orosz,USSR-észt
MOLNÁR Ferenc: A Pál utcai fiúk,USSR-orosz,USSR-észt
MESTERHÁZI Lajos: Pár lépés a határ,USSR-orosz,USSR-észt
MOLNÁR Géza: Márta,USSR-orosz,USSR-észt
KARINTHY Frigyes: Tanár úr kérem,USSR-orosz,USSR-észt
KŐSZEGI Imre: Szívet cserélni,USSR-orosz,USSR-észt
TATAY Sándor: Puskák és galambok,USSR-orosz,USSR-észt
JÓKAI Mór: Az arany ember,USSR-orosz,USSR-észt
MÓRA Ferenc: Kincskereső kisködmön,USSR-orosz,USSR-észt
ÖRKÉNY István: Macskajáték,USSR-orosz,USSR-észt
FEJES Endre: Rozsdatemető,USSR-orosz,USSR-észt
DÉRY Tibor: Kedves Bópeer...!,USSR-orosz,USSR-észt
MIKSZÁTH Kálmán: Szent Péter esernyője,USSR-orosz,USSR-észt
PETŐFI Sándor: Források:,USSR-orosz,USSR-örmény
MOLNÁR Ferenc: A Pál utcai fiúk,USSR-orosz,USSR-örmény
GERGELY Márta: Szöszi,USSR-orosz,USSR-örmény
MOLNÁR Géza: Márta,USSR-orosz,USSR-örmény
MÓRA Ferenc: Források:,USSR-orosz,USSR-örmény
TATAY Sándor: Puskák és galambok,USSR-orosz,USSR-örmény
MÓRICZ Zsigmond: Forró mezők,USSR-orosz,USSR-örmény
JÓKAI Mór: Az arany ember,USSR-orosz,USSR-örmény
BERKESI András: Sellő a pecsétgyűrűn,USSR-orosz,USSR-örmény
HÁRS László: Majd a gyerekek!,USSR-orosz,USSR-örmény
MÓRA Ferenc: Kincskereső kisködmön,USSR-orosz,USSR-örmény
KOSZTOLÁNYI Dezső: A véres költő (Nero),USSR-orosz,USSR-örmény
SOMOGYI TÓTH Sándor: Gyerektükör,USSR-orosz,USSR-örmény
MIKSZÁTH Kálmán: Különös házasság,USSR-orosz,USSR-üzbég
PETŐFI Sándor: János vitéz,USSR-orosz,USSR-üzbég
ILLÉS Béla: Kárpáti rapszódia,USSR-orosz,USSR-üzbég
NÉMETH László: Gyász,USSR-orosz,USSR-üzbég
MÓRA Ferenc: Kincskereső kisködmön,USSR-orosz,USSR-üzbég
GÁRDONYI Géza: Egri csillagok,USSR-orosz,Vietnam
MÓRICZ Zsigmond: Rokonok,USSR-orosz,Vietnam
PETŐFI Sándor: Források:,USSR-orosz,Vietnam
JÓZSEF Attila: Források:,USSR-orosz,Vietnam
KOSZTOLÁNYI Dezső: A véres költő (Nero),USSR-orosz,Vietnam
GÁRDONYI Géza: Egri csillagok,USSR-orosz,Yugoslavia
MIKSZÁTH Kálmán: Különös házasság,USSR-orosz,Yugoslavia
PETŐFI Sándor: Források:,USSR-orosz,Yugoslavia
ADY Endre: Források:,USSR-orosz,Yugoslavia
ILLÉS Béla: Kárpáti rapszódia,USSR-orosz,Yugoslavia
JÓZSEF Attila: Források:,USSR-orosz,Yugoslavia
MIKSZÁTH Kálmán: Beszterce ostroma,USSR-orosz,Yugoslavia
MOLNÁR Ferenc: A Pál utcai fiúk,USSR-orosz,Yugoslavia
MÓRICZ Zsigmond: Légy jó mindhalálig,USSR-orosz,Yugoslavia
MÓRICZ Zsigmond: Úri muri,USSR-orosz,Yugoslavia
KARINTHY Frigyes: Tanár úr kérem,USSR-orosz,Yugoslavia
SZABÓ Magda: Álarcosbál,USSR-orosz,Yugoslavia
JÓKAI Mór: Az arany ember,USSR-orosz,Yugoslavia
DARVAS József: Részeg eső,USSR-orosz,Yugoslavia
RADNÓTI Miklós: Források:,USSR-orosz,Yugoslavia
ILLYÉS Gyula: Források:,USSR-orosz,Yugoslavia
JÓKAI Mór: Fekete gyémántok,USSR-orosz,Yugoslavia
NÉMETH László: Gyász,USSR-orosz,Yugoslavia
ILLYÉS Gyula: Petőfi,USSR-orosz,Yugoslavia
SZABÓ Magda: Születésnap,USSR-orosz,Yugoslavia
NÉMETH László: Égető Eszter,USSR-orosz,Yugoslavia
JÓKAI Mór: Egy magyar nábob,USSR-orosz,Yugoslavia
SZABÓ Magda: Régimódi történet,USSR-orosz,Yugoslavia
FEJES Endre: Rozsdatemető,USSR-orosz,Yugoslavia
DÉRY Tibor: Kedves Bópeer...!,USSR-orosz,Yugoslavia
DÉRY Tibor: Források:,USSR-orosz,Yugoslavia
OTTLIK Géza: Iskola a határon,USSR-orosz,Yugoslavia
ÖRKÉNY István: Egyperces novellák,USSR-orosz,Yugoslavia
CSERES Tibor: Hideg napok,USSR-orosz,Yugoslavia
WEÖRES Sándor: Források:,USSR-orosz,Yugoslavia
MIKSZÁTH Kálmán: Szent Péter esernyője,USSR-orosz,Yugoslavia
PETŐFI Sándor: Források:,USSR-tadzsik,USSR-türkmén
JÓKAI Mór: Sárga rózsa,USSR-tadzsik,USSR-türkmén
RADÓ Sándor: Dóra jelenti,USSR-tadzsik,USSR-türkmén
PETŐFI Sándor: Források:,USSR-tadzsik,USSR-udmurt
MÓRA Ferenc: Források:,USSR-tadzsik,USSR-ukrán
PETŐFI Sándor: Források:,USSR-tadzsik,USSR-ukrán
JÓKAI Mór: Sárga rózsa,USSR-tadzsik,USSR-ukrán
RADÓ Sándor: Dóra jelenti,USSR-tadzsik,USSR-ukrán
PETŐFI Sándor: Források:,USSR-tadzsik,USSR-észt
SARKADI Imre: A gyáva,USSR-tadzsik,USSR-észt
MÓRA Ferenc: Források:,USSR-tadzsik,USSR-örmény
PETŐFI Sándor: Források:,USSR-tadzsik,USSR-örmény
RADÓ Sándor: Dóra jelenti,USSR-tadzsik,USSR-örmény
PETŐFI Sándor: Források:,USSR-tadzsik,Vietnam
PETŐFI Sándor: Források:,USSR-tadzsik,Yugoslavia
PETŐFI Sándor: Források:,USSR-türkmén,USSR-udmurt
PETŐFI Sándor: Források:,USSR-türkmén,USSR-ukrán
JÓKAI Mór: Sárga rózsa,USSR-türkmén,USSR-ukrán
RADÓ Sándor: Dóra jelenti,USSR-türkmén,USSR-ukrán
PETŐFI Sándor: Források:,USSR-türkmén,USSR-észt
PETŐFI Sándor: Források:,USSR-türkmén,USSR-örmény
RADÓ Sándor: Dóra jelenti,USSR-türkmén,USSR-örmény
SÁNTA Ferenc: Az ötödik pecsét,USSR-türkmén,USSR-örmény
PETŐFI Sándor: Források:,USSR-türkmén,Vietnam
PETŐFI Sándor: Források:,USSR-türkmén,Yugoslavia
KARINTHY Ferenc: Budapesti tavasz,USSR-türkmén,Yugoslavia
PETŐFI Sándor: Források:,USSR-udmurt,USSR-ukrán
PETŐFI Sándor: Források:,USSR-udmurt,USSR-észt
PETŐFI Sándor: Források:,USSR-udmurt,USSR-örmény
PETŐFI Sándor: Források:,USSR-udmurt,Vietnam
PETŐFI Sándor: Források:,USSR-udmurt,Yugoslavia
PETŐFI Sándor: Források:,USSR-ukrán,USSR-észt
MÓRICZ Zsigmond: Források:,USSR-ukrán,USSR-észt
TATAY Sándor: Puskák és galambok,USSR-ukrán,USSR-észt
KŐSZEGI Imre: Szívet cserélni,USSR-ukrán,USSR-észt
MOLNÁR Ferenc: A Pál utcai fiúk,USSR-ukrán,USSR-észt
KARINTHY Frigyes: Tanár úr kérem,USSR-ukrán,USSR-észt
MIKSZÁTH Kálmán: Szent Péter esernyője,USSR-ukrán,USSR-észt
GÁRDONYI Géza: Egri csillagok,USSR-ukrán,USSR-észt
PETŐFI Sándor: Források:,USSR-ukrán,USSR-örmény
TATAY Sándor: Puskák és galambok,USSR-ukrán,USSR-örmény
MOLNÁR Ferenc: A Pál utcai fiúk,USSR-ukrán,USSR-örmény
MÓRA Ferenc: Források:,USSR-ukrán,USSR-örmény
RADÓ Sándor: Dóra jelenti,USSR-ukrán,USSR-örmény
SOMOGYI TÓTH Sándor: Gyerektükör,USSR-ukrán,USSR-örmény
HÁRS László: Majd a gyerekek!,USSR-ukrán,USSR-örmény
MIKSZÁTH Kálmán: Különös házasság,USSR-ukrán,USSR-üzbég
ILLÉS Béla: Kárpáti rapszódia,USSR-ukrán,USSR-üzbég
PETŐFI Sándor: János vitéz,USSR-ukrán,USSR-üzbég
BERKESI András: A 13. ügynök,USSR-ukrán,USSR-üzbég
PETŐFI Sándor: Források:,USSR-ukrán,Vietnam
JÓZSEF Attila: Források:,USSR-ukrán,Vietnam
GÁRDONYI Géza: Egri csillagok,USSR-ukrán,Vietnam
MIKSZÁTH Kálmán: Különös házasság,USSR-ukrán,Yugoslavia
PETŐFI Sándor: Források:,USSR-ukrán,Yugoslavia
ILLYÉS Gyula: Puszták népe,USSR-ukrán,Yugoslavia
MOLNÁR Ferenc: A Pál utcai fiúk,USSR-ukrán,Yugoslavia
SZABÓ Magda: Születésnap,USSR-ukrán,Yugoslavia
ILLÉS Béla: Kárpáti rapszódia,USSR-ukrán,Yugoslavia
KARINTHY Frigyes: Tanár úr kérem,USSR-ukrán,Yugoslavia
SZABÓ Magda: Freskó,USSR-ukrán,Yugoslavia
ADY Endre: Források:,USSR-ukrán,Yugoslavia
MIKSZÁTH Kálmán: Szent Péter esernyője,USSR-ukrán,Yugoslavia
SZABÓ Magda: Régimódi történet,USSR-ukrán,Yugoslavia
JÓZSEF Attila: Források:,USSR-ukrán,Yugoslavia
GÁRDONYI Géza: Egri csillagok,USSR-ukrán,Yugoslavia
NÉMETH László: Bűn,USSR-ukrán,Yugoslavia
DARVAS József: Részeg eső,USSR-ukrán,Yugoslavia
PETŐFI Sándor: Források:,USSR-észt,USSR-örmény
MOLNÁR Ferenc: A Pál utcai fiúk,USSR-észt,USSR-örmény
MOLNÁR Géza: Márta,USSR-észt,USSR-örmény
TATAY Sándor: Puskák és galambok,USSR-észt,USSR-örmény
MÓRA Ferenc: Kincskereső kisködmön,USSR-észt,USSR-örmény
JÓKAI Mór: Az arany ember,USSR-észt,USSR-örmény
MÓRA Ferenc: Kincskereső kisködmön,USSR-észt,USSR-üzbég
Zalka Máté: János a katona*,USSR-észt,USSR-üzbég
SZABÓ Magda: Katalin utca,USSR-észt,Venezuela
PETŐFI Sándor: Források:,USSR-észt,Vietnam
GÁRDONYI Géza: Egri csillagok,USSR-észt,Vietnam
PETŐFI Sándor: Források:,USSR-észt,Yugoslavia
GÁRDONYI Géza: Egri csillagok,USSR-észt,Yugoslavia
KARINTHY Frigyes: Tanár úr kérem,USSR-észt,Yugoslavia
FEJES Endre: Rozsdatemető,USSR-észt,Yugoslavia
MOLNÁR Ferenc: A Pál utcai fiúk,USSR-észt,Yugoslavia
MIKSZÁTH Kálmán: Szent Péter esernyője,USSR-észt,Yugoslavia
"SOMOGYI TÓTH Sándor: Próféta voltál, szívem",USSR-észt,Yugoslavia
DÉRY Tibor: Kedves Bópeer...!,USSR-észt,Yugoslavia
GÁRDONYI Géza: A láthatatlan ember,USSR-észt,Yugoslavia
JÓKAI Mór: Az arany ember,USSR-észt,Yugoslavia
NÉMETH László: Iszony,USSR-észt,Yugoslavia
MÓRA Ferenc: Kincskereső kisködmön,USSR-örmény,USSR-üzbég
PETŐFI Sándor: Források:,USSR-örmény,Vietnam
KOSZTOLÁNYI Dezső: A véres költő (Nero),USSR-örmény,Vietnam
PETŐFI Sándor: Források:,USSR-örmény,Yugoslavia
MOLNÁR Ferenc: A Pál utcai fiúk,USSR-örmény,Yugoslavia
JÓKAI Mór: Az arany ember,USSR-örmény,Yugoslavia
ILLÉS Béla: Kárpáti rapszódia,USSR-üzbég,Yugoslavia
MIKSZÁTH Kálmán: Különös házasság,USSR-üzbég,Yugoslavia
NÉMETH László: Gyász,USSR-üzbég,Yugoslavia
PETŐFI Sándor: Források:,Vietnam,Yugoslavia
JÓZSEF Attila: Források:,Vietnam,Yugoslavia
GÁRDONYI Géza: Egri csillagok,Vietnam,Yugoslavia
